caseId	origin	category	resolutionText	curve	pointsBits	evaluationTimeBits	expectedKind	expectedBits	expectedCategory	sampleRateBits	sampleNumberBits
c-rt-adjacent-above	curated	adjacent-grid	0.1	LINEAR	0000000000000000:0000000000000000;3ff0000000000000:3ff0000000000000	3fd0000000000001	bits	3fc999999999999a			
c-rt-adjacent-below	curated	adjacent-grid	0.1	LINEAR	0000000000000000:0000000000000000;3ff0000000000000:3ff0000000000000	3fcfffffffffffff	bits	3fc999999999999a			
c-rt-after-last	curated	after-last	0.01	LINEAR	0000000000000000:3fb999999999999a;3ff0000000000000:3fefc6a7ef9db22d	4014000000000000	bits	3fefc6a7ef9db22d			
c-rt-after-last-quantized	curated	after-last	0.1	LINEAR	0000000000000000:3fb999999999999a;3ff0000000000000:3feea57a786c2268	4014000000000000	bits	3feea57a786c2268			
c-rt-ascending	curated	ascending	0.1	LINEAR	0000000000000000:0000000000000000;3ff0000000000000:3ff0000000000000	3fdd70a3d70a3d71	bits	3fd999999999999a			
c-rt-before-first	curated	before-first	-1	LINEAR	3ff0000000000000:3fe0000000000000;4000000000000000:3ff8000000000000	3fe0000000000000	bits	0000000000000000			
c-rt-before-first-quantized	curated	before-first	0.1	LINEAR	3ff0000000000000:3fe0000000000000;4000000000000000:3ff8000000000000	3fe0000000000000	bits	0000000000000000			
c-rt-descending	curated	descending	0.1	LINEAR	0000000000000000:3ff0000000000000;3ff0000000000000:0000000000000000	3fdd70a3d70a3d71	bits	3fe3333333333333			
c-rt-direct-point	curated	direct-point	0.01	LINEAR	0000000000000000:3fc999999999999a;3ff0000000000000:3fd7df3b645a1cac;4000000000000000:3fe999999999999a	3ff0000000000000	bits	3fd7df3b645a1cac			
c-rt-direct-point-last	curated	direct-point	0.01	LINEAR	0000000000000000:3fb999999999999a;3ff0000000000000:3fe8dd2f1a9fbe77	3ff0000000000000	bits	3fe8dd2f1a9fbe77			
c-rt-duplicate-time-last	curated	duplicate-time	0.01	LINEAR	0000000000000000:3fb999999999999a;3ff0000000000000:3fc999999999999a;3ff0000000000000:3fec6a7ef9db22d1	3ff0000000000000	bits	3fec6a7ef9db22d1			
c-rt-duplicate-time-mid	curated	duplicate-time	0.01	LINEAR	0000000000000000:3fb999999999999a;4000000000000000:3fc999999999999a;4000000000000000:3fe8dd2f1a9fbe77;4008000000000000:3fd999999999999a	4000000000000000	bits	3fe8dd2f1a9fbe77			
c-rt-empty-line	curated	empty-line	-1	LINEAR		3ff0000000000000	bits	0000000000000000			
c-rt-exact-grid	curated	exact-grid	0.1	LINEAR	0000000000000000:0000000000000000;3ff0000000000000:3fe0000000000000	3fe3333333333333	bits	3fc999999999999a			
c-rt-flat	curated	flat	0.1	LINEAR	0000000000000000:3fe0000000000000;4000000000000000:3fe0000000000000	3ff0000000000000	bits	3fe0000000000000			
c-rt-infinite-time	curated	special-values	0.1	LINEAR	0000000000000000:3fb999999999999a;3ff0000000000000:3feccccccccccccd	7ff0000000000000	bits	3feccccccccccccd			
c-rt-mgr-44100	curated	manager-boundary	0.01	LINEAR	0000000000000000:0000000000000000;4000000000000000:3ff0000000000000	3fb999999999999a	bits	3fa999999999999a		40e5888000000000	40b13a0000000000
c-rt-mgr-48000	curated	manager-boundary	0.1	LINEAR	0000000000000000:0000000000000000;4000000000000000:3ff0000000000000	3fd5555555555555	bits	3fb999999999999a		40e7700000000000	40cf400000000000
c-rt-mgr-96000	curated	manager-boundary	0.1	LINEAR	0000000000000000:3ff0000000000000;4000000000000000:0000000000000000	3fd0000000000000	bits	3feccccccccccccd		40f7700000000000	40d7700000000000
c-rt-mgr-unquantized	curated	manager-boundary	-1	LINEAR	0000000000000000:0000000000000000;4008000000000000:3ff0000000000000	3fd5555555555555	bits	3fbc71c71c71c71c		40e7700000000000	40cf400000000000
c-rt-nan-point-value	curated	non-finite	-1	LINEAR	0000000000000000:7ff8000000000000;3ff0000000000000:3feccccccccccccd	3fe0000000000000	bits	7ff8000000000000			
c-rt-nan-time	curated	non-finite	0.1	LINEAR	0000000000000000:3fb999999999999a;3ff0000000000000:3feccccccccccccd	7ff8000000000000	exception		NON_FINITE_AUTOMATION_INPUT		
c-rt-near-overflow	curated	special-values	-1	LINEAR	0000000000000000:7fe1ccf385ebc8a0;3ff0000000000000:7fee42d130773b76	3fe0000000000000	bits	7fe807e25b31820b			
c-rt-negative-infinite-time	curated	non-finite	-1	LINEAR	3ff0000000000000:3fe0000000000000;4000000000000000:3ff8000000000000	fff0000000000000	bits	fff0000000000000			
c-rt-overflow-to-infinite	curated	non-finite	0.1	LINEAR	0000000000000000:7fee42d130773b76;3ff0000000000000:ffee42d130773b76	3fd0000000000000	exception		NON_FINITE_AUTOMATION_INPUT		
c-rt-resolution-1	curated	resolution-variant	1	LINEAR	0000000000000000:3fe8a3d70a3d70a4;4000000000000000:3fc0a3d70a3d70a4	3ff0000000000000	bits	3ff0000000000000			
c-rt-resolution-10	curated	resolution-variant	-0.5	LINEAR	0000000000000000:3fe8a3d70a3d70a4;4000000000000000:3fc0a3d70a3d70a4	3ff0000000000000	bits	3fdccccccccccccd			
c-rt-resolution-11	curated	resolution-variant	0.25	LINEAR	0000000000000000:3fe8a3d70a3d70a4;4000000000000000:3fc0a3d70a3d70a4	3ff0000000000000	bits	3fe0000000000000			
c-rt-resolution-12	curated	resolution-variant	0.025	LINEAR	0000000000000000:3fe8a3d70a3d70a4;4000000000000000:3fc0a3d70a3d70a4	3ff0000000000000	bits	3fdccccccccccccd			
c-rt-resolution-2	curated	resolution-variant	1E+3	LINEAR	0000000000000000:3fe8a3d70a3d70a4;4000000000000000:3fc0a3d70a3d70a4	3ff0000000000000	bits	0000000000000000			
c-rt-resolution-3	curated	resolution-variant	0.10	LINEAR	0000000000000000:3fe8a3d70a3d70a4;4000000000000000:3fc0a3d70a3d70a4	3ff0000000000000	bits	3fe0000000000000			
c-rt-resolution-4	curated	resolution-variant	1E-7	LINEAR	0000000000000000:3fe8a3d70a3d70a4;4000000000000000:3fc0a3d70a3d70a4	3ff0000000000000	bits	3fdccccccccccccd			
c-rt-resolution-5	curated	resolution-variant	1E-19	LINEAR	0000000000000000:3fe8a3d70a3d70a4;4000000000000000:3fc0a3d70a3d70a4	3ff0000000000000	bits	3fdccccccccccccd			
c-rt-resolution-6	curated	resolution-variant	1E-400	LINEAR	0000000000000000:3fe8a3d70a3d70a4;4000000000000000:3fc0a3d70a3d70a4	3ff0000000000000	bits	3fdccccccccccccd			
c-rt-resolution-7	curated	resolution-variant	0.123456789012345678901234	LINEAR	0000000000000000:3fe8a3d70a3d70a4;4000000000000000:3fc0a3d70a3d70a4	3ff0000000000000	bits	3fdf9add3746f65f			
c-rt-resolution-8	curated	resolution-variant	0.00	LINEAR	0000000000000000:3fe8a3d70a3d70a4;4000000000000000:3fc0a3d70a3d70a4	3ff0000000000000	bits	3fdccccccccccccd			
c-rt-resolution-9	curated	resolution-variant	-1	LINEAR	0000000000000000:3fe8a3d70a3d70a4;4000000000000000:3fc0a3d70a3d70a4	3ff0000000000000	bits	3fdccccccccccccd			
c-rt-signed-zero-values	curated	special-values	-1	LINEAR	0000000000000000:0000000000000000;3ff0000000000000:0000000000000000	3fe0000000000000	bits	0000000000000000			
c-rt-single-point	curated	single-point	0.01	LINEAR	0000000000000000:3fd7df3b645a1cac	3fe6666666666666	bits	3fd7df3b645a1cac			
c-rt-subnormal-quantized	curated	special-values	1E-19	LINEAR	0000000000000000:0000000000000001;3ff0000000000000:0000000000000002	3fe0000000000000	bits	0000000000000000			
c-rt-subnormal-values	curated	special-values	-1	LINEAR	0000000000000000:0000000000000001;3ff0000000000000:0000000000000002	3fe0000000000000	bits	0000000000000001			
c-rt-time-negative-zero	curated	time-zero	0.01	LINEAR	0000000000000000:3fbc28f5c28f5c29;3ff0000000000000:3feccccccccccccd	8000000000000000	bits	3fbc28f5c28f5c29			
c-rt-time-zero	curated	time-zero	0.01	LINEAR	0000000000000000:3fbc28f5c28f5c29;3ff0000000000000:3feccccccccccccd	0000000000000000	bits	3fbc28f5c28f5c29			
c-rt-zero-crossing	curated	zero-crossing	0.1	LINEAR	0000000000000000:bff0000000000000;4000000000000000:3ff0000000000000	3ff0000000000000	bits	0000000000000000			
rt-seed-0001	seeded	seeded-linear	0	LINEAR	0000000000000000:3feb75f62a1bd625;4036400000000000:3fee83cac6d8fc9f;4045200000000000:3fe52e62de279b73	40416872f88d7e6f	bits	3fe8a686ffdee083			
rt-seed-0002	seeded	seeded-linear	0.5	LINEAR	0000000000000000:4084c077fe99a3d9;3ffe000000000000:40828f9374b4d8e9;4033000000000000:407cf0771c94351f	402e3ac1d2915bd4	bits	407ed00000000000			
rt-seed-0003	seeded	seeded-linear	1E-7	LINEAR	0000000000000000:c01e37489b74c4c0;4029800000000000:40571782b13aefbe;4040500000000000:c044220280a57281;4043400000000000:c05230a68a09975f;4048900000000000:401d60bf16bbffb0	403858dcfae5b702	bits	402df37dc7abfb9c			
rt-seed-0004	seeded	seeded-linear	-1	LINEAR	0000000000000000:3feddb281b5b3d38;4010800000000000:3fe5312fe14c54a2;4027c00000000000:3fd01c950aa52e70	4042700000000000	bits	3fd01c950aa52e70			
rt-seed-0005	seeded	seeded-linear	1E-400	LINEAR	0000000000000000:c05426aacc2bb51e;4032e00000000000:405287a2037c474c;4040300000000000:40538ad9477ec7ec;4042500000000000:c03bf505bd43f2b4	40326d48dfc7f410	bits	40519c8b76275cea			
rt-seed-0006	seeded	seeded-linear	1E+3	LINEAR	0000000000000000:407b5a3f4a4c209e;402dc00000000000:407cb8eeec58fec9;402fc00000000000:4081b11b45f8bd0f;4039800000000000:4086d0fac6a75b72	4020f551e29702b2	bits	0000000000000000			
rt-seed-0007	seeded	seeded-linear	1	LINEAR	0000000000000000:3fd4e976d6e4b8c4;402b000000000000:3fae0459a045d410	402d000000000000	bits	3fae0459a045d410			
rt-seed-0008	seeded	seeded-linear	5	LINEAR	0000000000000000:c04bc8c6cb44ae60;4018800000000000:404830033ad95c74	3fd45d862acef7e9	bits	c049000000000000			
rt-seed-0009	seeded	seeded-linear	0.00	LINEAR	0000000000000000:c058d7ae0c608ffe;4021c00000000000:c057aca1c9d7cf30	4014f740317125bb	bits	c0582710f3089609			
rt-seed-0010	seeded	seeded-linear	1E-7	LINEAR	0000000000000000:3fee37c472d7385e;4038a00000000000:bfe030ba5baa096e;4045800000000000:3fc5e671eefbd338;4050e80000000000:3fe9251d83c6e914	0000000000000000	bits	3fee37c472d7385e			
rt-seed-0011	seeded	seeded-linear	0.001	LINEAR	0000000000000000:4024f5aeddd76800;4029c00000000000:405152e60a6963b6;4042500000000000:405fbac9f3912a2d;4044900000000000:4027226eea5fde98	4037b5d1a8f08995	bits	4057e5604189374c			
rt-seed-0012	seeded	seeded-linear	0.123456789012345678901	LINEAR	0000000000000000:405632e9ea0aec62;4030e00000000000:4033db7886278372	400a0ab901ab1726	bits	4052e38e3609693f			
rt-seed-0013	seeded	seeded-linear	0.1	LINEAR	0000000000000000:bfe0fc70738f75e6;4028000000000000:3fece128a420646e;402e800000000000:3fe8f3c88150479a	0000000000000000	bits	bfe0fc70738f75e6			
rt-seed-0014	seeded	seeded-linear	1E-7	LINEAR	0000000000000000:4059d8f8ab50cefc;4033c00000000000:4005923612ccaf02	4022331e89cde69c	bits	404c7f6813e59012			
rt-seed-0015	seeded	seeded-linear	0.01	LINEAR	0000000000000000:4058900efe31618c;4035c00000000000:c0587ba571338c5d	402b3b25b8aa78ca	bits	c0388ccccccccccd			
rt-seed-0016	seeded	seeded-linear	1	LINEAR	0000000000000000:c04ccf747700b706;4035600000000000:404a51465205c8c4	4021b899f18226d8	bits	c028000000000000			
rt-seed-0017	seeded	seeded-linear	1	LINEAR	0000000000000000:4059dad3dd6b75ec;4022400000000000:404a16178702c67c;4040d00000000000:40530a6c43a828f6;4044f00000000000:4040c62afaedb854	404240a68155a0eb	bits	404f000000000000			
rt-seed-0018	seeded	seeded-linear	1E+3	LINEAR	0000000000000000:c05126360489fde2;4002000000000000:c0499e2887b14131;4039a00000000000:c0551ff8676d41ea;4047300000000000:c0507032480748f6	4039a00000000000	bits	c0551ff8676d41ea			
rt-seed-0019	seeded	seeded-linear	-1	LINEAR	0000000000000000:40424873dfca1c5c;4024000000000000:c05788ef8f76eb6d;403d200000000000:c052a5be131bad56;4044b00000000000:40538e7534293022;4048c00000000000:4057a0a7cbd9def4	40484a0b5da18dbb	bits	40572a735a7b23dc			
rt-seed-0020	seeded	seeded-linear	5	LINEAR	0000000000000000:3feec3148d71bcc3;3ffa000000000000:3fe675dd5effdf51;4037600000000000:3fcaab0a92a1e620;4038e00000000000:3fb5545749b38b80;4040500000000000:3fde001038c2a8b2	40355641da1651b9	bits	4014000000000000			
rt-seed-0021	seeded	seeded-linear	0.01	LINEAR	0000000000000000:40541ad4bfd35dca;402a400000000000:4057ac694818e11a;4040d00000000000:4054cc7e368fbd3a;4047400000000000:c058591328e692f5	4040d00000000000	bits	4054cc7e368fbd3a			
rt-seed-0022	seeded	seeded-linear	0.001	LINEAR	0000000000000000:3fc141e0513fcb24;4027c00000000000:3febd9164a0d34e1;4028c00000000000:3fcbd667819fd930;4040c00000000000:3fe9021e8cedb0e0	4049400000000000	bits	3fe9021e8cedb0e0			
rt-seed-0023	seeded	seeded-linear	5	LINEAR	0000000000000000:408063942a50c3e5;4032600000000000:40724e10930253ac;4038600000000000:40891515dbe9169d;403f800000000000:4024be65b0d27c63	401b4d25d5d57073	bits	407b800000000000			
rt-seed-0024	seeded	seeded-linear	0.10	LINEAR	0000000000000000:3fe22da4979562df;4029c00000000000:3fdac8d99d36b07a;4040000000000000:3fd7b87085667f88;4042200000000000:3fd9e1ae3051135a	3fffef322ae34591	bits	3fe3333333333333			
rt-seed-0025	seeded	seeded-linear	0.2	LINEAR	0000000000000000:3fc67fd1a62b5d2c;4035600000000000:3fee8368ad390de6;4037800000000000:3f690f7ebf29f300	402a040f5590abd0	bits	3fe3333333333333			
rt-seed-0026	seeded	seeded-linear	0.1	LINEAR	0000000000000000:c0405745829b68e4;3ff4000000000000:40539d93f97001f6;4034a00000000000:c053e24523ae535e;4035600000000000:c03a9b762162f1c4	402db9c926f749ee	bits	c040400000000000			
rt-seed-0027	seeded	seeded-linear	0.00	LINEAR	0000000000000000:404a8e61777b6420;4012800000000000:40530a081c45033e;402bc00000000000:4058d68f506f8cdc;4041f00000000000:405489184d6dc7fd;4048b00000000000:4051ae1ebe35c50f	404214d769953a6a	bits	40547982a58bc382			
rt-seed-0028	seeded	seeded-linear	0.2	LINEAR	0000000000000000:bfdaf7f0fce0ee28;4027400000000000:bfe2c29cbcc23efe;403cc00000000000:bfc3967d7b8ad3a8;4043600000000000:3fcee61c6bc28f18;404e000000000000:bfee1a45f192c008	0000000000000000	bits	bfdaf7f0fce0ee28			
rt-seed-0029	seeded	seeded-linear	0.10	LINEAR	0000000000000000:3fd118ad85812796;4030800000000000:3fe54f7b5ff608ab;4040300000000000:3fc80637ab21db60;404ce00000000000:3fdb9c9399975548	40384ff73b5e8bd0	bits	3fe0000000000000			
rt-seed-0030	seeded	seeded-linear	0.00	LINEAR	0000000000000000:3fc1407d72589ac0;401b800000000000:3fea62de5ddcb4b8;403ca00000000000:3fdfccd65b8cea7c;4047000000000000:3fec2186785ccc60;4050900000000000:3fed84c687bf3ba0	4050152843b8b011	bits	3fed631a4d653106			
rt-seed-0031	seeded	seeded-linear	0.123456789012345678901	LINEAR	0000000000000000:4058533cb272c895;4038600000000000:40529f332d1a3582	402bc2ff3ba71e45	bits	4055148b0c9e94d4			
rt-seed-0032	seeded	seeded-linear	0.1	LINEAR	0000000000000000:4047ac04d683a29b;3ff2000000000000:40351bf6d559cdb9	3fe7b27ce270a97e	bits	403e19999999999a			
rt-seed-0033	seeded	seeded-linear	1E-7	LINEAR	0000000000000000:40508bea406502b4;402f000000000000:403552c899e31198;4035000000000000:403f27cdfd4feab8;4036600000000000:4027408f97eae3d8;4041d00000000000:40505ab9ba0bc4de	4036734444477a1a	bits	4027dcfef96fc306			
rt-seed-0034	seeded	seeded-linear	0.123456789012345678901	LINEAR	0000000000000000:3fe01d06e2d0ecb1;4007000000000000:3fb14f0d85fc3fd8;4033800000000000:3fbca4a6babe07f8	0000000000000000	bits	3fe01d06e2d0ecb1			
rt-seed-0035	seeded	seeded-linear	0.2	LINEAR	0000000000000000:3fe2e16d5172ca6a;4030600000000000:3fe241f66e736cef;4031e00000000000:3fa7b49c3e492930;4038c00000000000:3fe50f073700d81b	40233f001fcd6c55	bits	3fe3333333333333			
rt-seed-0036	seeded	seeded-linear	0.123456789012345678901	LINEAR	0000000000000000:c014e9286a0a4990;4032600000000000:40413450e6aed588;4043700000000000:403750cc67a11660;4047300000000000:404bff3d7c9ade04	4032600000000000	bits	40413450e6aed588			
rt-seed-0037	seeded	seeded-linear	0.5	LINEAR	0000000000000000:408eeaebf16ec1db;402d800000000000:4074d38325a9ab29;403d800000000000:407ba611151eee2e;4044f00000000000:405ee068ca4b5d7f;4050c80000000000:405bafd70da11000	40478069f821dcf5	bits	405e400000000000			
rt-seed-0038	seeded	seeded-linear	5	LINEAR	0000000000000000:c0555f5a3ca1eb3c;4033e00000000000:c046e2f798c0a0d9	400bb1bede8fddfc	bits	c052c00000000000			
rt-seed-0039	seeded	seeded-linear	-1	LINEAR	0000000000000000:4052b89103c971b6;4011000000000000:405d1dcd3f9551da;4032200000000000:40251547d52a16b3;4044500000000000:3fda720d77400082;4047e00000000000:40519233fda6ed12	403d81fe695387ce	bits	4015aba2b9f21a49			
rt-seed-0040	seeded	seeded-linear	5	LINEAR	0000000000000000:406c4888baac29fd;400f000000000000:4055ff5cf18a7ea8;4035a00000000000:405f1a6a8e70f49b;4042700000000000:4076212041cb0bfa	4036b04f5bbf3728	bits	4061800000000000			
rt-seed-0041	seeded	seeded-linear	0.001	LINEAR	0000000000000000:4050ae0fc72adbe6;3fe8000000000000:408e924b9b172b7c;4028000000000000:4069ae0ef8c3f378	4051800000000000	bits	4069ae0ef8c3f378			
rt-seed-0042	seeded	seeded-linear	0.25	LINEAR	0000000000000000:4059c3196769c5b9;4032400000000000:4055aaad72f28f65;403b400000000000:403b2eb426130215;4040d00000000000:405b8f9785edb653	4036b99094c55609	bits	404ca00000000000			
rt-seed-0043	seeded	seeded-linear	5	LINEAR	0000000000000000:3fc590dfedf27a48;401e000000000000:4054923ff27a220e;4034200000000000:40341fc5e0c65d0d;403f400000000000:405214b4d06579f6;4048300000000000:40237e80d90126cf	4034200000000000	bits	40341fc5e0c65d0d			
rt-seed-0044	seeded	seeded-linear	1E-7	LINEAR	0000000000000000:bfd2869de13588d8;4036c00000000000:bfec1b3da4b377a2;4046900000000000:3fa72c515f5c3f60;4050180000000000:3fc75204d5ccdde8;4053980000000000:3fd769b16174c44c	404b7f6911721771	bits	3fbd8f7e8da498d1			
rt-seed-0045	seeded	seeded-linear	0.001	LINEAR	0000000000000000:bfce045b9f2665d0;402e400000000000:3fefe2c133b9b998;4036400000000000:3fccf226b6d27a40	402e400000000000	bits	3fefe2c133b9b998			
rt-seed-0046	seeded	seeded-linear	0.01	LINEAR	0000000000000000:404d47af3028a070;4032a00000000000:c045c56beb03fc9c	0000000000000000	bits	404d47af3028a070			
rt-seed-0047	seeded	seeded-linear	1E-400	LINEAR	0000000000000000:3fbe7468757d7360;4007000000000000:3fe11f29abbba130;401e800000000000:3fedb27864647f7c;402bc00000000000:bfe93880886b3a40	402636332f51ae6e	bits	bf9c6ff2b7be6c20			
rt-seed-0048	seeded	seeded-linear	0.2	LINEAR	0000000000000000:bfe5083bf99e31da;4032200000000000:3fcf287c945f8720;4037a00000000000:3fd22f9499397d5c;403d400000000000:bfd70c8f810df914;4044a00000000000:bfe388cff20ee674	3ffe4ea8cdcbfe6c	bits	bfe3333333333333			
rt-seed-0049	seeded	seeded-linear	1E-400	LINEAR	0000000000000000:3f6c087ad471d100;3ff6000000000000:3fa3cf34f7cb1720;4028400000000000:3fe43ef9d8611a05;4032600000000000:3fcf0c40eb05e760	3fc44ec2fe8900eb	bits	3f7eaf51f256bace			
rt-seed-0050	seeded	seeded-linear	0.01	LINEAR	0000000000000000:405c0a3de4a23ca3;402d800000000000:403aac2d6f2d9a27;4041300000000000:4039453ca207017d;4047700000000000:4051c96eff9cc281	404128f68499c994	bits	403947ae147ae148			
rt-seed-0051	seeded	seeded-linear	0	LINEAR	0000000000000000:4053f283bf74ac48;4037600000000000:4052bbda408d7d7b;4040600000000000:405d1e63be699325;404bf00000000000:4059bd1eb144b8fe	403b0389f77b0cc9	bits	4056c3bd89567a5f			
rt-seed-0052	seeded	seeded-linear	1E-400	LINEAR	0000000000000000:3fe7a6c729082f8f;4032600000000000:3fea9c069300d2a4;4045a00000000000:3fe4a306e8782789	0000000000000000	bits	3fe7a6c729082f8f			
rt-seed-0053	seeded	seeded-linear	0.1	LINEAR	0000000000000000:403bca67a6a87baa;402c000000000000:40502ac13b46134e;4035e00000000000:404442c3382bd5ed;403e000000000000:404301f206769525;4045000000000000:4042aecbe65beba5	4041e90198171822	bits	4042d9999999999a			
rt-seed-0054	seeded	seeded-linear	0.5	LINEAR	0000000000000000:4031b0be0602ce6b;402fc00000000000:401314e3b74be12d	4044f00000000000	bits	401314e3b74be12d			
rt-seed-0055	seeded	seeded-linear	0.1	LINEAR	0000000000000000:406e1dd7603eb8d1;3fec000000000000:407439903544a505;402d000000000000:408e1a5e6dc910a3;4042e00000000000:408b3804013c698a	4031502537e7d7ab	bits	408dc1999999999a			
rt-seed-0056	seeded	seeded-linear	0	LINEAR	0000000000000000:3fe7c1f264218583;402e400000000000:3fec0b3dcba5996c	402c6c74966c9337	bits	3febc8fdfd6bfae8			
rt-seed-0057	seeded	seeded-linear	0	LINEAR	0000000000000000:3fef0e8932ad1d4c;4021400000000000:3fbd4cb69f880560;4027400000000000:3fda888303449de0;4034800000000000:3fe1931aac9b55ce	402396dee4b54236	bits	3fcda0cae94bc697			
rt-seed-0058	seeded	seeded-linear	-1	LINEAR	0000000000000000:405a814a18538873;4035e00000000000:405aa87a10b8c7d0;4043b00000000000:40359cc6ce2c852a;4046500000000000:40525f75a6511034	40335d5160bbe3f2	bits	405aa3fabfe722f7			
rt-seed-0059	seeded	seeded-linear	0.5	LINEAR	0000000000000000:4031bcd681aa3c5a;402d000000000000:4057edd33a8b54e3;403c400000000000:40525b2971fc2541;4043300000000000:4052c1bf9eb350f1;4048100000000000:405d4829c30d1a9f	4013a51146c2bcf3	bits	4046000000000000			
rt-seed-0060	seeded	seeded-linear	-1	LINEAR	0000000000000000:407496f6a5ca8317;3fe4000000000000:408a101b4f956dec;400f000000000000:408443e55acdb212;4032400000000000:40776f73d28e9259	4031f76815edaf0e	bits	4077c5c83c0edac3			
rt-seed-0061	seeded	seeded-linear	0.1	LINEAR	0000000000000000:c034e152139227e4;4012800000000000:4044e3c620646c04;4030200000000000:404dde514ea6283c	4014c951435febef	bits	40454ccccccccccd			
rt-seed-0062	seeded	seeded-linear	0.123456789012345678901	LINEAR	0000000000000000:4089993d2fb4f4b5;402d800000000000:40825b52edeb0308;403f400000000000:404a9382f8e5f3c8;4041700000000000:408506f128400ae6;4043400000000000:406b97abe65687bf	40306a9324490115	bits	4080aca455f9e05c			
rt-seed-0063	seeded	seeded-linear	0.10	LINEAR	0000000000000000:3feb83bb2e482765;4037400000000000:3fc772d8c7f24534;4044600000000000:3fe776988bd1c559	402514ff962df845	bits	3fe3333333333333			
rt-seed-0064	seeded	seeded-linear	0.2	LINEAR	0000000000000000:c05826e4ae37910a;4030600000000000:c052ee2003c8b644;4036c00000000000:4048c6b857eabf4c;4047e00000000000:c045818e29b90a3b;4048e00000000000:4029e9220a317370	4031782b76460af8	bits	c04b19999999999a			
rt-seed-0065	seeded	seeded-linear	0.2	LINEAR	0000000000000000:4074bc979969cf96;4039000000000000:4083b28fcfb2913e	0000000000000000	bits	4074bc979969cf96			
rt-seed-0066	seeded	seeded-linear	0.5	LINEAR	0000000000000000:3fd6aee4925c5f64;3ffa000000000000:3fe000bf3be6c732	3ffa000000000000	bits	3fe000bf3be6c732			
rt-seed-0067	seeded	seeded-linear	-1	LINEAR	0000000000000000:bfda328dfc518df8;4039400000000000:3fec816f95711fb6	4047a00000000000	bits	3fec816f95711fb6			
rt-seed-0068	seeded	seeded-linear	0.01	LINEAR	0000000000000000:40620d62e7fd25b6;4033c00000000000:408847d77985ce87;4043b00000000000:408e164e1e434a4a	4058980000000000	bits	408e164e1e434a4a			
rt-seed-0069	seeded	seeded-linear	0.5	LINEAR	0000000000000000:3ff926745332aed4;402bc00000000000:4054df0e380c3587;403be00000000000:400eeca5a1937346	4015029e8017f830	bits	4040400000000000			
rt-seed-0070	seeded	seeded-linear	0.00	LINEAR	0000000000000000:4033a53b4109196a;4027400000000000:404858651092fd98;403c000000000000:403580efdf78e1fe	4047000000000000	bits	403580efdf78e1fe			
rt-seed-0071	seeded	seeded-linear	0.001	LINEAR	0000000000000000:3fa067c5fd2b7520;4019800000000000:bfe87a6be7dd6fee;402c800000000000:bfdc89f8546ca034	401baa6cc373e809	bits	bfe7ced916872b02			
rt-seed-0072	seeded	seeded-linear	1	LINEAR	0000000000000000:4035f423538ddcd8;4030c00000000000:c058130f84f7151f;403ac00000000000:4031358528cd6eb4	3fffa035a4f2e64e	bits	4020000000000000			
rt-seed-0073	seeded	seeded-linear	1E-7	LINEAR	0000000000000000:3fdca6d2264d7d04;4037400000000000:bfc0e4fbfc021340	40352204d07e1e56	bits	bfb446b69db65ecc			
rt-seed-0074	seeded	seeded-linear	1E-7	LINEAR	0000000000000000:3feda5788e1a4310;4020c00000000000:3fbdd5696c32b7c0;4030400000000000:3fecbe5dc613bf47	4020e15d42caa535	bits	3fbf7d53e8b5609f			
rt-seed-0075	seeded	seeded-linear	0.001	LINEAR	0000000000000000:4035e2d5ad6033a0;4029400000000000:405a2c6f206f4593;4040500000000000:404f90c32f974758;404bd00000000000:403b2abea109416e	4045ed9c736d6189	bits	4046c8f5c28f5c29			
rt-seed-0076	seeded	seeded-linear	0.1	LINEAR	0000000000000000:4035d0240dff2931;4035600000000000:4056484e87104871;4047500000000000:40506df7fee5d60f;4050480000000000:404a7abbbd805823	40314dc6df9241b0	bits	4053133333333333			
rt-seed-0077	seeded	seeded-linear	0.001	LINEAR	0000000000000000:405222f4131c8dac;4022800000000000:4033ce83f84b1739	0000000000000000	bits	405222f4131c8dac			
rt-seed-0078	seeded	seeded-linear	0.001	LINEAR	0000000000000000:3fe5381e093deb77;4036800000000000:3fe0cc9ca6ecc0e5;4041900000000000:3fc982db96c488a4;4045800000000000:3fe1d38f25e79b9c	40251126be5e2796	bits	3fe32b020c49ba5e			
rt-seed-0079	seeded	seeded-linear	0.01	LINEAR	0000000000000000:3fe93df414b93619;4033c00000000000:3fe875d4194fa775;403d400000000000:3fda6411ba0f2558	4056900000000000	bits	3fda6411ba0f2558			
rt-seed-0080	seeded	seeded-linear	0.123456789012345678901	LINEAR	0000000000000000:406dfff042d824ea;4038200000000000:4086bef225520c47;4045000000000000:4078872311817987;4046200000000000:4086efc684cf4216;4050f00000000000:407ab1a13e45e084	4045ff4b421e6959	bits	4085b97b3f170f2a			
rt-seed-0081	seeded	seeded-linear	0.01	LINEAR	0000000000000000:4083ca78acda7abe;4036e00000000000:4088bcbb7273d81b;4039600000000000:40814e4fd360637d	4031c550819c6611	bits	4087a228f5c28f5c			
rt-seed-0082	seeded	seeded-linear	1E-400	LINEAR	0000000000000000:3fd9f94ab6e20a58;402e400000000000:3fcfea96ca790b14;4043e00000000000:3fed326e31eac791;404ec00000000000:3fcfc2c0219ce654;4050480000000000:3fd90ca3f1c062ba	4041e5a4f223f10b	bits	3fe9c9d64b6c55a2			
rt-seed-0083	seeded	seeded-linear	1	LINEAR	0000000000000000:405bf350526a0299;4014800000000000:400a46563f1736b0;4030000000000000:404f2c88eba03369	4012d4e69ac742c2	bits	402a000000000000			
rt-seed-0084	seeded	seeded-linear	1E-7	LINEAR	0000000000000000:bfba33c0d5fcf120;4038200000000000:bfe6897442077440;4041600000000000:bfb6ce0417e0b060;4047700000000000:3f87445ae1b54400;404a400000000000:bfe19dbe8f115866	4042c872d5807d5c	bits	bfb0d53c07174b76			
rt-seed-0085	seeded	seeded-linear	0.25	LINEAR	0000000000000000:3fe5f839745d05d0;402c800000000000:bfd440bc06f65120;4033400000000000:bfaf64565f50eae0	0000000000000000	bits	3fe5f839745d05d0			
rt-seed-0086	seeded	seeded-linear	1E-400	LINEAR	0000000000000000:40784d5ddc17d408;402d400000000000:40841dfbe84935da;4041300000000000:408502425461300d;404c700000000000:408d49775a945259	4041300000000000	bits	408502425461300d			
rt-seed-0087	seeded	seeded-linear	0	LINEAR	0000000000000000:3fe36f325a9a946f;401b800000000000:3f6b42e740847800	4002181585e87f46	bits	3fda26d1579c074c			
rt-seed-0088	seeded	seeded-linear	0.001	LINEAR	0000000000000000:4056b63337802c28;4033400000000000:c0529a0357effe98;4034000000000000:4040ae0e23f108d0;4042e00000000000:c056915e07beb5ae;404d900000000000:c054b428831e9307	4034000000000000	bits	4040ae0e23f108d0			
rt-seed-0089	seeded	seeded-linear	-1	LINEAR	0000000000000000:3fe9a802b25d7cc4;402fc00000000000:3feefc38a75acb62;4035200000000000:3fe3f6aaa39dba6b	402fa61e91893300	bits	3feef7e0a2a95de8			
rt-seed-0090	seeded	seeded-linear	0.00	LINEAR	0000000000000000:3fe2ea099eb77523;4038c00000000000:3fb6bc552a95f5e0;4040900000000000:3fa00b418c0e5aa0;404a200000000000:3fd0efaa523bac3c;404bc00000000000:3fedae5f3cfe9d58	40441c502db243e4	bits	3fbe2e8430b3d5f7			
rt-seed-0091	seeded	seeded-linear	0.5	LINEAR	0000000000000000:4054aad928e487bf;4000000000000000:4043c437a43c526a	0000000000000000	bits	4054aad928e487bf			
rt-seed-0092	seeded	seeded-linear	0	LINEAR	0000000000000000:40405609799472e7;4030400000000000:4052a1ce69c86a98;4036600000000000:40535627e89e9fbe;4047d00000000000:40534f5cbbb7b0b5;4051f80000000000:404bc73bfbb5f8a2	402b34782649d065	bits	4050ed5dd4161bc8			
rt-seed-0093	seeded	seeded-linear	0.10	LINEAR	0000000000000000:3ff12cc7e70861c0;4016000000000000:400bf51da2a437c0;4035a00000000000:c031970c184a19ac	4031523d538ad18f	bits	c02799999999999a			
rt-seed-0094	seeded	seeded-linear	0.001	LINEAR	0000000000000000:40510342c27bec10;4010000000000000:405fae7e2fb0439e;403c400000000000:400e4a5ffabcef2a	403c400000000000	bits	400e4a5ffabcef2a			
rt-seed-0095	seeded	seeded-linear	1E-400	LINEAR	0000000000000000:3fdc9e419099c0dc;4031800000000000:bfed29c2e7633026;403d400000000000:3fe926bc95d870c8;4046f00000000000:3fe7a853c5f80b5a	4040faa3a1839ab4	bits	3fe8ba70aff85ff5			
rt-seed-0096	seeded	seeded-linear	1E-400	LINEAR	0000000000000000:4084f7006c0d9bbc;4031e00000000000:408e5e7cc74adac0;4041200000000000:40625e3a3b213dc4;4045c00000000000:4044447e4d817558	4037b596871977bd	bits	40852f528d0e5ccc			
rt-seed-0097	seeded	seeded-linear	0.01	LINEAR	0000000000000000:4055e250fb26cffc;401b800000000000:40514f6e2e2be3e5;4024400000000000:405e28aba3d4629f;402e400000000000:4044d2a63a864e60	402e2233d2ec967d	bits	404548f5c28f5c29			
rt-seed-0098	seeded	seeded-linear	0.00	LINEAR	0000000000000000:407bfb1c725973a3;402cc00000000000:407bd7ef7ec5eb61;402f400000000000:40813a4477979196	3ff8e8b9a708f3d8	bits	407bf74d350a6aad			
rt-seed-0099	seeded	seeded-linear	1E-7	LINEAR	0000000000000000:3fea74b98bb6beea;4012000000000000:3fe8843eefda8b14	4011035b88fcf7f6	bits	3fe89f775edc2e6a			
rt-seed-0100	seeded	seeded-linear	1E+3	LINEAR	0000000000000000:40512d4aa303c838;402d800000000000:c051d7b73b98dfa6;4042000000000000:4052e49199a48390	404079ef2221f782	bits	0000000000000000			
rt-seed-0101	seeded	seeded-linear	-1	LINEAR	0000000000000000:404b9150a2c8c5f4;4027c00000000000:4052d1dbb35bc4ba	0000000000000000	bits	404b9150a2c8c5f4			
rt-seed-0102	seeded	seeded-linear	0.001	LINEAR	0000000000000000:4041b02f70038d71;4014000000000000:4054e831369f5ea8;4026800000000000:405a1c9287c3e9a1	401d2db874b6b307	bits	4056d15810624dd3			
rt-seed-0103	seeded	seeded-linear	0.10	LINEAR	0000000000000000:3fcc62ec04d915a0;4001000000000000:3fe5cc53d3727eb8;4035000000000000:bfe3dbed37673edc;4042a00000000000:3fda82cf96d5f4a0;4043b00000000000:bfdb56231a33eebc	403fbef52e2f30bd	bits	0000000000000000			
rt-seed-0104	seeded	seeded-linear	0.10	LINEAR	0000000000000000:4032e0a2da92f389;4026400000000000:40528f3039a8d792;4028000000000000:405242cfb9324cd0;4040e00000000000:40573e9c3873f41f	4053700000000000	bits	40573e9c3873f41f			
rt-seed-0105	seeded	seeded-linear	5	LINEAR	0000000000000000:403299875b5d1d0c;4013800000000000:40416aec4226324c;4026800000000000:c057aa7394394765;403f600000000000:4056193eb729cf74	4027284f33289f20	bits	c056800000000000			
rt-seed-0106	seeded	seeded-linear	0	LINEAR	0000000000000000:3fca8c946888edb4;4021c00000000000:3feb48eda2cc9a75;403f800000000000:3fd43c5e0ed0694a;4042800000000000:3fe1bb4dd12efec5	4039b8c021a45601	bits	3fdd0129571ccd11			
rt-seed-0107	seeded	seeded-linear	0	LINEAR	0000000000000000:4034cd53d02e68cc;401b000000000000:403158c42460d86c	0000000000000000	bits	4034cd53d02e68cc			
rt-seed-0108	seeded	seeded-linear	0.10	LINEAR	0000000000000000:3fd3f70fde6cf38e;4025400000000000:3fad5b9913ef8fa0;403a400000000000:3fd5ca02d5100706	402fcb568cf31c22	bits	3fb999999999999a			
rt-seed-0109	seeded	seeded-linear	0.25	LINEAR	0000000000000000:3fef047951789ae6;4036400000000000:3fd77209d11ab8b4;4043b00000000000:3fc1407a50d73334;4048b00000000000:3fe23684b2d0394a	0000000000000000	bits	3fef047951789ae6			
rt-seed-0110	seeded	seeded-linear	0.2	LINEAR	0000000000000000:3fb9ba097dab7c00;4022400000000000:c054a7f0c260070a	0000000000000000	bits	3fb9ba097dab7c00			
rt-seed-0111	seeded	seeded-linear	1	LINEAR	0000000000000000:4074a81865f161e1;4002000000000000:407626cf8c01a398;4032000000000000:40851a6720bf0308;403cc00000000000:40751c22720907b4;4048700000000000:406019372745bf43	40150419e743b916	bits	4079f00000000000			
rt-seed-0112	seeded	seeded-linear	1E+3	LINEAR	0000000000000000:3fe73ea212cd9d5b;3fe0000000000000:3facf1399d87dd10	3fcad3c5cf115cc2	bits	0000000000000000			
rt-seed-0113	seeded	seeded-linear	0.25	LINEAR	0000000000000000:bfbd92a6bcd57b90;4036400000000000:bfec66937b0af0a2;4042800000000000:bfef7254c6e9acf8	40323135bf7e0acf	bits	bfe0000000000000			
rt-seed-0114	seeded	seeded-linear	1E-7	LINEAR	0000000000000000:3fd600c2ab129cd4;4039000000000000:bfc502615197fcb8;4039c00000000000:bfd0bf97287599c4	403266bae8c780cf	bits	bf9ec9fd0eb3f7ea			
rt-seed-0115	seeded	seeded-linear	1E+3	LINEAR	0000000000000000:c04896d14b195fdb;402c800000000000:4054b829544bce88;4033e00000000000:c051263e8927a182;4042f00000000000:40402d78cef8a10c	4038951fe25348ab	bits	c08f400000000000			
rt-seed-0116	seeded	seeded-linear	0.2	LINEAR	0000000000000000:40878b36f05d0a56;4016800000000000:4085c987d5923712;403e000000000000:4081d82c004708b8	4053800000000000	bits	4081d82c004708b8			
rt-seed-0117	seeded	seeded-linear	0.10	LINEAR	0000000000000000:403a727f582be410;4028400000000000:4047739ccb36f908;403c600000000000:4044f7c7de59e804;4041000000000000:405105aaeefee436;4046500000000000:40336a47b43f2ed8	4040ea479b3741a5	bits	4050cccccccccccd			
rt-seed-0118	seeded	seeded-linear	1E-7	LINEAR	0000000000000000:405f68f984cbe67c;3ff4000000000000:405f0512838c8c85;4023000000000000:4051af90fc522750;4033c00000000000:4051d81ba6ee0772;4038400000000000:4048f77fca87a800	40326ea073dc30d4	bits	4051d2e53eb399f6			
rt-seed-0119	seeded	seeded-linear	0.2	LINEAR	0000000000000000:bfe4fd6574cfe906;4018000000000000:bfc4a5ec988baa88;403aa00000000000:3fe1c2bc74bf8bf6;4043900000000000:3fdde01c791c610c	40199dff3a7b5d86	bits	bfc999999999999a			
rt-seed-0120	seeded	seeded-linear	-1	LINEAR	0000000000000000:4041cd7ba97936b8;4038800000000000:4041c4f1bb240434	0000000000000000	bits	4041cd7ba97936b8			
rt-seed-0121	seeded	seeded-linear	-1	LINEAR	0000000000000000:404a9b899d6afa67;402fc00000000000:4057c25fc27fd9dd;4036a00000000000:402d73af51dcab69;403a600000000000:4032c757c1420f31	40236058d1d44908	bits	4053af3e991ee4f2			
rt-seed-0122	seeded	seeded-linear	0.5	LINEAR	0000000000000000:40420115ee8d3e9c;4026c00000000000:4042497ab74af704;403ba00000000000:c035d0004722fedc	40112360d3901ca5	bits	4042000000000000			
rt-seed-0123	seeded	seeded-linear	0	LINEAR	0000000000000000:404bfcead190f40e;4033600000000000:405080dd361c80de;4035000000000000:4050cdea9cf261c0;4046900000000000:3fc4e60d448e6fe8;4049800000000000:404afee953d09086	4030c8d0c197353e	bits	40502af8643b169b			
rt-seed-0124	seeded	seeded-linear	0.001	LINEAR	0000000000000000:4071cc6822b6a30d;402cc00000000000:407e8b8a3c715896	4022c7d8bd03cff3	bits	407a2004189374bc			
rt-seed-0125	seeded	seeded-linear	0.2	LINEAR	0000000000000000:3fdbbd339d324ba4;4035a00000000000:3fe21c9e55b21744	40242260d0ada275	bits	3fd999999999999a			
rt-seed-0126	seeded	seeded-linear	0.001	LINEAR	0000000000000000:4042d98230a53b2c;4032c00000000000:c054b1f9b77a6486;4043900000000000:405602a5eade410a;4046e00000000000:404056805019c13c;4049100000000000:c053549bc775fffc	403c4f5bfd3a9e64	bits	c0050c49ba5e353f			
rt-seed-0127	seeded	seeded-linear	5	LINEAR	0000000000000000:3fd2dcc06e0b08fc;4033a00000000000:3fd2df2105fdc048;403c800000000000:3fe9e737afc60c1a;4041d00000000000:bfed943b32033fd8	402ef48d0a1dfaf8	bits	0000000000000000			
rt-seed-0128	seeded	seeded-linear	0.123456789012345678901	LINEAR	0000000000000000:bfe46e741ac6b468;4034200000000000:bfeff0747636e90c;403de00000000000:3fee5cae3a30a3c0	4053780000000000	bits	3fee5cae3a30a3c0			
rt-seed-0129	seeded	seeded-linear	1E+3	LINEAR	0000000000000000:4054169cbb4ac0d2;4033c00000000000:405cf7895024b4fb;4040500000000000:405bcc68515bd0b9;4045800000000000:405551f2712440d9	40444c97b7b9bad7	bits	408f400000000000			
rt-seed-0130	seeded	seeded-linear	0.001	LINEAR	0000000000000000:4043176c2379b22a;400e000000000000:405732ad95406735;401a800000000000:405cbcbbc12ba734;403ca00000000000:402ff294b8c1f3a0	40084b588c9ed756	bits	405499eb851eb852			
rt-seed-0131	seeded	seeded-linear	0.5	LINEAR	0000000000000000:3fedf8543eea6400;4022400000000000:3fd70322037076e6	3fce44ffd064a632	bits	3ff0000000000000			
rt-seed-0132	seeded	seeded-linear	-1	LINEAR	0000000000000000:402c436557fafb74;4031e00000000000:404015f664879630	404c700000000000	bits	404015f664879630			
rt-seed-0133	seeded	seeded-linear	0.25	LINEAR	0000000000000000:405e64ef21a38ef5;3fe4000000000000:4056f6f523288039;4028c00000000000:4042474e4161e65c;403bc00000000000:40545d2c51dfd8cb	401f3696c1d113e2	bits	404d200000000000			
rt-seed-0134	seeded	seeded-linear	0.00	LINEAR	0000000000000000:3fe9d4c34ec8aa6c;402ac00000000000:3feb8958d748187b	40149ed9b81648d0	bits	3fea7d091b5c816b			
rt-seed-0135	seeded	seeded-linear	0.25	LINEAR	0000000000000000:3fd02616195680ee;401e000000000000:3fea3d8773a5f983;4021c00000000000:3fe34dd22a359961	400e9eef21a3eb48	bits	3fe0000000000000			
rt-seed-0136	seeded	seeded-linear	0.1	LINEAR	0000000000000000:3fd4cd336a0ee904;4011800000000000:bfd5f12b8f6c0940;4023000000000000:bfbf099019bd8d30	3fdc1661d5a3d5c5	bits	3fd3333333333333			
rt-seed-0137	seeded	seeded-linear	1	LINEAR	0000000000000000:407c2541fa4197c8;4036a00000000000:4084160d11e7ebb0	40272256b61bcf13	bits	4081200000000000			
rt-seed-0138	seeded	seeded-linear	1E+3	LINEAR	0000000000000000:405437a4b3653355;4035e00000000000:404b9c8612fae892;403f000000000000:4054e1abccb78ba8;4046b00000000000:405966741c3b121e;404f900000000000:4051ca3b92ba4aa6	4043ee95a0d9ff61	bits	0000000000000000			
rt-seed-0139	seeded	seeded-linear	1E-400	LINEAR	0000000000000000:408c5f94749ecdf7;4034400000000000:406b8c6b858da58b;4040000000000000:407110ba318160cd;404cb00000000000:4071f226d79d5710;4051c80000000000:408807f0581f0345	4052480000000000	bits	408807f0581f0345			
rt-seed-0140	seeded	seeded-linear	0.001	LINEAR	0000000000000000:405963e085a4da19;4031800000000000:405231486ebc121d;4040a00000000000:404b23e5b4f7f1bc;4047300000000000:405c870676db0b3d;404e100000000000:405a3eb90a82524d	4040a00000000000	bits	404b23e5b4f7f1bc			
rt-seed-0141	seeded	seeded-linear	0.2	LINEAR	0000000000000000:40442753f0ba6243;4034800000000000:4048e53e4270dc92;4042c00000000000:4051fff9e4f941f9;404e400000000000:4043a65bde6a764d	404d811e82c53245	bits	4044cccccccccccd			
rt-seed-0142	seeded	seeded-linear	5	LINEAR	0000000000000000:402aea080f4e2b84;4029c00000000000:4054419bdf2ed837;4032600000000000:40334bc4ee33c168;403ec00000000000:4045f71ed6bfab31	400251c431e77a20	bits	4039000000000000			
rt-seed-0143	seeded	seeded-linear	0	LINEAR	0000000000000000:4000c1895b4f08c0;4025000000000000:400289c330055a40;403a800000000000:403021ff9a053880;4044a00000000000:405111ce72b1737c;404bc00000000000:c041c75d9aa35210	40374c81739d73da	bits	402abcc6ffebde21			
rt-seed-0144	seeded	seeded-linear	0.123456789012345678901	LINEAR	0000000000000000:4013e73b5c88e282;400e000000000000:40225c8f788d3fad;4031000000000000:4009f46caff17efa;4041200000000000:40407ecb9ae159c3;404c300000000000:405532155a267b32	401a9c4c8e9830f5	bits	401f9add3746f65f			
rt-seed-0145	seeded	seeded-linear	0.2	LINEAR	0000000000000000:3fa4c0beccfc48a0;4022c00000000000:bfebf64bb4ae6a86	3fbac1d96669893c	bits	3fc999999999999a			
rt-seed-0146	seeded	seeded-linear	0.5	LINEAR	0000000000000000:405c516e366c412f;4033400000000000:40488312b11c8a0a	40296ee816597ce1	bits	4051c00000000000			
rt-seed-0147	seeded	seeded-linear	1E+3	LINEAR	0000000000000000:3fe3c8ff4f6b798e;4025800000000000:3fe135655828caa4	400babec6a93dc42	bits	0000000000000000			
rt-seed-0148	seeded	seeded-linear	1	LINEAR	0000000000000000:40575438b73abfc8;4031000000000000:401049c93ab270e0;4044100000000000:c0530731600754d6;4049500000000000:40514890fbbd32c8	40462a9d22b5034c	bits	c032000000000000			
rt-seed-0149	seeded	seeded-linear	0.1	LINEAR	0000000000000000:408970fb589e364f;4016800000000000:4082a3264ffb134d;4034400000000000:408881e293326650	0000000000000000	bits	408970fb589e364f			
rt-seed-0150	seeded	seeded-linear	0.123456789012345678901	LINEAR	0000000000000000:bfefd4c2ea6533c8;4035200000000000:bfdd44f952c0d7a0;403a600000000000:3fe5a12f2eca610c;4045c00000000000:3fd8ae1a259c9160	4041a05de2bf5e88	bits	3fe3c0ca428c59fb			
rt-seed-0151	seeded	seeded-linear	0.25	LINEAR	0000000000000000:405f3b01a1560ce2;4033a00000000000:405ad7072cbea889;403b600000000000:405b84940c18d58a	40175457742e7edf	bits	405df00000000000			
rt-seed-0152	seeded	seeded-linear	1E-7	LINEAR	0000000000000000:3fead55f8390a6bc;3ff6000000000000:3fef64bfa365ba0f;4024800000000000:3fd69094b9f663b4;4029400000000000:3fed64e791f44492;402ec00000000000:3fdfd0e28a033ae6	40262917fbfc9638	bits	3fe19d2c9660fff5			
rt-seed-0153	seeded	seeded-linear	0.001	LINEAR	0000000000000000:3fc8a5275183d368;401c000000000000:bfc24c2fe87a3ec8;403bc00000000000:bfe06c05082d4846;4048000000000000:3fc00225772ae308	401c000000000000	bits	bfc24c2fe87a3ec8			
rt-seed-0154	seeded	seeded-linear	0.00	LINEAR	0000000000000000:3fe7c57eecd4561b;4012800000000000:3fde1b97f2ccbec6;402e400000000000:3fea5e1b9ea050b1	0000000000000000	bits	3fe7c57eecd4561b			
rt-seed-0155	seeded	seeded-linear	0.01	LINEAR	0000000000000000:c054a4baf337979e;4024800000000000:404faa264b1ac258;4041000000000000:404bd1884285c5a4;404cb00000000000:40278c89ab1e2508;4051a80000000000:c0280aa70cbca290	4033fbdb4e0a683a	bits	404e170a3d70a3d7			
rt-seed-0156	seeded	seeded-linear	-1	LINEAR	0000000000000000:4055fd53b4e5290b;4021c00000000000:4045abbe1e0e3c1f;4030200000000000:4052c4b998a73c55	4028d6e96799c1eb	bits	404d6da31a774645			
rt-seed-0157	seeded	seeded-linear	0.00	LINEAR	0000000000000000:4053f506763f42ae;4013800000000000:c04784e55ff65426;4021800000000000:4046964e74f4a9c4;4031800000000000:4056a29d1a6258e6	402379df5b8ec5ae	bits	404926031dbb2a91			
rt-seed-0158	seeded	seeded-linear	1E-400	LINEAR	0000000000000000:3fb6a9a1d3bfcfc0;4030a00000000000:3fe57b589f7b068c	404a500000000000	bits	3fe57b589f7b068c			
rt-seed-0159	seeded	seeded-linear	0.25	LINEAR	0000000000000000:406b7066aec37620;4037600000000000:4061e5030e299891	400e191a1bfe5876	bits	4069e80000000000			
rt-seed-0160	seeded	seeded-linear	0.00	LINEAR	0000000000000000:3fef25a000111dd3;4026800000000000:3f84229b170ef500;4033a00000000000:3fb882441a755160;4036c00000000000:3fd15c7e63518b44;4043100000000000:3fd6ec392a05c0fa	403e3d51aed62a7b	bits	3fd41206b508fb4f			
rt-seed-0161	seeded	seeded-linear	0.25	LINEAR	0000000000000000:4071c79f93444963;4028400000000000:406fd01f1ccfc9ab	402220bd6c17543e	bits	4070640000000000			
rt-seed-0162	seeded	seeded-linear	0.10	LINEAR	0000000000000000:40533d08da36cb8c;4024000000000000:405fbf71485b9a7e	4017608b6eafd6ef	bits	405a866666666666			
rt-seed-0163	seeded	seeded-linear	0.25	LINEAR	0000000000000000:bfe1e93c58ecaa00;4029c00000000000:bfd0369ed3627490;402b800000000000:3fe7f137f93a8b5a;4035e00000000000:3fe2aab4db1ea374;4046e00000000000:bfe49708d42bee00	40328882cc204d4e	bits	3fe8000000000000			
rt-seed-0164	seeded	seeded-linear	0.5	LINEAR	0000000000000000:405bd0556caedecc;4038400000000000:4005ab39f9365ce6;4041100000000000:405874084b6e72ef;4045700000000000:40576ee58691ea0b;404fe00000000000:4055d599d8d71d2d	40499b3058bd1cbd	bits	4056e00000000000			
rt-seed-0165	seeded	seeded-linear	0.00	LINEAR	0000000000000000:4082a0fd87e31a4d;4027400000000000:4058a1a8e64c0d43;4032400000000000:407843393ff27a9a;4043c00000000000:407f899262360bb7;4047b00000000000:408acf42ea7ca401	403fa8dc02092a49	bits	407cda70c104ac6a			
rt-seed-0166	seeded	seeded-linear	-1	LINEAR	0000000000000000:405c623b7873a40e;401e800000000000:4048fe485042b0d7;4037800000000000:40508b6e5cc73fc6	40349d6460388f5b	bits	404f9e2ee16e8d6f			
rt-seed-0167	seeded	seeded-linear	0.00	LINEAR	0000000000000000:bfcf5e2a60a7b9d8;4036e00000000000:bfb08d45aa531b10;4038400000000000:3fe4e46448585396;4044c00000000000:bfc39fd9ea84c540	4047400000000000	bits	bfc39fd9ea84c540			
rt-seed-0168	seeded	seeded-linear	0.2	LINEAR	0000000000000000:bfd6fd5a74bc71f0;4028000000000000:3fe471f2c068cc24;4042b00000000000:bfe941b1c533ef60	40300fc40cd7e92d	bits	3fe3333333333333			
rt-seed-0169	seeded	seeded-linear	0.001	LINEAR	0000000000000000:4088529f43b33b04;4037400000000000:408d8d81f510e9e3	40345431b2b82b1e	bits	408ce549ba5e353f			
rt-seed-0170	seeded	seeded-linear	1E-400	LINEAR	0000000000000000:c055b961fd587296;4038a00000000000:4055b9ff65c9e676;4045800000000000:c05219f12b444922;4046900000000000:c0538cc49d522fef;4046e00000000000:c04c5ce708eeb39c	4014c9cf69bde6bb	bits	c0491b9c318456e3			
rt-seed-0171	seeded	seeded-linear	5	LINEAR	0000000000000000:3f9c8e5e01e7d380;4036a00000000000:3fe34428e66bba1f;403a000000000000:3fc45bec2310bd7c;4047700000000000:3f96aa72bc8ffa60;4050900000000000:3fdc7bc082edc6d8	403a036e746908e9	bits	4014000000000000			
rt-seed-0172	seeded	seeded-linear	0.001	LINEAR	0000000000000000:3fd2202d8b87aa50;3ffc000000000000:3fe382b36906bff9;4012000000000000:3fb624b703eac170;401d800000000000:3fe0ada8ffd947f4	4010532badc4e395	bits	3fc5604189374bc7			
rt-seed-0173	seeded	seeded-linear	0.1	LINEAR	0000000000000000:3fa08330efc1bc60;4011800000000000:3fe8893503805ff6;4035200000000000:3fe84106b0d8b782;4042400000000000:bfe2370678f2d286	403ce07b12d728aa	bits	3fb999999999999a			
rt-seed-0174	seeded	seeded-linear	0.5	LINEAR	0000000000000000:3fe0ef7d1025d9de;4034600000000000:3f954b86e4d37400;4043f00000000000:bfbe9d1a3ce3d7d0;4045e00000000000:bfc25ed530d9adf0;404ea00000000000:bfc19a73000e22a0	4046668518610b90	bits	0000000000000000			
rt-seed-0175	seeded	seeded-linear	-1	LINEAR	0000000000000000:bfe253e67d07aff2;4012000000000000:3fe0a6829ebd9aea;401b800000000000:bfcdadbbc6fb1ec0;403ee00000000000:3fdb526d8c486208	4033832709567ca7	bits	3fbd7193764f7f98			
rt-seed-0176	seeded	seeded-linear	0.1	LINEAR	0000000000000000:3fc3a53aec07eec8;4037000000000000:3fd379e610351258	401606528449d5f9	bits	3fb999999999999a			
rt-seed-0177	seeded	seeded-linear	0.1	LINEAR	0000000000000000:bfe112f663ec96bc;4038c00000000000:3fdcf8c8fabc6eac	4033ced10fc12c02	bits	3fc999999999999a			
rt-seed-0178	seeded	seeded-linear	0	LINEAR	0000000000000000:3fe983300e057e9d;401f800000000000:3fda4afa08446248;403c400000000000:3fd5f00ca4239132;403e800000000000:3fe99276fdd5afce	40342aa4d2b00fc1	bits	3fd7aa608d766616			
rt-seed-0179	seeded	seeded-linear	0.00	LINEAR	0000000000000000:3fd12841f0bc062c;4030400000000000:3fb2bebb08303178	401f2914b3dd28b1	bits	3fc65b86b2ef3f06			
rt-seed-0180	seeded	seeded-linear	-1	LINEAR	0000000000000000:4072d0dc42a2ae37;4039000000000000:407e871d85fb6ab4;4048600000000000:40890cde2b714ebe;4052100000000000:4063c39559a5dfc4	40218aa90461ff0c	bits	4076ecbf24c9a6d2			
rt-seed-0181	seeded	seeded-linear	0.25	LINEAR	0000000000000000:c0589bad20e97a71;4032e00000000000:c032cb469a2040b0;4043a00000000000:c01acc91e8644a40;4048c00000000000:c04af48249e40e7e;4050680000000000:c05844a266195fe4	402358a6e8a7dd4a	bits	c04cc00000000000			
rt-seed-0182	seeded	seeded-linear	0.5	LINEAR	0000000000000000:3fe5ce86481bdb20;4037000000000000:bfe0790382b0b65a	40277b71df188e92	bits	3fe0000000000000			
rt-seed-0183	seeded	seeded-linear	1E-400	LINEAR	0000000000000000:405b3fa4ba1a8940;4036e00000000000:404ce053eaa45a6d;403a400000000000:4046a3e328171149;4044300000000000:405ac5a9c35506f1;4050100000000000:40312efc278b3c7b	403f661f6c6cb963	bits	4050f3e71676481b			
rt-seed-0184	seeded	seeded-linear	0.1	LINEAR	0000000000000000:bfee443176db97aa;4035400000000000:3fe29ed85f63ee4e	4028ef795d6c6fe0	bits	bfb999999999999a			
rt-seed-0185	seeded	seeded-linear	1E-7	LINEAR	0000000000000000:bfe3c07e2387417a;3ffc000000000000:bfe032ff9fa2fd44;4003000000000000:3fe7836c46742546	3fdb890e4acfd886	bits	bfe2e0e47c15fb14			
rt-seed-0186	seeded	seeded-linear	0.001	LINEAR	0000000000000000:4082aeee741d2f86;4028800000000000:407623c82419b432;402bc00000000000:406eda5ff3e9e8f4;403dc00000000000:40824b3ad361172d;4041e00000000000:40894504009a7d54	40219c97637098cb	bits	407a6bc28f5c28f6			
rt-seed-0187	seeded	seeded-linear	0.1	LINEAR	0000000000000000:40818491b3fbf7b0;4036c00000000000:404e050049fdf426;4044400000000000:405646660e12cd34	0000000000000000	bits	40818491b3fbf7b0			
rt-seed-0188	seeded	seeded-linear	0.2	LINEAR	0000000000000000:c056d16a43e7b576;4024000000000000:404da9a8041f2e30;4041000000000000:404a7cbc28f7e020;4043300000000000:40400e651da4d3ec;4045f00000000000:40586ce3b27c2052	401d25bb29d41fb7	bits	4032666666666666			
rt-seed-0189	seeded	seeded-linear	5	LINEAR	0000000000000000:405a8743546d0ecf;4033e00000000000:3fe1c8736369b416;4042f00000000000:405f998f0cdef5f5	404037ec1d646a21	bits	4055400000000000			
rt-seed-0190	seeded	seeded-linear	1E-7	LINEAR	0000000000000000:4058beb587665ccc;4020400000000000:4022294a813d93f3;4030200000000000:40428e6fc509314f	3fe05c51f11c0f64	bits	405754aa12224173			
rt-seed-0191	seeded	seeded-linear	0.5	LINEAR	0000000000000000:4041f2f232ce3e6e;4024400000000000:405a18fbbbc323fb;4031400000000000:404d19579ddac1b7;4035e00000000000:405a11ed3b104b42	3ffcc115b2461869	bits	4048000000000000			
rt-seed-0192	seeded	seeded-linear	0.5	LINEAR	0000000000000000:3fe7ab1935c63e56;4025400000000000:bfc67cf1bcca3898;403b400000000000:bfe9258bc421005e;4042f00000000000:bfc19b7d04e95658;404f900000000000:3fdab2b5780dfd64	4039fd4591c47b6d	bits	0000000000000000			
rt-seed-0193	seeded	seeded-linear	0.2	LINEAR	0000000000000000:4074bd27881fc552;4034800000000000:40874b919bbebcac	4007ac3d5b26753f	bits	4078766666666666			
rt-seed-0194	seeded	seeded-linear	0.10	LINEAR	0000000000000000:405891a1028bea32;4035000000000000:c047967f76aeb578;403ac00000000000:4019260e567c88f0;4040a00000000000:404a2150154e5fe4	403670bf3324aafb	bits	c040d9999999999a			
rt-seed-0195	seeded	seeded-linear	0	LINEAR	0000000000000000:4041a31e29b2e319;4023000000000000:4038707fdaa13f61;403ba00000000000:4054919241f2c37e;4049500000000000:40580af972ea44d5	404c500000000000	bits	40580af972ea44d5			
rt-seed-0196	seeded	seeded-linear	0.00	LINEAR	0000000000000000:4056c7a05a10096a;4024000000000000:4042d94af4745a18	4021e804e88ea3ed	bits	4045a51db9f05791			
rt-seed-0197	seeded	seeded-linear	0.00	LINEAR	0000000000000000:bfecf8e7c3eaf5fc;4021c00000000000:bfeff5f70e2fe91a;403c200000000000:3fa25ac4b5807c60;4043c00000000000:bf91977eb3b4aa80;4047800000000000:3fdde775d351bf8c	4043fa981065e74a	bits	3f895ee3e3197c98			
rt-seed-0198	seeded	seeded-linear	0.25	LINEAR	0000000000000000:3fd23b83113162a2;402d800000000000:3fc13ee4ce8babf4;4042300000000000:3fd5653b775d0c44	0000000000000000	bits	3fd23b83113162a2			
rt-seed-0199	seeded	seeded-linear	1E-400	LINEAR	0000000000000000:c05300b7fbdf12d6;4019800000000000:404349c7a0d9f06c;4022000000000000:403c91404aef79e0;4024400000000000:c03172b5f874b5c0;4039600000000000:c053b9bb4909fc1c	3ff21c93371d3a48	bits	c04bd50de04fb16c			
rt-seed-0200	seeded	seeded-linear	0.5	LINEAR	0000000000000000:40517810adf68e87;402d000000000000:4022d1af03be2116;403f000000000000:40811b2b12538e9e	4057c00000000000	bits	40811b2b12538e9e			
rt-seed-0201	seeded	seeded-linear	1E+3	LINEAR	0000000000000000:402a2e31f8222de8;4024800000000000:c032eca9e20ee390;403fc00000000000:40551ab7e9db15c4;404a500000000000:c0443d31a064b200;4050400000000000:4056dbc7834fa626	4031d6c9c5db816b	bits	0000000000000000			
rt-seed-0202	seeded	seeded-linear	0.5	LINEAR	0000000000000000:405cd807ed7bc1c9;402dc00000000000:4053501f2e1edbf3;4033e00000000000:4049206e61110613;403ba00000000000:40416344c4ae9e67;4049000000000000:4058c4cb8075d210	4050400000000000	bits	4058c4cb8075d210			
rt-seed-0203	seeded	seeded-linear	1	LINEAR	0000000000000000:4043db775aa05f00;4014000000000000:405d725af10a2b19;4031200000000000:4034664aed682a24;403dc00000000000:4057a145f19b4f1d	4034cd21c75f1a4f	bits	4044800000000000			
rt-seed-0204	seeded	seeded-linear	1	LINEAR	0000000000000000:405b7a2c53f2fdfe;4036600000000000:405bf8f260f19e18;4039c00000000000:4044e089e79b5f9c;4045b00000000000:405ad8435b348688	4045af1716ceb228	bits	405ac00000000000			
rt-seed-0205	seeded	seeded-linear	0.25	LINEAR	0000000000000000:407346bcf4c3db68;4026400000000000:408107184e90da52;403b800000000000:408c547acc2f563d	4031e1ceb6b8683c	bits	4085b00000000000			
rt-seed-0206	seeded	seeded-linear	1E-7	LINEAR	0000000000000000:40471d2ac415ceb0;4037c00000000000:405751833cd8d944	4037c00000000000	bits	405751833cd8d944			
rt-seed-0207	seeded	seeded-linear	0.5	LINEAR	0000000000000000:3fe973d13ad0f324;402e000000000000:3fb85c4005832950	402a1bf2c833fed1	bits	3fe0000000000000			
rt-seed-0208	seeded	seeded-linear	1E-7	LINEAR	0000000000000000:40274812367a9a10;400a000000000000:c053691369303d86;4036e00000000000:404592c10ee54aac;4041200000000000:c02fefd1197191d0;4044100000000000:40510f332c8630e2	402cd2b4dbe34a72	bits	c021e39f1feb57d2			
rt-seed-0209	seeded	seeded-linear	0.00	LINEAR	0000000000000000:3fb2f46aebe072e8;3fe0000000000000:3fe6a3980b4bb9d3;4023800000000000:3fde66e58126b02a;4040a00000000000:3fbe1a1f18227cc8	40005caf1d0a2ed3	bits	3fe5657f5971d26e			
rt-seed-0210	seeded	seeded-linear	0.2	LINEAR	0000000000000000:4078b6fed3d0bff1;4021400000000000:408dc63e34afd24b;402a400000000000:4082dc93dc980d31;403f800000000000:407d926b7100519d;4040300000000000:4081278166997222	404023c382f0b6ca	bits	4080e4cccccccccd			
rt-seed-0211	seeded	seeded-linear	0.25	LINEAR	0000000000000000:3fe3f406665db2a4;4032e00000000000:3fe0f0050b5477af;403be00000000000:3fee92419aee6b0d	4033949019e41b62	bits	3fe0000000000000			
rt-seed-0212	seeded	seeded-linear	1E+3	LINEAR	0000000000000000:c013d4fcbe7ea760;3fec000000000000:c037b483f655d8d8;4013800000000000:c0555bea51b381ab;4034000000000000:c04ff72e668a3585	4030ff482b3368d2	bits	c08f400000000000			
rt-seed-0213	seeded	seeded-linear	0.123456789012345678901	LINEAR	0000000000000000:404b15b024c069c3;4014000000000000:3ff10b2637482051;4029c00000000000:40420a9b9328a7e8;4042e00000000000:403477c659968ad9;4046800000000000:40520ebb5e258297	3ffc6989d34662e4	bits	4041a78191e0a39f			
rt-seed-0214	seeded	seeded-linear	0.1	LINEAR	0000000000000000:404c0294bffe15ad;4039200000000000:40510a1ec75a9713;4040c00000000000:404e7f8b143f2398;4041c00000000000:404cdc9176a497cc	402aacac53aff842	bits	404f333333333333			
rt-seed-0215	seeded	seeded-linear	1E-7	LINEAR	0000000000000000:40554cf9d42347b0;402b800000000000:4059d1831548489e;4039a00000000000:4050b76a90c4ced2	4041500000000000	bits	4050b76a90c4ced2			
rt-seed-0216	seeded	seeded-linear	0.2	LINEAR	0000000000000000:c05649c7433369a4;3ff4000000000000:c04dfdc50081df65;4009000000000000:403258e1907c94e4;403c600000000000:40184c6c295cb4c0;403ec00000000000:c0466333d9d49b3a	4013b613d7622c74	bits	403199999999999a			
rt-seed-0217	seeded	seeded-linear	0.00	LINEAR	0000000000000000:40425de3c956ce3a;4033800000000000:403d6880f0ad5094	400c7ae1a05ab1de	bits	4041b2b5f23bc349			
rt-seed-0218	seeded	seeded-linear	0.2	LINEAR	0000000000000000:3fee15da34f02ba8;4030800000000000:3fe54603eecbda4e	4025c66fa4daaf04	bits	3fe999999999999a			
rt-seed-0219	seeded	seeded-linear	0.25	LINEAR	0000000000000000:c034a3abe92c6b24;4030400000000000:c0588c6e129ee808;403da00000000000:c04a28123b3d1209;403fa00000000000:40588e15d3bb016c	403af4c6f8fec206	bits	c04ea00000000000			
rt-seed-0220	seeded	seeded-linear	0.5	LINEAR	0000000000000000:3fb12abf34d62480;4037600000000000:3fab7e430ca80c60;4048000000000000:3fe437d33fa2dccd	3ff94f1d6b7db620	bits	3fe0000000000000			
rt-seed-0221	seeded	seeded-linear	0.1	LINEAR	0000000000000000:40801fd65123346f;4026000000000000:4075ec61edb2b7f0;402b000000000000:40832d5e50df42b6;4041e00000000000:40822fb6af183037;4042300000000000:406fb4c8984a7e0c	40421886cce4f4c1	bits	4075e00000000000			
rt-seed-0222	seeded	seeded-linear	0.01	LINEAR	0000000000000000:403f69cd262f8dbb;400b000000000000:401ed21bd2244937	0000000000000000	bits	403f69cd262f8dbb			
rt-seed-0223	seeded	seeded-linear	0.01	LINEAR	0000000000000000:4039f32872edce32;4034000000000000:40740201c885c34f	4030f5f30ac58f48	bits	407136b851eb851f			
rt-seed-0224	seeded	seeded-linear	0	LINEAR	0000000000000000:405febcc6cc71cf4;4026800000000000:4080a92e074986c3;4034a00000000000:408d5bc8ee83d21a;4043a00000000000:408b869ed7936efc;4044e00000000000:4072684b0ad45563	4041d0d5486e1e75	bits	408be1c538bcc5ac			
rt-seed-0225	seeded	seeded-linear	0.10	LINEAR	0000000000000000:3fd7c8a982dedc6a;400c000000000000:3fd523f7642e4156;402f000000000000:3fc99a6b49109898;4041600000000000:3fe4456320502489	403e3312fdf85770	bits	3fe0000000000000			
rt-seed-0226	seeded	seeded-linear	1E-7	LINEAR	0000000000000000:406dddb9e8d53586;4034800000000000:4078ff62def2d5df	0000000000000000	bits	406dddb9e8d53586			
rt-seed-0227	seeded	seeded-linear	1E-400	LINEAR	0000000000000000:4055e3600c218456;4031c00000000000:404ef4cc1dcc844f	4041600000000000	bits	404ef4cc1dcc844f			
rt-seed-0228	seeded	seeded-linear	-1	LINEAR	0000000000000000:3fdd08c534eba6bc;3fe4000000000000:bfe0fa3bca76a46e	3fbf4857a8a41223	bits	3fd0b8068ff80b34			
rt-seed-0229	seeded	seeded-linear	0.2	LINEAR	0000000000000000:4076381e89d3cbc7;4032800000000000:40809ffa8a05f615;4045600000000000:4071080419a54a4c	0000000000000000	bits	4076381e89d3cbc7			
rt-seed-0230	seeded	seeded-linear	0	LINEAR	0000000000000000:405d8ce46904fd8d;4009000000000000:404f4441bc48e80d;4031200000000000:404d22377e6e0ee6	0000000000000000	bits	405d8ce46904fd8d			
rt-seed-0231	seeded	seeded-linear	0.1	LINEAR	0000000000000000:4086fe581a645309;4038400000000000:40794daa434a6d9c;403ee00000000000:408728d24c9d423b	4038400000000000	bits	40794daa434a6d9c			
rt-seed-0232	seeded	seeded-linear	0.00	LINEAR	0000000000000000:408d2237480c1c27;401d800000000000:4080386757511bb5;403d600000000000:40839fd9b8b36ba6;403f400000000000:4081b04a50a617a1	403c8fe34acb32c6	bits	40837fa625680ce7			
rt-seed-0233	seeded	seeded-linear	0	LINEAR	0000000000000000:4071607134cf7558;400b000000000000:407e05a3aac280b5;4028400000000000:408c340a365a0df0;4034c00000000000:4064f68e017696dd	40283ce9f20331c0	bits	408c31b6a26fdf3f			
rt-seed-0234	seeded	seeded-linear	1E-7	LINEAR	0000000000000000:3fef17d4583433de;4031800000000000:3fdadaf58265a7ee	4031800000000000	bits	3fdadaf58265a7ee			
rt-seed-0235	seeded	seeded-linear	1E+3	LINEAR	0000000000000000:408a04ceb25c8c41;4024400000000000:407a7c52fd77c663	3ffbedd423ec43d0	bits	408f400000000000			
rt-seed-0236	seeded	seeded-linear	0.10	LINEAR	0000000000000000:408d49c75927649a;4038200000000000:4089bbea8e0e9971;403b800000000000:40816105b17b79ee;4041f00000000000:407380b6abdc40b8	4012723c59f3e1ca	bits	408c9c0000000000			
rt-seed-0237	seeded	seeded-linear	0.25	LINEAR	0000000000000000:403a5d90733a4d78;4024c00000000000:4055796ec250347a;403ce00000000000:404139cee8a108da	403370875b753ab2	bits	404e600000000000			
rt-seed-0238	seeded	seeded-linear	1E-400	LINEAR	0000000000000000:40850cf501172464;4039400000000000:407f619fad01eeae;4047200000000000:4086d7ce90ae58fa;4051380000000000:4077824b5687b3b0;4054400000000000:408c0f20c8117c1a	404e74044d7d0a17	bits	407f51dea67a84ee			
rt-seed-0239	seeded	seeded-linear	1E-7	LINEAR	0000000000000000:3fc1c381ff3af628;4034400000000000:3fef0ed2f031ad7e;403ce00000000000:bfc3610e698f6370;4047e00000000000:3fe669693bd4c9f8	403eaaca5939325f	bits	bfb20df73987e10a			
rt-seed-0240	seeded	seeded-linear	0.1	LINEAR	0000000000000000:403023b8c78c5b3c;401e800000000000:c046115f72f0371c	0000000000000000	bits	403023b8c78c5b3c			
rt-seed-0241	seeded	seeded-linear	1E-7	LINEAR	0000000000000000:c058cfba272dd51b;400b000000000000:c03c10eeb9f6cf98	400abe53d5e0ac81	bits	c03cbe1053345a7b			
rt-seed-0242	seeded	seeded-linear	1E+3	LINEAR	0000000000000000:3fbc8ad2e164a098;4036200000000000:3fe32a52247760eb;403a400000000000:3fdf8faf959cdfac;403f400000000000:3fd5aff9bf1f8a0e;4045100000000000:3fe13a8dd0daff25	403bbd8e9a316916	bits	0000000000000000			
rt-seed-0243	seeded	seeded-linear	0.01	LINEAR	0000000000000000:408f2edd8ce352f7;4035e00000000000:408accf1c8dee5c5;4039600000000000:405f033e5176cba3	4039600000000000	bits	405f033e5176cba3			
rt-seed-0244	seeded	seeded-linear	0.001	LINEAR	0000000000000000:40773e3cd149e55d;4032800000000000:40739a5ba6f9df18;403f400000000000:408851c1d4adf8d5;4047800000000000:408b0cd8d0902fd8	403f400000000000	bits	408851c1d4adf8d5			
rt-seed-0245	seeded	seeded-linear	0.5	LINEAR	0000000000000000:3fb83b0899ad8d48;4036c00000000000:3facaa661ef5eab0;4042500000000000:3fc48ce329d550b0;4043700000000000:3fd1c6ce3df10f7a	0000000000000000	bits	3fb83b0899ad8d48			
rt-seed-0246	seeded	seeded-linear	5	LINEAR	0000000000000000:bfd6be5296d5ff08;4032000000000000:3fc7c55bb594c410	401001c884273b58	bits	0000000000000000			
rt-seed-0247	seeded	seeded-linear	0.123456789012345678901	LINEAR	0000000000000000:405f8de602447dc1;4035000000000000:40569a80b7cd9c3a	0000000000000000	bits	405f8de602447dc1			
rt-seed-0248	seeded	seeded-linear	0.01	LINEAR	0000000000000000:404e95ecc8e46aa9;4036e00000000000:403323fb4eefc114;4040a00000000000:403dafd6cc6479a5	4036af65e66ccdd4	bits	40337d70a3d70a3d			
rt-seed-0249	seeded	seeded-linear	0.00	LINEAR	0000000000000000:4047d815259a37ce;4022c00000000000:4047a889a255afdb;403fc00000000000:405d7ce1bab3ee67;4048a00000000000:404798e8dc88c771	400625599d238906	bits	4047ca0b28b710f2			
rt-seed-0250	seeded	seeded-linear	0.1	LINEAR	0000000000000000:40872433cbb96009;402e800000000000:4084c521eee62531;4039200000000000:4062f3718618bad5;4041d00000000000:40757db2b19cdea1	4038098c17f4f2a8	bits	406a066666666666			
rt-seed-0251	seeded	seeded-linear	0.01	LINEAR	0000000000000000:3feed64ee2a9d6be;402e400000000000:bfe7ea929d239a5a;4043a00000000000:3fe64c3dafde6dd2;404d100000000000:3fe3b342ae22a160;4053080000000000:3fe9ab8f5edb1a32	4048a62f3354f9f3	bits	3fe51eb851eb851f			
rt-seed-0252	seeded	seeded-linear	1	LINEAR	0000000000000000:3fd6b9d6fe6170e0;4019000000000000:3fedf7f414b43c4a	4018638b19828181	bits	0000000000000000			
rt-seed-0253	seeded	seeded-linear	0.123456789012345678901	LINEAR	0000000000000000:c003397bbefb4560;4033200000000000:405829dce90f9f60	4052080000000000	bits	405829dce90f9f60			
rt-seed-0254	seeded	seeded-linear	1E-400	LINEAR	0000000000000000:4013ed1ab4051bc0;4035800000000000:4017ec09b158020e;403c800000000000:404269ab1a42a3d3;4049300000000000:405912458b4c5941	0000000000000000	bits	4013ed1ab4051bc0			
rt-seed-0255	seeded	seeded-linear	1E-400	LINEAR	0000000000000000:3fd36401057af552;4029c00000000000:3fdb7beeaa70cb68;403cc00000000000:3fe99e3c29beb85b;4044900000000000:3fd7ae5388df7634	400ba9a329d5676a	bits	3fd59075e2488d49			
rt-seed-0256	seeded	seeded-linear	0.00	LINEAR	0000000000000000:40661d9e71ddd387;4038200000000000:40776cd7d98ce752	4027cde7318b178d	bits	407128c88f97b915			
rt-seed-0257	seeded	seeded-linear	5	LINEAR	0000000000000000:3fe6b7082c2ea325;4033200000000000:3fb5b8b696789aa8;403f800000000000:3fc1649bc2c6fc60;4048600000000000:3fe8181c160cb476;4051000000000000:3fe80264c6169724	402632b3230ec290	bits	4014000000000000			
rt-seed-0258	seeded	seeded-linear	-1	LINEAR	0000000000000000:3fc0ef77b23900e4;402ac00000000000:3fed9e669634d2de;4042300000000000:3fd07641ea42b344	3ff6ecebc3621651	bits	3fcbd02d5463ce4c			
rt-seed-0259	seeded	seeded-linear	1E+3	LINEAR	0000000000000000:402ac9b539fe53ed;4001000000000000:402d92d534bcf8e3;4032c00000000000:401c24a5c4bb7697;4044500000000000:40504e45ef9cba9a	4031c40aa9c25390	bits	0000000000000000			
rt-seed-0260	seeded	seeded-linear	0.1	LINEAR	0000000000000000:3feab6d9cf708eb3;4026c00000000000:3fdb769b0f64d1fe	4015b0b493aaaf88	bits	3fe6666666666666			
rt-seed-0261	seeded	seeded-linear	0.001	LINEAR	0000000000000000:3fe4bb103425e4f9;4026400000000000:3fcaac072302f080;403c600000000000:3fef4d8dc54b88d9	400c15cd31dd7e10	bits	3fe051eb851eb852			
rt-seed-0262	seeded	seeded-linear	1E-7	LINEAR	0000000000000000:bfad3b420a8ccba0;4028800000000000:3fec520732c7a63c;4035c00000000000:bfd1c8601d873efc;403ae00000000000:3fece2fb39e9cee4	3fe1bd1d2d159d5d	bits	bf8d9d924c9e3e44			
rt-seed-0263	seeded	seeded-linear	0.2	LINEAR	0000000000000000:4048c1847ec184b4;402d400000000000:c04a1b2bc09853f4;403be00000000000:c0500eadbf72e786;4043d00000000000:c054557d96bc8c94	3ff7eda63eea91b8	bits	404399999999999a			
rt-seed-0264	seeded	seeded-linear	0	LINEAR	0000000000000000:4086742093e3465d;4028000000000000:4084781a98d5ab02;4029800000000000:408d594bab86e880	401c55a5e5d8e704	bits	4085483d45aee076			
rt-seed-0265	seeded	seeded-linear	0.123456789012345678901	LINEAR	0000000000000000:406cb54f1890774d;4036a00000000000:40642c0291a11daa;4042600000000000:40705be467aa25e0;4047300000000000:407e9d1947a028e8	4047300000000000	bits	407e9d1947a028e8			
rt-seed-0266	seeded	seeded-linear	0.01	LINEAR	0000000000000000:3fe15eaadd870e73;402a400000000000:3fdf0026c0be8ac8	4022af2f9f92e352	bits	3fe051eb851eb852			
rt-seed-0267	seeded	seeded-linear	0.5	LINEAR	0000000000000000:40452bf5b8b1734a;402a000000000000:404b17c2d568a358;4033a00000000000:405b4df70b85fb94;4037e00000000000:403df40d887990ea	4036cc9b7ee45498	bits	4049400000000000			
rt-seed-0268	seeded	seeded-linear	0.00	LINEAR	0000000000000000:3fea1ab80c927014;4028800000000000:3fc4d16ed8637b9c	4013e956cf48695f	bits	3fe19c9051b2296a			
rt-seed-0269	seeded	seeded-linear	0	LINEAR	0000000000000000:407f5f6343de59bb;4029800000000000:40785ed0fd536114;4038c00000000000:405a896061364ab5	40223dce52da7e76	bits	407a5d124d7f8548			
rt-seed-0270	seeded	seeded-linear	0.001	LINEAR	0000000000000000:4056d2076f27bfa4;4004000000000000:4053aad6789add61;4038200000000000:40490dd7d894001f	3ff5946423fccbbf	bits	40551e978d4fdf3b			
rt-seed-0271	seeded	seeded-linear	0.5	LINEAR	0000000000000000:406d55c902d7c358;401b000000000000:4086d9045bb07b1f;4036a00000000000:407fc9fbbac5234e;403c800000000000:40840d62846eaae6;4044900000000000:4083f87010b0fcc7	403909bb4c5929e7	bits	4081980000000000			
rt-seed-0272	seeded	seeded-linear	0.2	LINEAR	0000000000000000:3fd23043b3e33f98;4032800000000000:bfe25d554459935c;4042700000000000:3fdee42a9017fdd8	40336539e115dba3	bits	bfe3333333333333			
rt-seed-0273	seeded	seeded-linear	-1	LINEAR	0000000000000000:4029ea17d40b3cf8;4028c00000000000:4053f04c7d86fb7e;4036e00000000000:404e1b61aa023380;4040800000000000:4040865c779e98b8	4030ce0c695af28b	bits	4051e0ad0c25ed05			
rt-seed-0274	seeded	seeded-linear	-1	LINEAR	0000000000000000:bfc3c4a1397d8b78;4005000000000000:3fe07396f6673590;4019000000000000:bfea92b3623256e0;4034c00000000000:bfd0a0f53d517bf0	0000000000000000	bits	bfc3c4a1397d8b78			
rt-seed-0275	seeded	seeded-linear	5	LINEAR	0000000000000000:3fc2bf0952557058;4016000000000000:3f9c400fbf602220	3fdd6763cd83a9d4	bits	4014000000000000			
rt-seed-0276	seeded	seeded-linear	-1	LINEAR	0000000000000000:4075109bc01ed9f6;4022c00000000000:405a06f07b4339df;4032800000000000:4083608b965d9078	4022c00000000000	bits	405a06f07b4339df			
rt-seed-0277	seeded	seeded-linear	0.01	LINEAR	0000000000000000:3fa47ea5d779b240;4030000000000000:bfe15708042dc148;4041c00000000000:3fdfad98ddcc3734	4033fb0ea79399d3	bits	bfd5c28f5c28f5c3			
rt-seed-0278	seeded	seeded-linear	0.001	LINEAR	0000000000000000:bfd729e87e913d50;4019000000000000:bfdb92c44b8d80bc;4034800000000000:bfddac82e5cf2e30;4040a00000000000:3fc219912322ba68	403616877d0446e9	bits	bfd8e5604189374c			
rt-seed-0279	seeded	seeded-linear	5	LINEAR	0000000000000000:402652df5cb838f6;4028c00000000000:405df0ca26f66d6c;4042700000000000:40241ca388093609;404ba00000000000:4058428e99256978	403df169311c2bec	bits	4046800000000000			
rt-seed-0280	seeded	seeded-linear	0.123456789012345678901	LINEAR	0000000000000000:bfe96e2406812a8e;4034000000000000:3fe9e087bec7d02c;4036a00000000000:bfe9c1b91ec7b30a;4041c00000000000:bfd888081d5a2224	403e05fb8d258ee4	bits	bfdf9add3746f65f			
rt-seed-0281	seeded	seeded-linear	1	LINEAR	0000000000000000:4080b6f7cd82e44f;402b400000000000:40871b0faf172132;4032400000000000:406cb2a7e618f66f	402afc086e8b5ca4	bits	4087080000000000			
rt-seed-0282	seeded	seeded-linear	0.01	LINEAR	0000000000000000:bfdbd98029cbc348;4029400000000000:3fe453942a9acdb0;4032a00000000000:3fe69c2c43d30798;4043a00000000000:bfe4a52c39820a34	404165bfc99612c5	bits	bfd6666666666666			
rt-seed-0283	seeded	seeded-linear	5	LINEAR	0000000000000000:4051da75649831de;3fe4000000000000:403d1519550856ec;4032800000000000:4050c07984373038;4044a00000000000:403dc19fd0a6023e;404d300000000000:4038e8a203b76c65	40432bbf9b2e691e	bits	4041800000000000			
rt-seed-0284	seeded	seeded-linear	0.25	LINEAR	0000000000000000:40867441e562ecb1;4019000000000000:40804b7ccee10f7f;4037200000000000:406254b6bb421c1c;4037a00000000000:4041cb3becd1055c;4042600000000000:4074bf23992a8fd2	40419f9c12b223b9	bits	4072a00000000000			
rt-seed-0285	seeded	seeded-linear	0.01	LINEAR	0000000000000000:bfcf0e6c0ef03fb8;4037800000000000:bfc4a3f57f2055f0;4048100000000000:bfd4bb00d8fb6b68;404f600000000000:3f877b384a21dc80;4055800000000000:bfda797ec2cc5110	404e9bde18bdc83a	bits	bf9eb851eb851eb8			
rt-seed-0286	seeded	seeded-linear	0.25	LINEAR	0000000000000000:3fc4d0c34f4cefc8;4032c00000000000:bf9a44e8eee861c0;4042100000000000:bfd327a919945800;404ad00000000000:bfd9c1191735631c;404b500000000000:bfe3bfc970e423ae	4057e80000000000	bits	bfe3bfc970e423ae			
rt-seed-0287	seeded	seeded-linear	0.5	LINEAR	0000000000000000:3fe250b43878175a;401c800000000000:bfda7aa1a57a03ec	402e400000000000	bits	bfda7aa1a57a03ec			
rt-seed-0288	seeded	seeded-linear	1	LINEAR	0000000000000000:3feb876c8180222c;4020000000000000:3fdffd8c2c5418e2	3fff036eb0265400	bits	3ff0000000000000			
rt-seed-0289	seeded	seeded-linear	0.1	LINEAR	0000000000000000:40544bf4773577f6;3fec000000000000:4054ea49ad63ddc4;4033200000000000:c02b2f35b3d7c170;403f800000000000:4055f637a0919898;404bc00000000000:c054dd5dc6b0c3d4	4056a00000000000	bits	c054dd5dc6b0c3d4			
rt-seed-0290	seeded	seeded-linear	0.2	LINEAR	0000000000000000:3ff3537cdfa384c0;4015800000000000:4052a4971033c040;4035400000000000:c0219086c4777d50;4042300000000000:4050ab2c587212d6	0000000000000000	bits	3ff3537cdfa384c0			
rt-seed-0291	seeded	seeded-linear	5	LINEAR	0000000000000000:c024ff6d008e5b20;402d800000000000:c0447845e3cefad2;4035a00000000000:405493ff0e39e0d4;4040600000000000:4058b2405a883740;404ac00000000000:402e955cb98a2148	0000000000000000	bits	c024ff6d008e5b20			
rt-seed-0292	seeded	seeded-linear	0.5	LINEAR	0000000000000000:4034aec71db6f086;4011000000000000:406ab4a2ceb29681;402c400000000000:408e03ab518025f7;4039400000000000:4085a92fe37dcde9	4030458a68bee219	bits	408c680000000000			
rt-seed-0293	seeded	seeded-linear	5	LINEAR	0000000000000000:4072f60213880da9;4030200000000000:407031200044eea3;4033c00000000000:4064ccc9716319f3;4036c00000000000:40737a43818629ef	402c915a964ba478	bits	4070900000000000			
rt-seed-0294	seeded	seeded-linear	1	LINEAR	0000000000000000:40777e0b70e00c71;4036e00000000000:40816f6556a4e725;4042900000000000:4084cc8f53b72b4e;4044f00000000000:408da1457c917318;404bc00000000000:408b3fea94304d5a	404b5fd17a3a7257	bits	408b680000000000			
rt-seed-0295	seeded	seeded-linear	0.001	LINEAR	0000000000000000:403a40e248ee335f;4018000000000000:40553b62f5604220;4031600000000000:404bed063c1b94e3;4032a00000000000:4050fec513c31588;4043200000000000:404330e1eccd8dfe	4012e64e93bf0c0e	bits	40521d4fdf3b645a			
rt-seed-0296	seeded	seeded-linear	0.25	LINEAR	0000000000000000:403cbb716b94be98;4031400000000000:404edcdeef2aa594	401b0d4d2d03eedf	bits	4044c00000000000			
rt-seed-0297	seeded	seeded-linear	0.2	LINEAR	0000000000000000:bfe5a9075a1d557a;4027400000000000:bfb42a686feed130	0000000000000000	bits	bfe5a9075a1d557a			
rt-seed-0298	seeded	seeded-linear	0.00	LINEAR	0000000000000000:40692825fa87fc40;4007000000000000:4082353eabcc1c47;402f400000000000:4072513a18d6d385;4040e00000000000:407c02ea89dcc0cf;4043500000000000:407caac05681db31	4056680000000000	bits	407caac05681db31			
rt-seed-0299	seeded	seeded-linear	-1	LINEAR	0000000000000000:40158e854252c930;4034600000000000:c0407bec73026fde;4043900000000000:c04898d8183986d8	4013005b9361641f	bits	c00c6deeacb94244			
rt-seed-0300	seeded	seeded-linear	0.1	LINEAR	0000000000000000:4012d7d6f42eeeac;4033600000000000:404fd38ea9168db2;4039e00000000000:404f17a2037d3505;4040700000000000:404f66d2a0212962	403747e54b873ba9	bits	404f666666666666			
rt-seed-0301	seeded	seeded-linear	1E-400	LINEAR	0000000000000000:4054afbf43ef0a76;4038a00000000000:4036ffeb826cbfc5;4045600000000000:400cc44237c644d4;404a200000000000:402f3314dbee7b4b;404eb00000000000:404774ddc9f16b4f	4037cd5aae2a73ed	bits	4038feffb7eda916			
rt-seed-0302	seeded	seeded-linear	1	LINEAR	0000000000000000:c0461a9bf5b2d094;4032400000000000:40560052cb547242;403d800000000000:c045a5d2fc79bebe;4049000000000000:c045488154d6d643;404cc00000000000:c056c6fb5f877f95	404413879ae6a44c	bits	c045800000000000			
rt-seed-0303	seeded	seeded-linear	5	LINEAR	0000000000000000:3fe70acd341396e5;4036400000000000:3fe67295e42f006a;403bc00000000000:3feb7113a4eac5d5	4030a45616846702	bits	4014000000000000			
rt-seed-0304	seeded	seeded-linear	0.1	LINEAR	0000000000000000:c046b6c204d375cb;4021c00000000000:404e9049742c42ec;4025000000000000:40500ffc9c5f5866;402c000000000000:400f392a954ae620;4032400000000000:405291bd5414b1f2	40050cfa1aedcba3	bits	c02bcccccccccccd			
rt-seed-0305	seeded	seeded-linear	0.1	LINEAR	0000000000000000:bfc7d8b95855a090;4032000000000000:bfd1283132df15ec;403aa00000000000:bfe6795dca15ea62	402fe063fd50512f	bits	bfc999999999999a			
rt-seed-0306	seeded	seeded-linear	1E+3	LINEAR	0000000000000000:3fee695a8fed4dce;4026800000000000:3fdefa7e28bbbaa8;402b000000000000:3f96a35476eeacc0;402e000000000000:bfdc83e1556c3ae0	4043800000000000	bits	bfdc83e1556c3ae0			
rt-seed-0307	seeded	seeded-linear	0.1	LINEAR	0000000000000000:40503551d6468bc7;4025c00000000000:404349ca86374e4b	4042f00000000000	bits	404349ca86374e4b			
rt-seed-0308	seeded	seeded-linear	1E+3	LINEAR	0000000000000000:4028e1bd538ef158;4037200000000000:402a62480fa0b828	4034777a24a24623	bits	0000000000000000			
rt-seed-0309	seeded	seeded-linear	1	LINEAR	0000000000000000:3fdcdeee63b08afe;401d000000000000:3fedb615f55750af	4019851588b79372	bits	0000000000000000			
rt-seed-0310	seeded	seeded-linear	0.10	LINEAR	0000000000000000:bfead512d8bbfec4;4024c00000000000:bfde0289c427a308;4041b00000000000:3fda0d1189f3d99c;404be00000000000:bfe17f99792b3d28;4051580000000000:3fb26562a37f0690	0000000000000000	bits	bfead512d8bbfec4			
rt-seed-0311	seeded	seeded-linear	0.01	LINEAR	0000000000000000:407b6a0ca76deed0;400e000000000000:40714f34c2759e41	3ff9fc757fc38506	bits	407709c28f5c28f6			
rt-seed-0312	seeded	seeded-linear	0.5	LINEAR	0000000000000000:403f64a05ef1ecac;4025000000000000:4019bd4b31afddfe;402f000000000000:4055eb2e686a0359;4044500000000000:405f4af65d8f1240;404aa00000000000:402db731e3d6dc1c	4024829a093f6405	bits	401e000000000000			
rt-seed-0313	seeded	seeded-linear	-1	LINEAR	0000000000000000:40507bdff1a57243;4037e00000000000:40559e95617b19d1;4044300000000000:4056adae07c4f9c2	4032c67a9b3b6676	bits	405485c31eee8b91			
rt-seed-0314	seeded	seeded-linear	1E+3	LINEAR	0000000000000000:4049224407603d22;4029400000000000:40458a300ff87ad4	4022c8c177d8ab9a	bits	408f400000000000			
rt-seed-0315	seeded	seeded-linear	0.2	LINEAR	0000000000000000:405582581c26d1fc;4022c00000000000:404d2108461304c1	401e36da42da7ab5	bits	404fe66666666666			
rt-seed-0316	seeded	seeded-linear	0.00	LINEAR	0000000000000000:408eae63f11365a7;3fe4000000000000:408d28d9c0456393	3fe2336574a089d2	bits	408d4be4ecb7547d			
rt-seed-0317	seeded	seeded-linear	0.2	LINEAR	0000000000000000:405b570ae1b3fa4f;4026c00000000000:4059d3c590572953;4033400000000000:40411a95f87c48dc;4043c00000000000:4058dfd892faf187;404d200000000000:404de7034df5d9cd	404256f37da31af4	bits	405699999999999a			
rt-seed-0318	seeded	seeded-linear	0.1	LINEAR	0000000000000000:4071181f276900aa;4030800000000000:406dabb155c5236d;403f400000000000:4089ac47e8cdb330	4018bc3265928c46	bits	4070400000000000			
rt-seed-0319	seeded	seeded-linear	0.2	LINEAR	0000000000000000:4065139b2e618f6b;4008000000000000:408ce98705b2b326;4035400000000000:4087620995ff7ca8	404a200000000000	bits	4087620995ff7ca8			
rt-seed-0320	seeded	seeded-linear	0.123456789012345678901	LINEAR	0000000000000000:4058e2f0e715f7d7;4039200000000000:405d66cb2c167b5e;4047c00000000000:4050aab92aaf3f19	0000000000000000	bits	4058e2f0e715f7d7			
rt-seed-0321	seeded	seeded-linear	1E-400	LINEAR	0000000000000000:404720fe602de91f;402ac00000000000:402a5ae1027464f9;403e000000000000:405f9af84e518f05	4014ef75e4cd0cc7	bits	4040a80e3a531735			
rt-seed-0322	seeded	seeded-linear	0.123456789012345678901	LINEAR	0000000000000000:3fe9af568eefc884;4029800000000000:3fe08c7d63fbc682;4041200000000000:bfe23cd9622dd372	404aa00000000000	bits	bfe23cd9622dd372			
rt-seed-0323	seeded	seeded-linear	1	LINEAR	0000000000000000:407b938fb72dd551;4027c00000000000:406400960622db29;4032a00000000000:40817382da6e7090;4036400000000000:408476bff576f8e4	4020be863afa0a8c	bits	406e600000000000			
rt-seed-0324	seeded	seeded-linear	1	LINEAR	0000000000000000:3fde7d3318ee13ac;4027000000000000:3fc25eaf0061e5a0;4036400000000000:3fd20e1768909e20	4052500000000000	bits	3fd20e1768909e20			
rt-seed-0325	seeded	seeded-linear	1	LINEAR	0000000000000000:3fe0f848d8d46036;4038800000000000:bfe752892bb6e97e;4045b00000000000:bfe97dd4fa8d33d2	40244618415d3fb3	bits	0000000000000000			
rt-seed-0326	seeded	seeded-linear	1E-400	LINEAR	0000000000000000:4025ef487d50a910;4032000000000000:404d21586ea05314	402db00bd9757cdf	bits	4048fbe8385bd0d4			
rt-seed-0327	seeded	seeded-linear	1E-400	LINEAR	0000000000000000:407f15ec267a09e1;4032e00000000000:4060b8395b0a42ed;4039c00000000000:4084f8f3768f22b7;4048300000000000:406411a6cb701672;4051a80000000000:40672d6d5091bb04	4050a23ab54ec698	bits	40669b243438ea52			
rt-seed-0328	seeded	seeded-linear	0.25	LINEAR	0000000000000000:4054b98eccf49721;402ec00000000000:405e3ad9a0505dbd;403a800000000000:40556234762d07f0;4048400000000000:4059ad93624607ba;404a500000000000:4028ed0b221e7e55	4046fa033f3c685a	bits	4059200000000000			
rt-seed-0329	seeded	seeded-linear	0.5	LINEAR	0000000000000000:3fd2d362e478e2e2;401b800000000000:3fc922207b693db0;4023000000000000:3fe14a2d7c0d32bf;4041700000000000:3fe0e618b94516bc;404bb00000000000:3fe7294efb82dad1	4050580000000000	bits	3fe7294efb82dad1			
rt-seed-0330	seeded	seeded-linear	-1	LINEAR	0000000000000000:404661cb30156bac;3ff6000000000000:3ffd589c70fac5c2;4012800000000000:4038db8f2b2200dd;403c800000000000:4046e8b5c138af44;4044700000000000:405dd3e424f897f7	4036b7ec4b741afc	bits	40445f03843a598e			
rt-seed-0331	seeded	seeded-linear	0.10	LINEAR	0000000000000000:4084ca43a521efa6;4033400000000000:4085ca3e8e5a4508	0000000000000000	bits	4084ca43a521efa6			
rt-seed-0332	seeded	seeded-linear	0	LINEAR	0000000000000000:405073919d70964b;4036600000000000:404727799a0e4667;4037400000000000:405dbc6ba2aaf0fa;403e000000000000:4059ff1ca3090666;4040400000000000:405dbab1232d3948	4021df7d9f524431	bits	404d0260b3e7c4ee			
rt-seed-0333	seeded	seeded-linear	0	LINEAR	0000000000000000:3fb075a738ef7060;402a400000000000:bfd3c6b3d6743868;4038000000000000:3fe5f10d5133bd9c;4043400000000000:3fd6998079bb3ca8	4024c0e683174c55	bits	bfcd8c19aad50920			
rt-seed-0334	seeded	seeded-linear	0.10	LINEAR	0000000000000000:3fb99e4040fb82d0;4037200000000000:bfb2874d72076980;4039200000000000:3fd97152c489d734;403a400000000000:3fea76963d065e18;4042800000000000:bfec44bc851f05ac	3ff92f0f5edb3a8c	bits	3fb999999999999a			
rt-seed-0335	seeded	seeded-linear	1E-400	LINEAR	0000000000000000:3fb5171c3e50d3c0;4038800000000000:3feb5c612673630e;4047600000000000:bfe875d6d9b5487a;4049200000000000:3fdd2a950de5ab1c;4052200000000000:3fd99df16fb790a4	400300c7428d3654	bits	3fc4223d7f40d514			
rt-seed-0336	seeded	seeded-linear	0.1	LINEAR	0000000000000000:bfc1bee5b54c1530;4037c00000000000:3fde9c8feba355a8	402d579a1ce35d43	bits	3fc999999999999a			
rt-seed-0337	seeded	seeded-linear	0.123456789012345678901	LINEAR	0000000000000000:408a93a59dec198c;4030e00000000000:40558e1c12e1b0b1	402de85fdeb63f6b	bits	4065aaaaa76525e6			
rt-seed-0338	seeded	seeded-linear	-1	LINEAR	0000000000000000:c043469d4709c608;4020c00000000000:c040eb08e5bd8b4a	4008c44a6194e07f	bits	c042677fd03924ad			
rt-seed-0339	seeded	seeded-linear	0.2	LINEAR	0000000000000000:3fde7ba76b734c8a;4032a00000000000:3fe1e262bfceb10b;4039a00000000000:3fc77b6acb95b5d4;4047d00000000000:3fe36c8d4aa804f5	0000000000000000	bits	3fde7ba76b734c8a			
rt-seed-0340	seeded	seeded-linear	0	LINEAR	0000000000000000:3fef0cdbbf1ac700;4037600000000000:3fe14b33fbba64c4;403dc00000000000:3fd873eb153db122	404f600000000000	bits	3fd873eb153db122			
rt-seed-0341	seeded	seeded-linear	-1	LINEAR	0000000000000000:3fde6b343c4cdab4;4029000000000000:3fe06788e838a792	401a0334a926dc58	bits	3fdfa987017476df			
rt-seed-0342	seeded	seeded-linear	0.5	LINEAR	0000000000000000:3fe84a0ea2050f7f;4027c00000000000:3fed21b3d51fdc0b	0000000000000000	bits	3fe84a0ea2050f7f			
rt-seed-0343	seeded	seeded-linear	1E-7	LINEAR	0000000000000000:3fde723dac6fdab0;3ff4000000000000:3fc0373c044d1914;4015800000000000:3fe1f6e62b28f772;4030200000000000:3fd62b48fdf69b6e;403bc00000000000:3fe2c8db044df5ee	3feb2da25c7c0dae	bits	3fce895f8fb2900b			
rt-seed-0344	seeded	seeded-linear	1	LINEAR	0000000000000000:4040c86144e19411;4037600000000000:404f2065d7c2554c;403a800000000000:40529357645aade7;4041e00000000000:4052c9dd9dedf737	4039b06004cc738a	bits	4051c00000000000			
rt-seed-0345	seeded	seeded-linear	1	LINEAR	0000000000000000:3fc9329244510010;4011800000000000:3f70e72a0499cc00	3ff91a23c51fa806	bits	3ff0000000000000			
rt-seed-0346	seeded	seeded-linear	0.5	LINEAR	0000000000000000:3fec68ab2b1f9d8c;4013000000000000:3fd81f9a3d8d24e4;4023000000000000:3fded942db2f3916;4029000000000000:3fdbb70d6a934fd0;4033800000000000:3fdd3eb5eeba5e56	40280a94bbb9ec04	bits	3fe0000000000000			
rt-seed-0347	seeded	seeded-linear	0.00	LINEAR	0000000000000000:c018b57492476090;402d000000000000:c05632aabc9adf98;4040400000000000:404e27e376dee418;4046d00000000000:c04b6e8b7e286ec1	402092367831e0a9	bits	c04ab13c7d2248d8			
rt-seed-0348	seeded	seeded-linear	0.01	LINEAR	0000000000000000:3fdff6831f18ad80;4026800000000000:3fe444968cc7f5eb;403fa00000000000:3fcb0da12e898ae0;4049f00000000000:3fe19a8fe28dec90;4052900000000000:3fdcc7ab0605429a	0000000000000000	bits	3fdff6831f18ad80			
rt-seed-0349	seeded	seeded-linear	1E-7	LINEAR	0000000000000000:407e946e698725dc;400d000000000000:408bfa1357e2c185	400bddb00fb22d53	bits	408b7b11c5b80595			
rt-seed-0350	seeded	seeded-linear	0.10	LINEAR	0000000000000000:4066b48d22d26d10;4019000000000000:407f5080985e8118;4038600000000000:4086cf2be7e8982b;4040100000000000:408813cdc6a4961a	3ff5ba7757b3e95b	bits	406f600000000000			
rt-seed-0351	seeded	seeded-linear	-1	LINEAR	0000000000000000:407f5903bd854d07;4024000000000000:40439719d1dd0224	401204f3c97a4a7f	bits	407254479134c342			
rt-seed-0352	seeded	seeded-linear	1E-7	LINEAR	0000000000000000:402e762061f9d0f1;4013800000000000:4081384493d68b15;4030c00000000000:40769b49f4cb0b31	400e996435fa7044	bits	407b39e5dd8f92b0			
rt-seed-0353	seeded	seeded-linear	0.001	LINEAR	0000000000000000:408004ee81a64171;4033200000000000:408b89f3c2b9680d	0000000000000000	bits	408004ee81a64171			
rt-seed-0354	seeded	seeded-linear	1	LINEAR	0000000000000000:3fe74964af9e8e28;4037400000000000:3feabd6e95ebe297;4046600000000000:3feccbf390f301a9;4050800000000000:3fe7e87ab2afafe5;4056980000000000:3fd0a10623c97f1a	4038371fc9af3f3f	bits	0000000000000000			
rt-seed-0355	seeded	seeded-linear	5	LINEAR	0000000000000000:40415df09dece81c;4028800000000000:404fa09f884ba6dc;4038000000000000:404abdfce793a4e0;4039e00000000000:40564ac459399eae	4047f00000000000	bits	40564ac459399eae			
rt-seed-0356	seeded	seeded-linear	0.00	LINEAR	0000000000000000:40444de1be08dd46;402e400000000000:4023cf8443f3c203;403b800000000000:4050f3aef0deb890	0000000000000000	bits	40444de1be08dd46			
rt-seed-0357	seeded	seeded-linear	1	LINEAR	0000000000000000:4083e0920be37001;3fe4000000000000:408b5a8d553d1e87;4037600000000000:4083d993531bf16d	3fe4000000000000	bits	408b5a8d553d1e87			
rt-seed-0358	seeded	seeded-linear	0.5	LINEAR	0000000000000000:c051f0ddc1e19aaf;4004000000000000:4055d39db33fb3f2;401b800000000000:c055b1d364a45927;402d400000000000:c058187311717e7f;403ec00000000000:400c424928427600	4036413e1c71f16a	bits	c048800000000000			
rt-seed-0359	seeded	seeded-linear	0.00	LINEAR	0000000000000000:3fbb826448520a50;4008000000000000:bfcee5f843492888;4038c00000000000:3fdb69c7125a8bac;4046800000000000:3fe05cc7210e2d22;4048d00000000000:bfe062ce9a5a7238	40425ae8c9754715	bits	3fde8ce6c4b98c82			
rt-seed-0360	seeded	seeded-linear	0.10	LINEAR	0000000000000000:408b0e1146476963;402e000000000000:4081b8cc843b13a2;403c000000000000:40642ec1c49e4710	40368df6a171f12b	bits	4074b66666666666			
rt-seed-0361	seeded	seeded-linear	0.5	LINEAR	0000000000000000:3fef66803f98dbd1;4033e00000000000:3fdbfe2888a991ce	401cad285f58c16a	bits	3ff0000000000000			
rt-seed-0362	seeded	seeded-linear	5	LINEAR	0000000000000000:4052fed17ba3e936;4034400000000000:405cc0d6fc2f69e1;4043900000000000:403cea9b56ee3631	402473012974ebf5	bits	4057c00000000000			
rt-seed-0363	seeded	seeded-linear	0.01	LINEAR	0000000000000000:40570e046909884a;401c000000000000:c04dd1ecebb8cf4c;401f000000000000:40416d475dbb5124;4034e00000000000:c053ef688f9ed7e8;4042c00000000000:c03f647daaeac770	40245b59156940d6	bits	402b51eb851eb852			
rt-seed-0364	seeded	seeded-linear	0.25	LINEAR	0000000000000000:4081b4e2b69b0e43;4035000000000000:4087c41afcea6719;403ec00000000000:4084c0242eed8f23;4049200000000000:4086d55808effe13	401d46b973fb3d57	bits	4083d00000000000			
rt-seed-0365	seeded	seeded-linear	1E+3	LINEAR	0000000000000000:3fefb112920ce240;4020000000000000:bfeb38869de7578a	400c96281fd60608	bits	0000000000000000			
rt-seed-0366	seeded	seeded-linear	-1	LINEAR	0000000000000000:bfe77cc191c12394;4035400000000000:3faa32fe864c8400;4039400000000000:bfe12d5e70afb66e	401365ee2a110a20	bits	bfe1c0e603b6d905			
rt-seed-0367	seeded	seeded-linear	1E-400	LINEAR	0000000000000000:40453f1c13844abc;4030800000000000:4042fbbae15c0d05	400b837054bfa70b	bits	4044c658bbbff412			
rt-seed-0368	seeded	seeded-linear	0	LINEAR	0000000000000000:40765d5ea8eacffd;402a400000000000:4087c6b272c57171;403d600000000000:400db9a5989d99ae	3fd613435e8b5cfc	bits	407706d2ff069df9			
rt-seed-0369	seeded	seeded-linear	0.5	LINEAR	0000000000000000:3fc88981e88aa290;3ff0000000000000:bfe3f82c935664ca;4020c00000000000:bfd78830ee3ce884;4034e00000000000:bfb216a74b801320	40346fc83da670fc	bits	0000000000000000			
rt-seed-0370	seeded	seeded-linear	0.10	LINEAR	0000000000000000:c0460bbfc660a7b6;4032a00000000000:40420939db445228;403e600000000000:c058bea2b683fec8;404ae00000000000:40544941e0620bd4;4051080000000000:c050e94320745c31	403f453ba874c062	bits	c057000000000000			
rt-seed-0371	seeded	seeded-linear	0.1	LINEAR	0000000000000000:bfea13e0d7bdc084;4032800000000000:bfd7a09c4ffdacd0	4031de1c03366e43	bits	bfd999999999999a			
rt-seed-0372	seeded	seeded-linear	0.5	LINEAR	0000000000000000:40607d54dc8dfe9d;4031200000000000:406b2c88c9bedd48;4042100000000000:4085ba7ff70be4a8;4045600000000000:408363a81292529f;404d600000000000:4064f8ad0be1e5d6	402603521b0b5536	bits	4067500000000000			
rt-seed-0373	seeded	seeded-linear	0.01	LINEAR	0000000000000000:bfd42ff1b44f6dc8;3ffc000000000000:3fed491977f6da66;4025800000000000:3fd47c131cf7aed0;4037e00000000000:bfedf5648d7eab4a	0000000000000000	bits	bfd42ff1b44f6dc8			
rt-seed-0374	seeded	seeded-linear	0.00	LINEAR	0000000000000000:3f654044d80f9c00;3ffe000000000000:3fd327fac17247fa;4030000000000000:3fdc7f3575536798;4035200000000000:3f951404de9aa1e0	40298469ce999a54	bits	3fda5a7944fd0866			
rt-seed-0375	seeded	seeded-linear	0.1	LINEAR	0000000000000000:c056370cad6c9bef;402cc00000000000:c0352ca9c5aedf4c;403d800000000000:c04f56d8c3341848;4043c00000000000:c03235be6c891958	4036638c7e0fe5cb	bits	c0458ccccccccccd			
rt-seed-0376	seeded	seeded-linear	0.1	LINEAR	0000000000000000:4055495bcd9c746e;400c000000000000:40621d3fc681dbf8	3fe2f8aba9c48b8a	bits	4057cccccccccccd			
rt-seed-0377	seeded	seeded-linear	0.10	LINEAR	0000000000000000:bfdfa65d4393df80;4001000000000000:bfdb1a2f98b3cfac	3ff8cb8e46418025	bits	bfd999999999999a			
rt-seed-0378	seeded	seeded-linear	-1	LINEAR	0000000000000000:403b1b04ea8dd5b8;400a000000000000:401bb19b43d89df0;4032800000000000:c041027083af644c;4036a00000000000:40486f517dbfaec4;4043000000000000:c058380668a0823d	403108ef273204af	bits	c03e15eb63c514b0			
rt-seed-0379	seeded	seeded-linear	1	LINEAR	0000000000000000:3fc807367be91b48;3ff2000000000000:bfd08d84aed81570	0000000000000000	bits	3fc807367be91b48			
rt-seed-0380	seeded	seeded-linear	1	LINEAR	0000000000000000:4056ab5f27a8299a;4033c00000000000:400aecbe4d90cecd;4041e00000000000:4027055825db8070;4046100000000000:402b36da227e02e5	400ee96760452acf	bits	4052800000000000			
rt-seed-0381	seeded	seeded-linear	0.1	LINEAR	0000000000000000:405873f060c3d3fa;4016000000000000:402a1436bc486118	4008cb00ea5338fc	bits	40490ccccccccccd			
rt-seed-0382	seeded	seeded-linear	5	LINEAR	0000000000000000:3fb1b49e59be6c58;3ff8000000000000:3feb6c9b57daa84c;401a000000000000:3fc7b37ce08ff9a8;4033200000000000:3fd224b90c806c6a	4029bb0a8b9aa184	bits	0000000000000000			
rt-seed-0383	seeded	seeded-linear	0.10	LINEAR	0000000000000000:3ff932ad626b0f9c;4017800000000000:4043f3777757cdd9	400a833faf2d4765	bits	403719999999999a			
rt-seed-0384	seeded	seeded-linear	0.25	LINEAR	0000000000000000:c01901aedb7f9ef0;4018000000000000:405592991a1c58ea;403cc00000000000:405592f7777bd0b8	401f485f64387877	bits	4055900000000000			
rt-seed-0385	seeded	seeded-linear	0.123456789012345678901	LINEAR	0000000000000000:4054ae2b0c51595a;4037000000000000:405026847b7cf013;4040f00000000000:403c5c8a9d786651;4045a00000000000:4052d50916468b8f	4050100000000000	bits	4052d50916468b8f			
rt-seed-0386	seeded	seeded-linear	0.00	LINEAR	0000000000000000:4078df0d9cd079cc;4020000000000000:40216dff4f2a5837;403aa00000000000:40751b50cd15fde3	0000000000000000	bits	4078df0d9cd079cc			
rt-seed-0387	seeded	seeded-linear	1E-7	LINEAR	0000000000000000:4038ae509b099ce8;401d800000000000:3fff7fc05cafc95b	400c348ffaba3ff7	bits	402ba579a1ac8d92			
rt-seed-0388	seeded	seeded-linear	-1	LINEAR	0000000000000000:3fcb0d546c7bbe8c;4020400000000000:3fc79695c23b0f78;4034e00000000000:3fd5c0d76d34604a	4033d13457653806	bits	3fd4ed51e5917b39			
rt-seed-0389	seeded	seeded-linear	0	LINEAR	0000000000000000:404ca634d0759736;402e400000000000:40553929076b4483;403d400000000000:40539ea333402090	4030c41122555d26	bits	405509786397f932			
rt-seed-0390	seeded	seeded-linear	1	LINEAR	0000000000000000:3fefccce6b6f731f;4002000000000000:3fdd8c4071ade1ce;4031200000000000:3fe508f20d49f907;403dc00000000000:3fc5741beddf01f4	4032b79df1f3833b	bits	3ff0000000000000			
rt-seed-0391	seeded	seeded-linear	1	LINEAR	0000000000000000:3fdcb08124f29428;402e400000000000:bfd2dd49358e2f6c;403e600000000000:bfd0cd23dedad658;4047800000000000:3fe33425e583ccbc	0000000000000000	bits	3fdcb08124f29428			
rt-seed-0392	seeded	seeded-linear	1E-400	LINEAR	0000000000000000:4085abdf79a86f36;4015000000000000:406b8f047dcd7647;4031000000000000:407458c6fefa0c96;4031e00000000000:408c2a1f11d203c7;4043b00000000000:4080888442956a1c	3fedd875ff5dc3e2	bits	40830b9dcbe43f99			
rt-seed-0393	seeded	seeded-linear	0.5	LINEAR	0000000000000000:3fea31a911628670;4039600000000000:3fe021723a5e5c71	0000000000000000	bits	3fea31a911628670			
rt-seed-0394	seeded	seeded-linear	0	LINEAR	0000000000000000:3fe654be62341b50;4035400000000000:3fcbd5c16cd64c1c	40023416bb75bf23	bits	3fe4af5aadd1277c			
rt-seed-0395	seeded	seeded-linear	0.1	LINEAR	0000000000000000:3fc4fb4de2980214;4024400000000000:3fc38f9099c37e20	40237cb6e2554c6c	bits	3fc999999999999a			
rt-seed-0396	seeded	seeded-linear	0.10	LINEAR	0000000000000000:3fdd8bb947972d18;4028c00000000000:bfd1afa8d19d219c;4039c00000000000:3fe9f42c4f147e96;4042e00000000000:bfe543c3469a2f00;404eb00000000000:3fdbd32fe4059bb0	404538080a95fb5c	bits	bfd999999999999a			
rt-seed-0397	seeded	seeded-linear	0	LINEAR	0000000000000000:4023a0c6c3208680;4036000000000000:4022d7ffef5fb618;4040100000000000:4022bce1a3b5e060;4049200000000000:c04dc635e16a5979;4051b80000000000:40199a091b133e30	403179ad5d589994	bits	4023014b08e0f1aa			
rt-seed-0398	seeded	seeded-linear	1E+3	LINEAR	0000000000000000:3fe15290e6c9eef4;4036e00000000000:3fd24cbca9945d5c;4046600000000000:3feb81af89db3d1f	40367c9047e9ee4f	bits	0000000000000000			
rt-seed-0399	seeded	seeded-linear	5	LINEAR	0000000000000000:4079c1c4c3ba1538;401c800000000000:408e7a483f273021;402d800000000000:408f180c23c32933;403fa00000000000:406cafb1441cd5d4	4022c3848348acae	bits	408ea00000000000			
rt-seed-0400	seeded	seeded-linear	1E+3	LINEAR	0000000000000000:3fcadf85d8eb32b8;4036e00000000000:3fed3833f9ec0073;4045300000000000:3fe5ed0e23c2afcc;404b000000000000:3fd3fb5d58b90cc8;404e400000000000:3fe090695703d886	4035af7dbc295318	bits	0000000000000000			
rt-seed-0401	seeded	seeded-linear	1	LINEAR	0000000000000000:404ce004cf69c184;4037e00000000000:c051218295086d6a	4005251eea9a929c	bits	4046000000000000			
rt-seed-0402	seeded	seeded-linear	0.00	LINEAR	0000000000000000:3fb7f1d703312b10;3ffa000000000000:3fd7ff3b5c7a759c	3ff2bbdefaf69af7	bits	3fd2f6acf581527a			
rt-seed-0403	seeded	seeded-linear	0.5	LINEAR	0000000000000000:3fc85f951d013a04;4031e00000000000:3fd557c1984eb1ba;4040800000000000:3fd039a3cb5a2a08;404cc00000000000:3fedae8a70ac83cb;4050880000000000:3fe8eaf6f83abcca	404da6647114832c	bits	3ff0000000000000			
rt-seed-0404	seeded	seeded-linear	0.00	LINEAR	0000000000000000:c05258b554eac198;4039200000000000:403ca903f6134d68;4047800000000000:c03b33c642b52974;4048800000000000:c05623fabaccfa71	402d1fefd50b3be2	bits	c02c7b0dbb72b964			
rt-seed-0405	seeded	seeded-linear	0.01	LINEAR	0000000000000000:405c817e4cfa6662;4037800000000000:401730fa716a21ba;4048000000000000:404a3e77e6411d37;4052480000000000:4049c99f8b2fa71e;4054a00000000000:40580524ab49fd5c	4051eb472af70001	bits	4049d0a3d70a3d71			
rt-seed-0406	seeded	seeded-linear	5	LINEAR	0000000000000000:403ee23f688f5c57;4033a00000000000:401f99f891690832	401861882361a6b0	bits	4039000000000000			
rt-seed-0407	seeded	seeded-linear	0.5	LINEAR	0000000000000000:405615f938ea6a4c;4032a00000000000:40890a4aba63782c;403fa00000000000:4088bccebf5692e2;4044a00000000000:4087a0b0877ab0f5	4035ea286d3a34f8	bits	4088f80000000000			
rt-seed-0408	seeded	seeded-linear	0.123456789012345678901	LINEAR	0000000000000000:3fedc6ec4c3fe547;4014000000000000:3fca950f8c6311e8;4030000000000000:3febe8a2c09a748c	4009b8b35a251024	bits	3fdf9add3746f65f			
rt-seed-0409	seeded	seeded-linear	0.00	LINEAR	0000000000000000:4052a0c0d00c7bc0;4017000000000000:40338b6696a28c85;4023000000000000:405573a07596344e;4026400000000000:405ed1c974b9dcaf	401b2bb9601211cf	bits	4042fc05e45a845c			
rt-seed-0410	seeded	seeded-linear	0.001	LINEAR	0000000000000000:3fc1cdccb2624558;402bc00000000000:bfeee24ee2eb4128;4041c00000000000:3fe79c536aa50d34;404e200000000000:3fe527accd5b56ba;4050280000000000:bfc6948756c36490	4030588d398f55c3	bits	bfe8ac083126e979			
rt-seed-0411	seeded	seeded-linear	0.25	LINEAR	0000000000000000:40494d41d3a8b7bb;400b000000000000:4030bc78f134db8e;4012000000000000:4050109eae382793;4039400000000000:4053980a332dfe1c	3fcf3d895eae6c23	bits	4048200000000000			
rt-seed-0412	seeded	seeded-linear	1E-400	LINEAR	0000000000000000:4038f886aaca5dbe;4015800000000000:403326af7beed21c	0000000000000000	bits	4038f886aaca5dbe			
rt-seed-0413	seeded	seeded-linear	0.1	LINEAR	0000000000000000:4041efddfc73605c;401e800000000000:4025ec96b03a9758	4029400000000000	bits	4025ec96b03a9758			
rt-seed-0414	seeded	seeded-linear	1E-400	LINEAR	0000000000000000:4054aed05caf52da;3ffa000000000000:40554d06d41f1b81;4016000000000000:404a9e9ce3d4238d	401254408da7ece7	bits	404e679865b3d8b6			
rt-seed-0415	seeded	seeded-linear	1E-400	LINEAR	0000000000000000:406bd1bc47e2312a;402c800000000000:40807ac8b97d765c;4035a00000000000:40849f81a3cda1c1;4040e00000000000:40868454fedc6ae3	4028acf01a7cbdd0	bits	407e6727e2e9e7df			
rt-seed-0416	seeded	seeded-linear	1E-400	LINEAR	0000000000000000:406c26e5af694580;4024c00000000000:4058844c9b564808;4040300000000000:408b15d206014926;4049700000000000:4070eebc92a8f8e7	4015edf2cd91524e	bits	4063c0e254c17c72			
rt-seed-0417	seeded	seeded-linear	0.2	LINEAR	0000000000000000:3fefde52d1df9640;4027c00000000000:bfecbe61141b93e0	3fed60d51a417350	bits	3ff0000000000000			
rt-seed-0418	seeded	seeded-linear	1	LINEAR	0000000000000000:404be6d43df69459;4034600000000000:4076ead46c068c3b;403f400000000000:407ce9f8e94f9e22	4030e13505f9bb1d	bits	4073900000000000			
rt-seed-0419	seeded	seeded-linear	1E+3	LINEAR	0000000000000000:408828084538651a;4001000000000000:406c054596fa8701;4019000000000000:4085a00c33ff5a9a	40079509ff0b7bab	bits	0000000000000000			
rt-seed-0420	seeded	seeded-linear	5	LINEAR	0000000000000000:40560fa64b956ac5;4031400000000000:40569b93d9ec7ad1;403e600000000000:404577a779e3d4f6;4041a00000000000:40429fab76f5bb9c;404b000000000000:403f0a0afebc3c31	403e600000000000	bits	404577a779e3d4f6			
rt-seed-0421	seeded	seeded-linear	0.2	LINEAR	0000000000000000:3fdf981cdb2dba14;4022400000000000:bfe214cb30705890;402c800000000000:3fe08c5d073b485e;403c000000000000:3fc898becef9d608;4046a00000000000:3fe6ce73a820d8e6	4057900000000000	bits	3fe6ce73a820d8e6			
rt-seed-0422	seeded	seeded-linear	0.001	LINEAR	0000000000000000:4057f9db64d47575;4030200000000000:404dd436f4803832	4021c89b01fb0ca7	bits	4052fab020c49ba6			
rt-seed-0423	seeded	seeded-linear	0.01	LINEAR	0000000000000000:40815f06008580e3;4028000000000000:407e6eff2c35710b;4041f00000000000:408ad17854f93930;404a800000000000:407733088f52d687;4052f80000000000:4080b4e340cfb89f	0000000000000000	bits	40815f06008580e3			
rt-seed-0424	seeded	seeded-linear	5	LINEAR	0000000000000000:bfe98c8ebf01b824;3ff4000000000000:3fe94f3e46361cfa	3fc1e9380384d64b	bits	0000000000000000			
rt-seed-0425	seeded	seeded-linear	0.10	LINEAR	0000000000000000:40566e1dea856cfa;402dc00000000000:c0586f2cc578f3ae;4038400000000000:4010971ba39c1910;4048200000000000:4043227d915d089c	404481dff2e35467	bits	403be66666666666			
rt-seed-0426	seeded	seeded-linear	1E-7	LINEAR	0000000000000000:4053b721b7972d06;4030a00000000000:40589aefbc2cfeaf;4043a00000000000:404c7bfb25b54e57;4046000000000000:405947e37a444bf2;4050080000000000:4024bf80ca74f841	404eb6a8d0ab0069	bits	40368a39a1e23d77			
rt-seed-0427	seeded	seeded-linear	1E-400	LINEAR	0000000000000000:3fc94e6e12183028;4030000000000000:3fd32adf62d32180	402171611b2b2b62	bits	3fd0343d27d90bdd			
rt-seed-0428	seeded	seeded-linear	0.001	LINEAR	0000000000000000:3fdeed2499ebedfa;402c400000000000:3fe4b1ba66fe7841;403c200000000000:3fe8eb7e08e9024d	4031b06af43ffe85	bits	3fe5c28f5c28f5c3			
rt-seed-0429	seeded	seeded-linear	0.10	LINEAR	0000000000000000:404cfdd8da3db495;4024c00000000000:4030f12fe34418e3;4041c00000000000:40478a999b3d86a9;4043e00000000000:405715a0980a87bf	4046600000000000	bits	405715a0980a87bf			
rt-seed-0430	seeded	seeded-linear	0.25	LINEAR	0000000000000000:3fd2acbb731d810c;4031a00000000000:3fe55c4f386a4954;403d000000000000:bfe0b15434e5fa1c;403fe00000000000:3fca5a24cd142080	4011fe5f33cf773a	bits	3fd0000000000000			
rt-seed-0431	seeded	seeded-linear	0.2	LINEAR	0000000000000000:4054cec580564d7e;4036c00000000000:403f1931808ff329;4041600000000000:403ed71de33dc84b	4041600000000000	bits	403ed71de33dc84b			
rt-seed-0432	seeded	seeded-linear	0	LINEAR	0000000000000000:bfe6df4d6075339a;4008000000000000:bfe61e8486aef88e;4036c00000000000:3fe74a044b7bfe5e;4039a00000000000:bfe1785f7f3438ac;4041000000000000:3fe525e5cf213954	401ddafbde3fe271	bits	bfd7b6550467f3c9			
rt-seed-0433	seeded	seeded-linear	0.25	LINEAR	0000000000000000:3fc0542d053aab70;4027c00000000000:bfbe042e637f4980;4038a00000000000:3fd450ae39bdf6c4;4040e00000000000:bf8c894c00219600	3fed46ce352f6947	bits	3fd0000000000000			
rt-seed-0434	seeded	seeded-linear	1E-7	LINEAR	0000000000000000:c04dc7724c7a5360;400d000000000000:c03077fe4f256d28	400664a22274f544	bits	c03a491956e91ae1			
rt-seed-0435	seeded	seeded-linear	0.001	LINEAR	0000000000000000:4055d0a3f266eb83;4034c00000000000:40525f21ac9f20ef;4041300000000000:40115e0757cf80cb;404db00000000000:405d9dfed83e0157;404f200000000000:4058181b5f462353	404b7eccda87d296	bits	40589cfdf3b645a2			
rt-seed-0436	seeded	seeded-linear	5	LINEAR	0000000000000000:408b2f5eb7e561fc;4030000000000000:4087e2a69c0c5966	4042800000000000	bits	4087e2a69c0c5966			
rt-seed-0437	seeded	seeded-linear	1E-7	LINEAR	0000000000000000:4055bfc2701aefdc;3ffe000000000000:404e9363a71b71b1;401b000000000000:405e054aab6dc975	4015e5d7e4c1aefc	bits	405a2a74128bf3bf			
rt-seed-0438	seeded	seeded-linear	1E-400	LINEAR	0000000000000000:4054939ca29c49b0;4037600000000000:40508bde9cb5cbd0;4046c00000000000:4013ca57e286cb00	402c6cbe40a89273	bits	4052204b9e171afe			
rt-seed-0439	seeded	seeded-linear	1E-7	LINEAR	0000000000000000:4054323acbfb96f9;4025800000000000:402fb8e39ea5bbb0	40064d393a04c327	bits	404ff96f8924d750			
rt-seed-0440	seeded	seeded-linear	0.01	LINEAR	0000000000000000:406288514ce57d99;4031a00000000000:406578e4a16e54ff;403aa00000000000:4089aa037a2cb004;4044100000000000:4084f77d09d52b3f	3ffe969911e8293a	bits	4062d9eb851eb852			
rt-seed-0441	seeded	seeded-linear	0.123456789012345678901	LINEAR	0000000000000000:3fd86b3d160a9a2c;4026000000000000:3fe164f17e406496	0000000000000000	bits	3fd86b3d160a9a2c			
rt-seed-0442	seeded	seeded-linear	0.25	LINEAR	0000000000000000:3fe7405650d67d4a;4037800000000000:3fb72359893d6e50;4043b00000000000:3fe247735386a0f0;404f600000000000:3fc90daae0c0a650;4055c80000000000:3fea413803d70cce	404acf8880c92972	bits	3fe0000000000000			
rt-seed-0443	seeded	seeded-linear	0	LINEAR	0000000000000000:3fe30b9a532a80a3;4021800000000000:3fd4bde325f2d0ba;4026c00000000000:3fc367a6a52c0164;4036c00000000000:3fee413587cd17bd	402ab5d299f81d67	bits	3fd28bf85a9776ff			
rt-seed-0444	seeded	seeded-linear	0.00	LINEAR	0000000000000000:3fc4f8eee00717d0;4024c00000000000:3fe663aad4ce0d32;4027800000000000:3fd1f8998c24e462	3ff48bf00abb0322	bits	3fcd7623d308a4ec			
rt-seed-0445	seeded	seeded-linear	1E-7	LINEAR	0000000000000000:3fea87ca5363ad0e;4032000000000000:3fedaeafca7559af;4040e00000000000:3fe6b1429b918dac;4044c00000000000:3f3d07b78d5dc800;404f100000000000:3fea380158dd9e37	4049ff486bcc8046	bits	3fdab1f5b0f1a4f3			
rt-seed-0446	seeded	seeded-linear	-1	LINEAR	0000000000000000:3fe045947f9b68a1;4016800000000000:3feb7d5a9581e680;4021c00000000000:3fe8a57429d6576f;4029000000000000:3fe0b86c4dd5bd9c	40274f9e22388b65	bits	3fe2911d89903a08			
rt-seed-0447	seeded	seeded-linear	0.2	LINEAR	0000000000000000:3fdf357a73a3d2e0;4017000000000000:bfd0dffbcd32b2c4	3fd3e10c676032fa	bits	3fe3333333333333			
rt-seed-0448	seeded	seeded-linear	-1	LINEAR	0000000000000000:bfdd0cd2b1b9931c;4034200000000000:bfe0d52dee205404;4041100000000000:bfde8969a5af1624;404af00000000000:3fc731c84bc47b78	40187a65ecf8998f	bits	bfde741986183520			
rt-seed-0449	seeded	seeded-linear	0.123456789012345678901	LINEAR	0000000000000000:408024141b7a4f9b;4021800000000000:4072abb02c84cf8a;4031200000000000:40238259ff6f696a;4045100000000000:407ff110ac2f4f31;404d200000000000:40837b0b866f88bb	40402e30d72024d5	bits	4073b2f681c42af0			
rt-seed-0450	seeded	seeded-linear	1E-7	LINEAR	0000000000000000:408973e4807c9493;4022800000000000:408719e6b5c64c99	4021a8d5ef721d52	bits	408735402c4d65e4			
rt-seed-0451	seeded	seeded-linear	0.1	LINEAR	0000000000000000:408e86476735c311;400b000000000000:407a27d41094af16;402cc00000000000:4057e9d3dc0487be;4034000000000000:40871228f66b90ef	4028f689242d20af	bits	4062e9999999999a			
rt-seed-0452	seeded	seeded-linear	0.1	LINEAR	0000000000000000:4050cd741c10db78;402ac00000000000:40580f2a142bbc63;4034000000000000:405747882c675984	4033d791c7ffb986	bits	40574ccccccccccd			
rt-seed-0453	seeded	seeded-linear	0.1	LINEAR	0000000000000000:3fe480e02e4fc876;4021800000000000:3fe4aa778c1eb204;4025400000000000:3fd23d75d72d4608;403a800000000000:3fe430edd9c5cfc6	40270f209abcd2fc	bits	3fd3333333333333			
rt-seed-0454	seeded	seeded-linear	5	LINEAR	0000000000000000:40400a304710f706;401b000000000000:4026d97d84b0fc5c;4039a00000000000:40507ed09e12e161;4046a00000000000:4052ebcf1f86ba77	4034b12477bf26bf	bits	4049000000000000			
rt-seed-0455	seeded	seeded-linear	0.5	LINEAR	0000000000000000:3fee1c1ccf8e4a20;4031200000000000:bfe8f92310b64f3c	0000000000000000	bits	3fee1c1ccf8e4a20			
rt-seed-0456	seeded	seeded-linear	0.123456789012345678901	LINEAR	0000000000000000:405983ecc0f67ce0;4031800000000000:40192f9f87387545	4031800000000000	bits	40192f9f87387545			
rt-seed-0457	seeded	seeded-linear	0.5	LINEAR	0000000000000000:406570d0fb6656ac;4006000000000000:40806a0f25588d6d;4035e00000000000:4086d3cd6db89cdd;403f800000000000:408496ee71116ea8;4041300000000000:4072bf75239d54ab	402bc6538c375cb7	bits	4084240000000000			
rt-seed-0458	seeded	seeded-linear	0.10	LINEAR	0000000000000000:c04b6973cd489aac;4031600000000000:404919da32e0c7c8	40079b7a07fd018e	bits	c042733333333333			
rt-seed-0459	seeded	seeded-linear	0.00	LINEAR	0000000000000000:c04893257bc9e04e;4033000000000000:4034094a0fa30c5c;4042a00000000000:c04b85896de67b45;404e200000000000:c051ab3107783751;4054d00000000000:405593e14be609d2	0000000000000000	bits	c04893257bc9e04e			
rt-seed-0460	seeded	seeded-linear	0.5	LINEAR	0000000000000000:405902de3381897e;401b800000000000:4046b3048102aa30;4037000000000000:4032ac35e875e384;4048200000000000:40314c987c4e7e8c	40437209bce23871	bits	4032000000000000			
rt-seed-0461	seeded	seeded-linear	1E-400	LINEAR	0000000000000000:c048f5ac660a3a73;4020800000000000:c0568a38f155da2a;4025800000000000:40389b06cb7d255c;4040700000000000:405402db65d32bea	401fd98c391d0c5a	bits	c05630754d6f21f6			
rt-seed-0462	seeded	seeded-linear	1E-7	LINEAR	0000000000000000:4033c19f5e275cc0;4032000000000000:4054a1d087e886d8;4038000000000000:4023d28c55d850c0;403f800000000000:40434df8ef1cb2f4	403befa279c6e8c4	bits	4038f8e0d8f34bbd			
rt-seed-0463	seeded	seeded-linear	0.25	LINEAR	0000000000000000:408ae98f652653ae;401a800000000000:407efbdd62135791;4029800000000000:4080b32b14037b34;4038c00000000000:407f1a3956881f9b	402152fd54e443f0	bits	407fc80000000000			
rt-seed-0464	seeded	seeded-linear	0.5	LINEAR	0000000000000000:c042afee9139bfc3;4030800000000000:c050edbab146f1d5;403a000000000000:4037fa7d4b88fbe4;4043800000000000:c01aa135178d9390	404217c685b63a08	bits	0000000000000000			
rt-seed-0465	seeded	seeded-linear	0.01	LINEAR	0000000000000000:c01a78f066a10c40;4023400000000000:4051754843be6c48	4032a00000000000	bits	4051754843be6c48			
rt-seed-0466	seeded	seeded-linear	1E-400	LINEAR	0000000000000000:405966f912891b7d;4031200000000000:40572387cc35c57d;4043e00000000000:4041a8f2693524b8;404e400000000000:40466140945e5d7c;4054200000000000:40582926fac24ddf	403bebf83b7f2fbd	bits	40504f809e9ba446			
rt-seed-0467	seeded	seeded-linear	0.00	LINEAR	0000000000000000:c0456bfb179bc3c2;4034000000000000:4043a7ab2011a8cc	40316c6a389cd9b0	bits	403cb9f9b8367088			
rt-seed-0468	seeded	seeded-linear	0.00	LINEAR	0000000000000000:404ad06fb22eb6dc;4034400000000000:c037318928d63638	40145ea070c6bc16	bits	4041279c9e010462			
rt-seed-0469	seeded	seeded-linear	1E-7	LINEAR	0000000000000000:bfcf580db6b031b8;402f000000000000:bfcb662434d70930;4038600000000000:bfa5a4542e39a520;4046200000000000:bfe16f87eddf15cc;4050100000000000:bfd998b7f0bbc3a0	4046346ea19c37c6	bits	bfe1660e51d25aab			
rt-seed-0470	seeded	seeded-linear	0.25	LINEAR	0000000000000000:4071fcde41c7e88c;4033600000000000:4053f763966fd2d1;4039000000000000:40420f1d861f85db;4042300000000000:40475cfd897547c7;404b500000000000:4089da1b33ad28b1	0000000000000000	bits	4071fcde41c7e88c			
rt-seed-0471	seeded	seeded-linear	1	LINEAR	0000000000000000:3fa56e806ae6b1b0;4035c00000000000:3fd8bf7489e97274	4033a330cc9c7cc9	bits	0000000000000000			
rt-seed-0472	seeded	seeded-linear	1E+3	LINEAR	0000000000000000:405ac55e06e346ad;4011000000000000:4039876dd36f6649;4023400000000000:4046cde05a831542;4041200000000000:4055d80fde18e70c;404ac00000000000:4039fa50b97cb66f	4025c617a71751cd	bits	0000000000000000			
rt-seed-0473	seeded	seeded-linear	1	LINEAR	0000000000000000:c0534facc571cff1;4034400000000000:c006c446e0bd2680;403ee00000000000:c036ae1cc9feb63c	40340245ac88c016	bits	c010000000000000			
rt-seed-0474	seeded	seeded-linear	1	LINEAR	0000000000000000:4041666a3e7b25f8;4018000000000000:40432698615b2ede	0000000000000000	bits	4041666a3e7b25f8			
rt-seed-0475	seeded	seeded-linear	-1	LINEAR	0000000000000000:405093c51946c3d0;4017000000000000:4053feca76180a52;4034200000000000:405aa20bcd014519;4041d00000000000:403d1fbabd65c145	404dd00000000000	bits	403d1fbabd65c145			
rt-seed-0476	seeded	seeded-linear	0.001	LINEAR	0000000000000000:405d41d064352250;4023000000000000:4053a2e91bc2ec83	400d5736cbb83992	bits	40598b020c49ba5e			
rt-seed-0477	seeded	seeded-linear	0.2	LINEAR	0000000000000000:bf896e8dccadc600;4035000000000000:3fe9acc204313c96;4043700000000000:bfc00f550f4588f8;404c900000000000:bfcb68cffd8dd880	4043700000000000	bits	bfc00f550f4588f8			
rt-seed-0478	seeded	seeded-linear	0.123456789012345678901	LINEAR	0000000000000000:3fdf1d5a62dfc1de;4008000000000000:3fb9266409399530	3fd7f247ec60d5e2	bits	3fdf9add3746f65f			
rt-seed-0479	seeded	seeded-linear	0.123456789012345678901	LINEAR	0000000000000000:bfd9796b4c239c2c;402dc00000000000:3fdde49dca901bd0;4043800000000000:bfe1987a6ece0eb2;404f200000000000:3feb23842b5354ce;4055980000000000:bfebef39d9fac298	402dc00000000000	bits	3fdde49dca901bd0			
rt-seed-0480	seeded	seeded-linear	0.123456789012345678901	LINEAR	0000000000000000:404f1150c0dfc31e;4035200000000000:405a20cf077d5f21;4040400000000000:405d8096462289bb;4046400000000000:4054eea98c328ced	40450dd646264877	bits	4056a781911f5d99			
rt-seed-0481	seeded	seeded-linear	1	LINEAR	0000000000000000:4084e933a8aa7898;4030a00000000000:408d62b0f9d4ae97;403b200000000000:408bbb85a438562d	401480bc5c35f14e	bits	4087800000000000			
rt-seed-0482	seeded	seeded-linear	0.2	LINEAR	0000000000000000:bfec0976bc91d66c;4037600000000000:3fd7cfdc431948f0;4044e00000000000:bfe52d5bf6af324a	4037600000000000	bits	3fd7cfdc431948f0			
rt-seed-0483	seeded	seeded-linear	-1	LINEAR	0000000000000000:bfe65ec46dd28370;4029c00000000000:bfe8bf992f4c1c1c;403b000000000000:3fe8bbe5ad1c5d7e	4053400000000000	bits	3fe8bbe5ad1c5d7e			
rt-seed-0484	seeded	seeded-linear	0	LINEAR	0000000000000000:bfd7069a0d25e164;4021800000000000:3fd18d8d38c6c4b8;403cc00000000000:bfd002ea21329b30	403a1da38183390e	bits	bfc72e6196123e36			
rt-seed-0485	seeded	seeded-linear	0.01	LINEAR	0000000000000000:40269f6fb4083e8d;4029c00000000000:40584c6e1ff44171;4040000000000000:404fcb63f872d477	0000000000000000	bits	40269f6fb4083e8d			
rt-seed-0486	seeded	seeded-linear	0.123456789012345678901	LINEAR	0000000000000000:4032365170323c65;402ac00000000000:40539c4a9232b213;4038200000000000:40480fa09c257cb0;403e800000000000:40302e72d5416d3a;4047600000000000:403883386a0a8720	4045062b35f26165	bits	40361948ada69e45			
rt-seed-0487	seeded	seeded-linear	0.01	LINEAR	0000000000000000:c047e0ac4188a448;3fe8000000000000:c01822ecd0082c40;3ff6000000000000:4046052ff4d89e68;4024000000000000:c04d2471e2e1a96d;403a200000000000:c0490a550a6c32a6	4004e1739b53c7f1	bits	403d63d70a3d70a4			
rt-seed-0488	seeded	seeded-linear	0.5	LINEAR	0000000000000000:405048c3c438c6e1;400a000000000000:40560d4582b733f6;402c800000000000:405488bf1b6cb10c;4039800000000000:405a561a3f519752	4039800000000000	bits	405a561a3f519752			
rt-seed-0489	seeded	seeded-linear	1E-7	LINEAR	0000000000000000:3fdc1e54677a9f8a;4036c00000000000:3fec9b69e7eb63ef;4042200000000000:3fe15b37747c78ee	4040a2de3abc8179	bits	3fe3d67b01281e2c			
rt-seed-0490	seeded	seeded-linear	0.2	LINEAR	0000000000000000:c0574bb96088c001;401c800000000000:c05128459dbda90a;4024000000000000:c0440332108984f4	3ff3e529bded0596	bits	c056333333333333			
rt-seed-0491	seeded	seeded-linear	0.1	LINEAR	0000000000000000:bfedd0ba58f18696;4039000000000000:bfe7546c04caa014;4048e00000000000:bfe09fcd334690de;404b500000000000:3fddcf442c4fb2f4;4053e80000000000:3feed6082ccd5322	4048ac7ca767ad75	bits	bfe3333333333333			
rt-seed-0492	seeded	seeded-linear	1E-7	LINEAR	0000000000000000:3fc187ab42b06320;4026400000000000:bfa2dc69d70d4980;403d600000000000:3fe3cf640ab4f26e;404b200000000000:3fd6bf4a612815c4	0000000000000000	bits	3fc187ab42b06320			
rt-seed-0493	seeded	seeded-linear	0	LINEAR	0000000000000000:c043d4b6705b5c36;4023000000000000:400cc072df7b7e80;402e800000000000:c053f1a6d34f1f19;4040300000000000:c0578fcbed08ade5	0000000000000000	bits	c043d4b6705b5c36			
rt-seed-0494	seeded	seeded-linear	0.10	LINEAR	0000000000000000:c04b84ea8572360e;3ffe000000000000:c03c114425965d78;4032000000000000:c056362e4829fe6c;4040f00000000000:404484e2cc871ad0	402064d82ab8d528	bits	c049e66666666666			
rt-seed-0495	seeded	seeded-linear	1E+3	LINEAR	0000000000000000:4037428561363358;4032400000000000:403e0674d390bff0;4043800000000000:c0218daf98705368;4048100000000000:40287014a28bb1c0;404ab00000000000:c0528be293e303a4	403e020c091f73ee	bits	0000000000000000			
rt-seed-0496	seeded	seeded-linear	0.123456789012345678901	LINEAR	0000000000000000:403d71282abb5b78;4006000000000000:c0517d5f82b11df1;402fc00000000000:405358b680077ee2;403ec00000000000:405328396366206c	40365b75ae5476da	bits	40534a4584fd0fe0			
rt-seed-0497	seeded	seeded-linear	1	LINEAR	0000000000000000:c043f31880f13fb8;4038800000000000:c057cf37b2a28028;4042b00000000000:c036623d4dd2c948	40293e97d98eabdc	bits	c051000000000000			
rt-seed-0498	seeded	seeded-linear	1E-400	LINEAR	0000000000000000:4059cf9b7dfaabe2;4030600000000000:405c6cd03511bfa5;4037e00000000000:405a23447247a80e;4040000000000000:4024f7e861ea0d7a;4045c00000000000:4053b17e11443ab4	404041163c7be759	bits	402b01e621dd3286			
rt-seed-0499	seeded	seeded-linear	0.123456789012345678901	LINEAR	0000000000000000:4037e6a69a27370c;400a000000000000:405df96cb98f1fad;4036000000000000:404f7c05b68773ac	4032cea62f0ce0ef	bits	40522dd3be0b9136			
rt-seed-0500	seeded	seeded-linear	0.01	LINEAR	0000000000000000:407f4c6264090463;4036000000000000:406494a704fd4c33;4045800000000000:407330de1fd55524;404fe00000000000:408f01bd43dbcd79	404bfcb2ee15bfd3	bits	4086fbae147ae148			
rt-seed-0501	seeded	seeded-linear	-1	LINEAR	0000000000000000:400b1e524accc528;3ff8000000000000:4049e1818f9bde54;4036e00000000000:3ff07767f33f942d;4043c00000000000:401e004a1431cbf6;404ee00000000000:405c8f8b4ee87bc7	4045aab36aefa6b2	bits	4039e444bc21a5e2			
rt-seed-0502	seeded	seeded-linear	1E+3	LINEAR	0000000000000000:40702d050f6caced;402c800000000000:4070790f40c0bbfb;4031c00000000000:405011c129b2fd04;403de00000000000:408236f4678e3adc	40059cc753c481da	bits	0000000000000000			
rt-seed-0503	seeded	seeded-linear	0	LINEAR	0000000000000000:40715317111058a3;401c000000000000:408f2184d736321d;4027400000000000:4064cfd413e929a0	401043c37031353d	bits	4085b6c39e77839c			
rt-seed-0504	seeded	seeded-linear	0.001	LINEAR	0000000000000000:3fe42fd2e62709e4;4021400000000000:3fd3481c3a9e6e22;403bc00000000000:3fe5e97bb7373570;4044a00000000000:3fed935b512b1aba	402fa18c8f48be3f	bits	3fdc7ae147ae147b			
rt-seed-0505	seeded	seeded-linear	-1	LINEAR	0000000000000000:40330d9fb243ea8c;4016000000000000:c04148b8b9b493ac	3ff59b3b9567a096	bits	40178d08212faf5e			
rt-seed-0506	seeded	seeded-linear	0.25	LINEAR	0000000000000000:4067b60787aa4a01;402cc00000000000:40859f0cd15932ca;403ae00000000000:408a45ccf692964c;4041600000000000:40871fc3bfd7fbca;4049500000000000:408a0ee708a393f6	401b1facab065613	bits	407aa80000000000			
rt-seed-0507	seeded	seeded-linear	0.00	LINEAR	0000000000000000:3fe9d4afd5a62943;4026400000000000:3fefd153df68e172;4029400000000000:3fbeb0c12d55d6f0	3fe473090c98fadc	bits	3fea2cb98e30cae4			
rt-seed-0508	seeded	seeded-linear	-1	LINEAR	0000000000000000:bf7cfa1bf3765d00;4032e00000000000:3f55c7c4fdfba000;403a600000000000:3fcfa2fa259580b8	4043300000000000	bits	3fcfa2fa259580b8			
rt-seed-0509	seeded	seeded-linear	0.00	LINEAR	0000000000000000:3fd0f899cb9db720;4020c00000000000:3fc816efa4de3290	0000000000000000	bits	3fd0f899cb9db720			
rt-seed-0510	seeded	seeded-linear	0.2	LINEAR	0000000000000000:3fdb12b2afd821b8;402b400000000000:3fe71280886fce34	40253fc254d5a87c	bits	3fe3333333333333			
rt-seed-0511	seeded	seeded-linear	0	LINEAR	0000000000000000:40851fc39fab7968;4030200000000000:4087ee219df8af31;4037400000000000:406198581817fa89;4046900000000000:403084eae1c563d2	3ffc6003cf87cd33	bits	40856ec552080437			
rt-seed-0512	seeded	seeded-linear	0.5	LINEAR	0000000000000000:4058c9c7cb2b0396;4028800000000000:4053c9a85097c057	400538d47f1a3b18	bits	4057c00000000000			
rt-seed-0513	seeded	seeded-linear	0.01	LINEAR	0000000000000000:3fe4d97fb2864b39;4023800000000000:3fb0a5ce40114718	400c7fa6db5e679f	bits	3fdc28f5c28f5c29			
rt-seed-0514	seeded	seeded-linear	1	LINEAR	0000000000000000:408a93e749c0d959;4025400000000000:408e0e431cddf53f	3fd564f11be11ff8	bits	408aa80000000000			
rt-seed-0515	seeded	seeded-linear	1	LINEAR	0000000000000000:408893fef3ac5c16;4023c00000000000:40702248d0c21871;4040f00000000000:406fc18ff4eb1207;404c000000000000:403efd928f87975b;4054480000000000:40624d6e128b98bd	4030b22563d46e1f	bits	4070100000000000			
rt-seed-0516	seeded	seeded-linear	0.00	LINEAR	0000000000000000:3fe6fb484038bdc9;4027800000000000:3fe706d63a38fa16;4032000000000000:3fae8c90bbd141c0;4044f00000000000:3fe0725474061c0a	0000000000000000	bits	3fe6fb484038bdc9			
rt-seed-0517	seeded	seeded-linear	0.10	LINEAR	0000000000000000:3fefd130ba2544af;3fec000000000000:3fd86dd087b32b26;3ffe000000000000:3fa7337efbbfcff0;4031e00000000000:3fcbb131bd54fbd8;403dc00000000000:3fdf3614260c9fde	403460a0825ecead	bits	3fc999999999999a			
rt-seed-0518	seeded	seeded-linear	0.2	LINEAR	0000000000000000:405d76a0e05b30d4;3fe4000000000000:405a50e1dca13778;4038400000000000:4055102400787461;4041a00000000000:4041df431674ff89	40395341fe7e5eaa	bits	4053e66666666666			
rt-seed-0519	seeded	seeded-linear	5	LINEAR	0000000000000000:4032e42c5c84d78c;4027800000000000:c04bf70c99656fbd	402408be3508de10	bits	c044000000000000			
rt-seed-0520	seeded	seeded-linear	5	LINEAR	0000000000000000:3fd733c1b6ccec48;4023400000000000:bfea1127240c50a4;4040500000000000:3fc085ba7560d958	4027b27509a6f213	bits	0000000000000000			
rt-seed-0521	seeded	seeded-linear	0.00	LINEAR	0000000000000000:3fbb515a01b49da0;4024800000000000:3fe76b7559ddb6be;403dc00000000000:3f89dab4693a3bc0	4039b7872a0aa4e0	bits	3fc4a8298cd56aec			
rt-seed-0522	seeded	seeded-linear	1E-400	LINEAR	0000000000000000:3fbc406bab4a5f00;4034800000000000:3fdac7ddf9e72044;4043900000000000:3fe07ffb9f628570;4050200000000000:3fe7875450105cf6	402c383dced295b2	bits	3fd4a267ac9b1c6e			
rt-seed-0523	seeded	seeded-linear	1E-400	LINEAR	0000000000000000:40774e4cb3d055f2;4018800000000000:408037b44dae4edf;403ce00000000000:4085f5890494c7d0	3fc7241fd545b700	bits	407793488e0c478a			
rt-seed-0524	seeded	seeded-linear	0	LINEAR	0000000000000000:40449abf56beb892;3fe0000000000000:405206d7f10824c4;4032a00000000000:404af74f7367c5e9;403a400000000000:40337612129b8c71;4044800000000000:40092ffc5507ce1f	401b4b2f513a9725	bits	4050710839548503			
rt-seed-0525	seeded	seeded-linear	0.10	LINEAR	0000000000000000:405f2c9eed4fd4ca;4029800000000000:4060cd5878584d02	4005c16e3a9fd27a	bits	405faccccccccccd			
rt-seed-0526	seeded	seeded-linear	0	LINEAR	0000000000000000:402fb847e7c0b73b;4025800000000000:403c01a75e19123d;4037c00000000000:405f7e4e19d49b2b	402e185ef8af8aa0	bits	404e32493162d828			
rt-seed-0527	seeded	seeded-linear	0.123456789012345678901	LINEAR	0000000000000000:404fe82ac3cf6c14;4015800000000000:4052c90eee354b54;403c400000000000:402f05e3d6d4dce9	40348f7ba5bf0532	bits	4041c71c6f17ea95			
rt-seed-0528	seeded	seeded-linear	1	LINEAR	0000000000000000:4056111902266e20;4013000000000000:4065e2c8c5ce7822	4050700000000000	bits	4065e2c8c5ce7822			
rt-seed-0529	seeded	seeded-linear	1E+3	LINEAR	0000000000000000:3feb0dab5da4ef72;4034800000000000:3fc64cab46e992f0;4043e00000000000:3febfdc35f770f16	400acbfffb48c52b	bits	0000000000000000			
rt-seed-0530	seeded	seeded-linear	0.01	LINEAR	0000000000000000:40328901254de3a9;402a800000000000:4047440d908a16ee	4000e5a2e7fa3b22	bits	4036fd70a3d70a3d			
rt-seed-0531	seeded	seeded-linear	0.25	LINEAR	0000000000000000:4045e5619b7308f8;3ff6000000000000:4031d8e0cabf47c8;402ac00000000000:c0445c059c887a80	40271d164bf297cf	bits	c03f800000000000			
rt-seed-0532	seeded	seeded-linear	0.5	LINEAR	0000000000000000:3fe65b40ca8a6d4d;4038a00000000000:3fd4bd42b19b3714;4042800000000000:3fd5f8f8e007f8c0;404b100000000000:3fb015aee210bc20;4053e00000000000:3fe33b7b64a42f8b	4034018e5c875866	bits	3fe0000000000000			
rt-seed-0533	seeded	seeded-linear	0.001	LINEAR	0000000000000000:3fa5f26491ef8cc0;4037c00000000000:3fd00287b53f5bcc;4045a00000000000:3fe0be4fbbfa05ce;4048c00000000000:3fd9e51e38e93980	4046fa13a80533ed	bits	3fde353f7ced9168			
rt-seed-0534	seeded	seeded-linear	0.25	LINEAR	0000000000000000:40342dea68b807bd;4030e00000000000:40589202c313a1bd;4032400000000000:405305f8f53e4999;403de00000000000:405e751d65efbca1;4040d00000000000:4039253dc6e4da53	402439d0d5f32271	bits	4050b00000000000			
rt-seed-0535	seeded	seeded-linear	1E-400	LINEAR	0000000000000000:4052d549d45a6796;402c800000000000:404bb59d84c6e1a2;4040400000000000:40344a22d444f237;4046f00000000000:4056bd7c5c3f397c;4047300000000000:40386205449ec77f	404521a7513e374d	bits	4051f801f61c8ffd			
rt-seed-0536	seeded	seeded-linear	-1	LINEAR	0000000000000000:40446d774e155580;4032e00000000000:c0416cc8bb8a96fc;4035800000000000:c046922d4e1b700a;403ae00000000000:bfeeed1668e49780	4018523976f541e0	bits	403077cba095d43d			
rt-seed-0537	seeded	seeded-linear	1	LINEAR	0000000000000000:3fda6af1ff198a3c;4000000000000000:3fd8b49cbbb5632c;4031000000000000:bfe997d19440036a	40205e5dc8d5947c	bits	0000000000000000			
rt-seed-0538	seeded	seeded-linear	0.001	LINEAR	0000000000000000:402bf45f9f522735;4029c00000000000:4045b0838a4cd0bb;402c800000000000:4041c6287ff96f7e;403cc00000000000:405ccc6597d6e674	403cc00000000000	bits	405ccc6597d6e674			
rt-seed-0539	seeded	seeded-linear	1	LINEAR	0000000000000000:bfd5000bc0ea9fbc;4023000000000000:bfc2a292a80d84d8;403d800000000000:3fdfbb3d35ecb308;404b400000000000:3fe2bfc502c226a0	40400f2cc8c9d8eb	bits	0000000000000000			
rt-seed-0540	seeded	seeded-linear	0.25	LINEAR	0000000000000000:4040030fb30e39f2;400d000000000000:408e65ebec069628;4020000000000000:4078cffda8613dd5;403ec00000000000:4086fe34c918b535	4026aae101137458	bits	407be80000000000			
rt-seed-0541	seeded	seeded-linear	0.2	LINEAR	0000000000000000:bfda92850332666c;4021000000000000:bfbd1332a3eefd80;403d400000000000:bfebdcab64cc48ae;4046100000000000:bfd16f0dd3ab4390;4047400000000000:3fe39bd47d5eabdc	4043c1e43f201ff8	bits	bfd999999999999a			
rt-seed-0542	seeded	seeded-linear	0.01	LINEAR	0000000000000000:3fe7df7354a98784;4038000000000000:3fe75cdd8c346dd0;4044100000000000:bfef5c6b4c861f06;4048000000000000:bfbcf5e09fc85eb0	403fa87bb3debb4d	bits	bfb47ae147ae147b			
rt-seed-0543	seeded	seeded-linear	0.2	LINEAR	0000000000000000:bfc8f9804d06dc70;402f400000000000:3fd1d442062d5f14;403d600000000000:3fe9077bf61ce084;4040a00000000000:3fe9bd00449cf1c0;4042b00000000000:bfebb61854de8e6a	4026356754836c32	bits	0000000000000000			
rt-seed-0544	seeded	seeded-linear	5	LINEAR	0000000000000000:c034b110710d24d0;4012000000000000:c0445b983086741f;403c200000000000:c043db29edcae275	4032a765bd4e9bfd	bits	c044000000000000			
rt-seed-0545	seeded	seeded-linear	0	LINEAR	0000000000000000:408e30e9ff165dac;4016800000000000:408000b71afefb3d	4003213ef9a43751	bits	408828d6324cb8ac			
rt-seed-0546	seeded	seeded-linear	0.2	LINEAR	0000000000000000:405d12ea13f40025;4039000000000000:405c04b3ddbd3961;403f200000000000:4052aa1b14552886;4046100000000000:404206a1c30a452f;4050980000000000:4035239949f754e2	4054d80000000000	bits	4035239949f754e2			
rt-seed-0547	seeded	seeded-linear	1E-400	LINEAR	0000000000000000:404d6998f45d23c3;4038600000000000:404286c08f4ae200	40328727a64952a6	bits	4045234206ffcca8			
rt-seed-0548	seeded	seeded-linear	0.00	LINEAR	0000000000000000:4084e20352545b7a;4015000000000000:40848b7e10342239;4037200000000000:405130e3b574b050	4037200000000000	bits	405130e3b574b050			
rt-seed-0549	seeded	seeded-linear	0.01	LINEAR	0000000000000000:40479837baea9608;4038c00000000000:40502b7a55498ff8;4044500000000000:4065501da81b8c74;404ea00000000000:408b98b58adff3be;4050200000000000:407cee60e8b4f0aa	4056e00000000000	bits	407cee60e8b4f0aa			
rt-seed-0550	seeded	seeded-linear	0.5	LINEAR	0000000000000000:3feef3e8bff88e4e;4005000000000000:bfc2ca19e4a1d318	404ad00000000000	bits	bfc2ca19e4a1d318			
rt-seed-0551	seeded	seeded-linear	0.25	LINEAR	0000000000000000:3fe873a70d2fd2bc;402e800000000000:bfb4600b19b726c0;4041700000000000:bfec87e9421a30a0;404a000000000000:bfe340781925f078;404bf00000000000:3fed8a62c38690d4	40260d153de8494c	bits	3fd0000000000000			
rt-seed-0552	seeded	seeded-linear	0	LINEAR	0000000000000000:405655661e95cb4a;4032200000000000:c052943bcd63d20a;4042900000000000:4045541c9d54547c;4048e00000000000:4040938dd6fad3b8;4052700000000000:c05582e758052b5e	4022b7e6cee6c1ef	bits	401352490e9e2970			
rt-seed-0553	seeded	seeded-linear	0.01	LINEAR	0000000000000000:3fca1f703c340850;3ff0000000000000:3fe644451c9457e7	3fd20482f0841968	bits	3fd5c28f5c28f5c3			
rt-seed-0554	seeded	seeded-linear	0	LINEAR	0000000000000000:407ff4ae03f86f06;4028400000000000:4074c52d43760192;4041f00000000000:405815c31cc6cd2d	403ecf338460474d	bits	4062558776051827			
rt-seed-0555	seeded	seeded-linear	0.123456789012345678901	LINEAR	0000000000000000:3ff60a5e161af980;401a800000000000:c01cfc1a396c67e0;403f000000000000:405550218fbbc794	4050400000000000	bits	405550218fbbc794			
rt-seed-0556	seeded	seeded-linear	0.001	LINEAR	0000000000000000:c024be65f5e91f80;4018800000000000:c0228c6fbbff0ef0;4038e00000000000:c02513d1b3960f18	4018e08fb8a11b71	bits	c0228f5c28f5c28f			
rt-seed-0557	seeded	seeded-linear	0.123456789012345678901	LINEAR	0000000000000000:404b06607ad0bebe;401d000000000000:4056a855cf7831b8;4032400000000000:40524f60fb4a19fd;4038400000000000:402dd3fa62402483	4037056e0b0330d1	bits	403ae9e061126dcd			
rt-seed-0558	seeded	seeded-linear	5	LINEAR	0000000000000000:bfe7a534b58ef8be;4026000000000000:bfef3ebf4e899826;4031200000000000:bfee49be5ed86db2;4044700000000000:3fe9776f089332fe;404f200000000000:3fd7feb4c4ca21b4	4026000000000000	bits	bfef3ebf4e899826			
rt-seed-0559	seeded	seeded-linear	-1	LINEAR	0000000000000000:3fe9781df8bbe62c;4023c00000000000:3fd343e6467bb31c;4028800000000000:3fe087ec4893224c;4041200000000000:3fdeba6da9cdda52	4041200000000000	bits	3fdeba6da9cdda52			
rt-seed-0560	seeded	seeded-linear	0.00	LINEAR	0000000000000000:40578f2bae026de8;4024800000000000:403e69b9d7bcbb22;4027400000000000:40351c9e525f1895	40249bf20df12c20	bits	403e0b3501a4890a			
rt-seed-0561	seeded	seeded-linear	0.123456789012345678901	LINEAR	0000000000000000:4081def1db7f8910;4032400000000000:40552536fdaa4456	40156cd655cd1fb4	bits	407ace38df820fb5			
rt-seed-0562	seeded	seeded-linear	0.123456789012345678901	LINEAR	0000000000000000:3fc7d8a3eb5ed548;401c800000000000:3fdf31871854c440	0000000000000000	bits	3fc7d8a3eb5ed548			
rt-seed-0563	seeded	seeded-linear	5	LINEAR	0000000000000000:bfe4b96a1aac6d02;3fe8000000000000:3f89eed361d7fd00;402c000000000000:bfd9790eceba8f68;403f600000000000:bfd0b66d25ffaf00;404c400000000000:3fe1a50748a28528	404ba038bc63ef2d	bits	0000000000000000			
rt-seed-0564	seeded	seeded-linear	-1	LINEAR	0000000000000000:4050ba286dbda0f7;402c400000000000:4077b3f20d51f224;4035a00000000000:406931eb66ffa237;403b200000000000:408cb91049cb5ff6	4033d4281888c810	bits	406e83b83eddbb5a			
rt-seed-0565	seeded	seeded-linear	0	LINEAR	0000000000000000:4055e94f2894836d;4038200000000000:40560f5ea1e51be6;4045500000000000:405ec47eb5215149;4050080000000000:4053ced08e052f60	0000000000000000	bits	4055e94f2894836d			
rt-seed-0566	seeded	seeded-linear	0.01	LINEAR	0000000000000000:405ecdaeced36b82;402ac00000000000:40091791fceed946;403be00000000000:405844f227ec128c	40345b7cb12ec9e4	bits	40482f5c28f5c28f			
rt-seed-0567	seeded	seeded-linear	1	LINEAR	0000000000000000:408519774173b6ba;402ec00000000000:408ce2253c58307f	3fc000281857e460	bits	4085280000000000			
rt-seed-0568	seeded	seeded-linear	0.01	LINEAR	0000000000000000:3fd06bf2bc6488da;400f000000000000:3fe7f290a23a61c7;4017000000000000:3fee46c97066b65e;4030800000000000:3fd197f1b7ea57e8;403f000000000000:3fb3e1418b03da00	403212cfca3c1c5d	bits	3fd0a3d70a3d70a4			
rt-seed-0569	seeded	seeded-linear	0.1	LINEAR	0000000000000000:3fe0735a963c4ae2;4028400000000000:bfdb8235d6b6e288	401509ca110031fc	bits	3fc999999999999a			
rt-seed-0570	seeded	seeded-linear	0.25	LINEAR	0000000000000000:4085faac0e2da03c;402cc00000000000:405fd06cbab148fd;4042a00000000000:405be3ea3cb2e4af;4044c00000000000:408e21138c2095f6;404a200000000000:40845cf2e07423eb	4033daff328e15b1	bits	405ee00000000000			
rt-seed-0571	seeded	seeded-linear	0.2	LINEAR	0000000000000000:40554e5f64e1795f;3fec000000000000:40438e9edfff927f	0000000000000000	bits	40554e5f64e1795f			
rt-seed-0572	seeded	seeded-linear	-1	LINEAR	0000000000000000:406a949ba3a4351c;4033000000000000:408ec2768af3a48e;4044c00000000000:40704f573107d14b	40364da2657feb57	bits	408b70e52c819ab0			
rt-seed-0573	seeded	seeded-linear	0.001	LINEAR	0000000000000000:40533405c59683cc;3ff6000000000000:c057b9b5705ea647;4039200000000000:c04cb5551c055072;4046b00000000000:c05556e03547c982;4049b00000000000:c03399bd06b360b8	40450b292fe201f8	bits	c054347ae147ae14			
rt-seed-0574	seeded	seeded-linear	0.2	LINEAR	0000000000000000:405b34e435e6347f;4031400000000000:402c129aee6dcd7d	402465d491a33e85	bits	404a666666666666			
rt-seed-0575	seeded	seeded-linear	1	LINEAR	0000000000000000:4087aa218c31a2e6;4038a00000000000:403ca34346f834ca;4048500000000000:4087b4859afb7e64;4052100000000000:408d263969e94cce	0000000000000000	bits	4087aa218c31a2e6			
rt-seed-0576	seeded	seeded-linear	5	LINEAR	0000000000000000:401e849dfd63d8f0;4004000000000000:4048d7376ba3cb18	3ff7d3a2dc7dc1ff	bits	403e000000000000			
rt-seed-0577	seeded	seeded-linear	0	LINEAR	0000000000000000:3fe3222d7d842274;401a000000000000:3fdab77de8d953ca;402d000000000000:3fe134e3d971170c;403c400000000000:3fe943ed872e6906	4013fd6017d1d9d8	bits	3fdd6302cc79b333			
rt-seed-0578	seeded	seeded-linear	0.10	LINEAR	0000000000000000:3fdbd9cc858453c0;4011000000000000:3fe3294acf4c1e73;4024000000000000:3fe3440326694e1d;403a200000000000:3fb741fdbbd19b68	400c236e24a52e04	bits	3fe0000000000000			
rt-seed-0579	seeded	seeded-linear	0.00	LINEAR	0000000000000000:400d5218dc612560;3ffc000000000000:c02904af874c26a0;4037000000000000:c049196120ff0616;4038400000000000:c0513d993452e5d6;4047600000000000:c034591b8905c940	4043681739ab7b99	bits	c042bf9166b7f23a			
rt-seed-0580	seeded	seeded-linear	0	LINEAR	0000000000000000:bfef94ae9c29fb54;401a800000000000:3fd64ae7d940d178;4025400000000000:bfd0402ffa0aa5e0;4034c00000000000:3f8ee163d6275280	4053300000000000	bits	3f8ee163d6275280			
rt-seed-0581	seeded	seeded-linear	0.001	LINEAR	0000000000000000:bfe093c5c961989c;4018000000000000:bfc68a8b941e90d0	3fd21577416c09e0	bits	bfe010624dd2f1aa			
rt-seed-0582	seeded	seeded-linear	0	LINEAR	0000000000000000:3fc108c6f352d808;4031400000000000:3feca9c92f854b7e;4035c00000000000:3fed69ecad1c834a	4014cf1587039f5b	bits	3fd73cab1035e3cb			
rt-seed-0583	seeded	seeded-linear	0	LINEAR	0000000000000000:405a6649848ffbc4;4020400000000000:4046d9f400206c3a;403f600000000000:4054d3d58a869ae7	400fb506cb40f012	bits	40531863eaf84f3f			
rt-seed-0584	seeded	seeded-linear	0.2	LINEAR	0000000000000000:40256a510cbbd5cf;4031600000000000:405c084a8caa2794;403a800000000000:4050a1434cab4c69;403c200000000000:405a80b74157e51c;4041f00000000000:404f3d94a03e718f	4050780000000000	bits	404f3d94a03e718f			
rt-seed-0585	seeded	seeded-linear	1	LINEAR	0000000000000000:3fe34ec443c7d570;402f800000000000:3fce1459b8c5770c;4037600000000000:3fe0b9af0bce0bd3;403fa00000000000:3fedaf91801bd4ad	4019e09d746ebf7a	bits	3ff0000000000000			
rt-seed-0586	seeded	seeded-linear	-1	LINEAR	0000000000000000:3fee4dd8044d6e75;4022400000000000:3fcbe1789f727f40;4036c00000000000:3fc60860137aa9f0;403e800000000000:3fe126a52871faef;4043100000000000:3fc0385bcd0fccfc	403db3d266316472	bits	3fdfe7d1b2fb0fb1			
rt-seed-0587	seeded	seeded-linear	1E-400	LINEAR	0000000000000000:3fe89821cae37d17;4032000000000000:3fe993d2f5d69334;4033a00000000000:3fe6f784e7cb97b2;4042400000000000:3fd434f81bcb618e;4048500000000000:3fb037dae2ce0380	4048500000000000	bits	3fb037dae2ce0380			
rt-seed-0588	seeded	seeded-linear	1E+3	LINEAR	0000000000000000:3f9cf460f429daa0;3ffa000000000000:3fe68c0e46a1c89a;4008000000000000:3fc48c774967cb28	3ff426f83a8c6bea	bits	0000000000000000			
rt-seed-0589	seeded	seeded-linear	-1	LINEAR	0000000000000000:4059a84cf8c5bc80;4030400000000000:40649e72bf9768b9	0000000000000000	bits	4059a84cf8c5bc80			
rt-seed-0590	seeded	seeded-linear	0.00	LINEAR	0000000000000000:3fe653856c582c1e;4033a00000000000:bfd0052cddccbdec;4043e00000000000:bfe18f4f8a0cbd08	404be00000000000	bits	bfe18f4f8a0cbd08			
rt-seed-0591	seeded	seeded-linear	0	LINEAR	0000000000000000:3fd9e3946f1fd758;4002000000000000:3fd4c444b435c32e;400f000000000000:3fe9fde773e2b467	0000000000000000	bits	3fd9e3946f1fd758			
rt-seed-0592	seeded	seeded-linear	-1	LINEAR	0000000000000000:4052fe2609a1a2af;4033200000000000:404896ce5e6584dd;4033e00000000000:4054fc1735e7f424	4028be609ef8089c	bits	404d51c8736cdeea			
rt-seed-0593	seeded	seeded-linear	0.00	LINEAR	0000000000000000:403c610c661ac310;4013000000000000:c056af162b5c836f	4000d2bbb8daea7c	bits	c0385ad724ceba6c			
rt-seed-0594	seeded	seeded-linear	0.10	LINEAR	0000000000000000:c044c738bedca2c0;4025c00000000000:c0415b43e986fcca;403d800000000000:4053fcbb73ee0e68	4039f81237e97055	bits	404d19999999999a			
rt-seed-0595	seeded	seeded-linear	1E+3	LINEAR	0000000000000000:402b6a518a92ad20;4031800000000000:c0513b075a0aeb22;4043100000000000:4040d6e2d1f39330	4058080000000000	bits	4040d6e2d1f39330			
rt-seed-0596	seeded	seeded-linear	1E-400	LINEAR	0000000000000000:408ea3f7905a5f6e;4022800000000000:4088985e6aeb8398;4034400000000000:407da622a4d34dd0;4045100000000000:407866d8c45538f5;404d600000000000:405e2be74c553660	4042f9a893542ac9	bits	40796731e51ea624			
rt-seed-0597	seeded	seeded-linear	1	LINEAR	0000000000000000:4082d25e81e45b25;4034c00000000000:407f15923710e2aa;4042c00000000000:405685759f3db96d;4049b00000000000:408a17adc3ad79da;4050e80000000000:407f4a1950a9490f	4053a80000000000	bits	407f4a1950a9490f			
rt-seed-0598	seeded	seeded-linear	0.01	LINEAR	0000000000000000:405364ca787c3404;4027000000000000:40412e06764140fd	4026a9f9d5379f06	bits	4041800000000000			
rt-seed-0599	seeded	seeded-linear	0.01	LINEAR	0000000000000000:406b04079dbda317;3ff8000000000000:40638f67ea8b7573;401c800000000000:4072d1eca1e545bf;402b000000000000:4072dfb1c28e773b;402fc00000000000:4084cd3508396ac8	40246f36a5e32f11	bits	4072d87ae147ae14			
rt-seed-0600	seeded	seeded-linear	0.5	LINEAR	0000000000000000:405812e3a6115bae;4022800000000000:402f5efe7ba6ffc8;4028000000000000:c0571aee9b9696fd;4034200000000000:4047ad2d2b52fcd8	401f4f594965bace	bits	403c800000000000			
rt-seed-0601	seeded	seeded-linear	0.25	LINEAR	0000000000000000:bfd9e58fa6c49fe4;3ffe000000000000:3fe641bddd2ceb8a;4023800000000000:3fe210b696dd47dc;4033600000000000:3fcfc1317bcfd588	3fe87be1c0eb5eda	bits	0000000000000000			
rt-seed-0602	seeded	seeded-linear	1E+3	LINEAR	0000000000000000:40119981caf5aa70;4037c00000000000:404bace683505798;4038400000000000:40534fa2b4a67e20;4041f00000000000:c03b2419d1ba3cdc	4054380000000000	bits	c03b2419d1ba3cdc			
rt-seed-0603	seeded	seeded-linear	1E+3	LINEAR	0000000000000000:407a1e5dcb0488e0;4037200000000000:407739983fc6cff3;4043500000000000:40705dc87dc6d71e;4049100000000000:407892be80003eab	4031a90e018d881f	bits	408f400000000000			
rt-seed-0604	seeded	seeded-linear	0.5	LINEAR	0000000000000000:4053e50b46965fb6;401a000000000000:40423300d605d304;401e800000000000:c056db58b52bd56d;4035a00000000000:c0561dfce2113b6e;4036c00000000000:c04d278693590528	4030b51459ba7b30	bits	c056600000000000			
rt-seed-0605	seeded	seeded-linear	0.123456789012345678901	LINEAR	0000000000000000:4072a0dd5fd3fb40;4029000000000000:408bd527af36ad64;403da00000000000:4086dfe1d15bf4a8	403da00000000000	bits	4086dfe1d15bf4a8			
rt-seed-0606	seeded	seeded-linear	0.25	LINEAR	0000000000000000:40566e5c677126aa;402a400000000000:40554048281d37d8;4035000000000000:c05877e572ae56ff	401586af082f0321	bits	4056000000000000			
rt-seed-0607	seeded	seeded-linear	0.001	LINEAR	0000000000000000:bfef22ea844d6892;4033600000000000:3fe7c264c4bd35ea;403e400000000000:3fe62d92e1aa2140;403f400000000000:bfdcec70457b530c	40216620b91a2f92	bits	bfc9fbe76c8b4396			
rt-seed-0608	seeded	seeded-linear	5	LINEAR	0000000000000000:40884c04065cd20e;4035400000000000:4022df5a34021162;4046f00000000000:407cf7db90a85ca2	404b700000000000	bits	407cf7db90a85ca2			
rt-seed-0609	seeded	seeded-linear	0.10	LINEAR	0000000000000000:403b1630388dfecd;400f000000000000:4052dfe545cad488;4037400000000000:404ba4187682732e;403da00000000000:405a7229c4194020	400f000000000000	bits	4052dfe545cad488			
rt-seed-0610	seeded	seeded-linear	0.00	LINEAR	0000000000000000:4056132666ba9d9a;4022800000000000:c02ebeb933eec368;4028c00000000000:401746ecc2dc89a0;403bc00000000000:4058c477da990eec	4001f480bb05c0fc	bits	404f928538e16e64			
rt-seed-0611	seeded	seeded-linear	1	LINEAR	0000000000000000:3fedb19068b4b647;402cc00000000000:40489fdb91fd32df;4039c00000000000:4059263df8efe536;4044000000000000:4046b874a716f392	400fa6de4e60a638	bits	402c000000000000			
rt-seed-0612	seeded	seeded-linear	0.01	LINEAR	0000000000000000:c050b342e0d4d390;402b000000000000:404318f6778a85f0;4042200000000000:4050538eb20f587a;4047300000000000:c03874325bfb2b84	402609e2c2d12adc	bits	4032e66666666666			
rt-seed-0613	seeded	seeded-linear	0.01	LINEAR	0000000000000000:406ac06eb0a14568;4037200000000000:407ad12b6845b9c5;4046200000000000:407777a52769fe8d	403e1ca916fd2b14	bits	4079b5999999999a			
rt-seed-0614	seeded	seeded-linear	0.10	LINEAR	0000000000000000:bfd632ec71da0308;4037200000000000:bfed0c4b3956224e;4045700000000000:bfd5742dd6b23c44;4051080000000000:bfe6ed4e50502cbc;4053d80000000000:3fe661ca92c53be2	4051080000000000	bits	bfe6ed4e50502cbc			
rt-seed-0615	seeded	seeded-linear	-1	LINEAR	0000000000000000:bfef60259d7fea64;402a800000000000:bfb14b8ad1f29bf0;403c200000000000:bfea4eeb474347e8;4040100000000000:3fe2d75b9eb91eba	4053080000000000	bits	3fe2d75b9eb91eba			
rt-seed-0616	seeded	seeded-linear	0.01	LINEAR	0000000000000000:3fdd37572f3c18cc;4022c00000000000:3feefa0699137ccb;402fc00000000000:3fc05488478194b4;4037600000000000:3fe7cb6aa46e58ce	400bf5e6429d597f	bits	3fe47ae147ae147b			
rt-seed-0617	seeded	seeded-linear	0.1	LINEAR	0000000000000000:3fb1ff57dc6c0810;4022400000000000:3feaf6b624431157	401a970df172f29b	bits	3fe3333333333333			
rt-seed-0618	seeded	seeded-linear	0.01	LINEAR	0000000000000000:405eab4085544637;402ac00000000000:4077d218f6dbc27b;4036c00000000000:4073511609306e3d	402c2a49a96c3fd9	bits	40777b3333333333			
rt-seed-0619	seeded	seeded-linear	0	LINEAR	0000000000000000:408851de86274d06;3ff0000000000000:405418fb330d2552;4037a00000000000:4063a6fc7c1f0322;4038800000000000:407a10fa2c7018cf;4039400000000000:404b62127961af8c	403243b1f35481f1	bits	4061607e01a84122			
rt-seed-0620	seeded	seeded-linear	-1	LINEAR	0000000000000000:3fe141e096c3bbc9;401f000000000000:3fd5102bdaefdaa6;4031e00000000000:3fe67d5883c6d0b1;4034c00000000000:3fb8700a72c41900	401bfee3f2862a35	bits	3fd65de71c2f76d4			
rt-seed-0621	seeded	seeded-linear	0.123456789012345678901	LINEAR	0000000000000000:3fd728a42986db4c;4020000000000000:3fe37ddd39900ee6;402bc00000000000:3fe6407550268f58	4024206d3edc2666	bits	3fe3c0ca428c59fb			
rt-seed-0622	seeded	seeded-linear	0.1	LINEAR	0000000000000000:40501b55bc376c52;400d000000000000:4031277909f30e1e;4024800000000000:404aeef6779659bf	4021972964b7d7fa	bits	4046e66666666666			
rt-seed-0623	seeded	seeded-linear	1E-400	LINEAR	0000000000000000:bfebe1a1e574140e;4038000000000000:bfd45076d919bd10;4045c00000000000:bfd7a6dd58de367c	40384dd759590303	bits	bfd45dc97df520fe			
rt-seed-0624	seeded	seeded-linear	0	LINEAR	0000000000000000:3fb4253a2e52cb50;401a000000000000:3fcbe7c688332c28	401026afc0f0f3ac	bits	3fc5267a5fc0c85a			
rt-seed-0625	seeded	seeded-linear	0.2	LINEAR	0000000000000000:c041b660a40dc13c;4014000000000000:4052f76d3a64713a	0000000000000000	bits	c041b660a40dc13c			
rt-seed-0626	seeded	seeded-linear	0.123456789012345678901	LINEAR	0000000000000000:3feb486d28712616;4025800000000000:3fedeaf5db328eda	40234f75c64a62fe	bits	3feba781905e1793			
rt-seed-0627	seeded	seeded-linear	0	LINEAR	0000000000000000:bfd9afb59c6ae454;4038400000000000:3feb36c9247b38cc;403dc00000000000:3fe745a750f2dfe4	0000000000000000	bits	bfd9afb59c6ae454			
rt-seed-0628	seeded	seeded-linear	1E+3	LINEAR	0000000000000000:3fcf1cf4ab8379ac;4038200000000000:3fd59fd979316a2a	0000000000000000	bits	3fcf1cf4ab8379ac			
rt-seed-0629	seeded	seeded-linear	0.2	LINEAR	0000000000000000:4054dc027da09a48;4012800000000000:404a4b0d1a99e4e6;4038800000000000:40533711eb07dcf2;4043800000000000:4058e2ffac4ed0a7;404cc00000000000:404e4e83e58ca163	404ac61945b980ab	bits	4051400000000000			
rt-seed-0630	seeded	seeded-linear	0.1	LINEAR	0000000000000000:4050ae5bae8de96a;4038200000000000:4054e8766624a7e9	4035bb67fd12a074	bits	405479999999999a			
rt-seed-0631	seeded	seeded-linear	0.10	LINEAR	0000000000000000:c0381a74d4408e78;4001000000000000:40520960eb4b7982;403a400000000000:c05823203f508504;4046a00000000000:c035f44a71d53a90;404e300000000000:c04c516da65f2c9c	404073f2bddcc7b5	bits	c05199999999999a			
rt-seed-0632	seeded	seeded-linear	1E-7	LINEAR	0000000000000000:bfe22015d358d6b4;4039600000000000:3febb4bcfb3660f0;4044800000000000:bfec58ff2d012a76;4048a00000000000:bfe769073141676e	403928536475b8eb	bits	3feb502e4b6ce5dc			
rt-seed-0633	seeded	seeded-linear	0.2	LINEAR	0000000000000000:3fd9e5c0648f787c;402f000000000000:3fd481d45a51101e;4031000000000000:3fefa81e95f5c7a1	402f51dc9f8b70a6	bits	3fc999999999999a			
rt-seed-0634	seeded	seeded-linear	0	LINEAR	0000000000000000:407995c403d0cf1d;4030000000000000:405a5a536da49a46;4042500000000000:405079fdb9e47015	403be79f37db6962	bits	4054a6f7dccd5170			
rt-seed-0635	seeded	seeded-linear	1	LINEAR	0000000000000000:3fdeabf7c6e66eb8;4019800000000000:3fdded864082123e	4012dd4acd1f85fd	bits	3ff0000000000000			
rt-seed-0636	seeded	seeded-linear	0.10	LINEAR	0000000000000000:402fc06d84eefab1;4010800000000000:4027206c34e4f19d;4031e00000000000:403cb253afee1cda;4042f00000000000:404a62517991cdf5;404a200000000000:403db44c1e780762	3ff93b3241a0b67c	bits	402c99999999999a			
rt-seed-0637	seeded	seeded-linear	0.10	LINEAR	0000000000000000:3fe0dc600668daf0;4034600000000000:3fe033723225d509;403f600000000000:3feef82322565359;404a500000000000:3fe428c7a6a736ab;4051f00000000000:3fe7461c9cb3e5d1	4027d5d22808d28c	bits	3fe3333333333333			
rt-seed-0638	seeded	seeded-linear	1E+3	LINEAR	0000000000000000:40730f9544ab4a4c;4013000000000000:40279a529bf8cdba;4020800000000000:4089bd40a590fa4c	401c4d60d459f1f0	bits	0000000000000000			
rt-seed-0639	seeded	seeded-linear	0.01	LINEAR	0000000000000000:406d17ae6b395abe;4028800000000000:40666a2003d67cb6;4033800000000000:40804d85bd18e23c	400dff43e957c604	bits	406b0c7ae147ae14			
rt-seed-0640	seeded	seeded-linear	1	LINEAR	0000000000000000:405b80777279d5f0;4036400000000000:405494aa17496120;403aa00000000000:4059e5b153c25dc0;4044e00000000000:405eba616d28edc7;4050100000000000:4053066ff559396b	4036ae2cd1bce4da	bits	4055000000000000			
rt-seed-0641	seeded	seeded-linear	1E+3	LINEAR	0000000000000000:3fe7e8a995cf5e12;4023400000000000:bfd6e4ac9183297c;4031000000000000:bfe786018e3bc4b6;4041200000000000:3fe26ededa5e7586	403427ce655b1c5f	bits	c08f400000000000			
rt-seed-0642	seeded	seeded-linear	0.2	LINEAR	0000000000000000:3fe12a561a83551e;4032600000000000:3fc2fc6d7607f838	40321547bffe736d	bits	3fc999999999999a			
rt-seed-0643	seeded	seeded-linear	0.25	LINEAR	0000000000000000:3fe82242ca5b90e0;4006000000000000:bfea20ea965095b6	4000c690789c05d0	bits	0000000000000000			
rt-seed-0644	seeded	seeded-linear	0.001	LINEAR	0000000000000000:40670aba4a707c98;4039400000000000:407c9cd52c40116a;403b600000000000:40660fbabe944edc;4044e00000000000:4087172973e8f11d;4046f00000000000:407563aa06ab75b6	403616d500c3a7b4	bits	407a791a9fbe76c9			
rt-seed-0645	seeded	seeded-linear	0.01	LINEAR	0000000000000000:3f9445cf9cbbbac0;4026c00000000000:3fd69822ef729dee;4035e00000000000:3fed0a0ef358a2b2;4047900000000000:3fe6f1a9dfcc4bdf;4049300000000000:3f9665e1a4412d60	4024416e5ba28322	bits	3fd3d70a3d70a3d7			
rt-seed-0646	seeded	seeded-linear	0	LINEAR	0000000000000000:4061a9c8f91fed64;402ac00000000000:40849d20aeaf5d9d;402e800000000000:4085b88f19f76db7;4042200000000000:407013bfe74e8aae;4045b00000000000:4055d04cce4e541c	0000000000000000	bits	4061a9c8f91fed64			
rt-seed-0647	seeded	seeded-linear	0.1	LINEAR	0000000000000000:404700c6740c6d6f;4034800000000000:4052be24e9733510;4037400000000000:405ecbb7619550b9	40356e0880e85d0d	bits	4056cccccccccccd			
rt-seed-0648	seeded	seeded-linear	0.001	LINEAR	0000000000000000:3fe955cdecf0230b;4029800000000000:3fe0eb8e0f691ecd;4032a00000000000:3fe2455d598a12e3	402d2f84d8f834bf	bits	3fe14fdf3b645a1d			
rt-seed-0649	seeded	seeded-linear	1	LINEAR	0000000000000000:bfe4c7adfd0fea42;4011800000000000:3fe1c2725f4b527c;4031e00000000000:3fa9d462237eb760;4045800000000000:3fd24d75b3c73f18	0000000000000000	bits	bfe4c7adfd0fea42			
rt-seed-0650	seeded	seeded-linear	0.10	LINEAR	0000000000000000:4032531a1c454bec;4023400000000000:403f1cf9e84e7750;403da00000000000:4045e105f77069d0;4047b00000000000:c0551d9e921951eb;4047f00000000000:40471c44f642e8ac	0000000000000000	bits	4032531a1c454bec			
rt-seed-0651	seeded	seeded-linear	0.001	LINEAR	0000000000000000:4051a35c3f3e1a65;401a800000000000:404ac33785c80306;4022c00000000000:4054c814f55dd492	4000f629164b694a	bits	405046a7ef9db22d			
rt-seed-0652	seeded	seeded-linear	5	LINEAR	0000000000000000:404ae175a1bd1774;4032e00000000000:403c9eca840a4b15;4040500000000000:404ac44a676ff2c7;4042c00000000000:404d92e4076eadcc;404f300000000000:402124b36b1cc56a	4049509005181b5e	bits	4041800000000000			
rt-seed-0653	seeded	seeded-linear	0.1	LINEAR	0000000000000000:408b25f86f9a6fff;4037200000000000:407105d8c13aef1d;4040f00000000000:406c259a907e6527;404d400000000000:4089919cd1e9347b	4047a7d4c0e874b8	bits	408125999999999a			
rt-seed-0654	seeded	seeded-linear	0.01	LINEAR	0000000000000000:c05264fc9998a5b0;400f000000000000:4054e59a11472346;4033a00000000000:c050fa807078a31c	402d6c87749fc457	bits	c034a66666666666			
rt-seed-0655	seeded	seeded-linear	0.00	LINEAR	0000000000000000:3fd00426d23116ec;4010800000000000:3fe3cb8556558793;4036c00000000000:3fe0c62595c4795e;4047600000000000:3fd78c644427ddce	4039a7d852081429	bits	3fe02b2f5eebaac6			
rt-seed-0656	seeded	seeded-linear	0.2	LINEAR	0000000000000000:c0427088224f5d67;4036e00000000000:c050507d697c2631;403d200000000000:4051557c92634f82;4048e00000000000:c04874f4e70f3793;4050e80000000000:4032b11f2d65f698	40103b7935e67e78	bits	c044e66666666666			
rt-seed-0657	seeded	seeded-linear	1E-400	LINEAR	0000000000000000:3fe4175bdc511aa8;4016800000000000:3fedc1e96c534d41;402fc00000000000:3fdf3017371b1cae;4033600000000000:3fcd673aecdb95f0;4042100000000000:3fec8b3fdc4836e9	404086d87f56d9c5	bits	3fe8a85d031f0578			
rt-seed-0658	seeded	seeded-linear	1	LINEAR	0000000000000000:408db5126e0f6b15;4032600000000000:4074871765ddfbde;4033600000000000:4064be4028a2c2a9;4039800000000000:4083702a0475df42	40391ccf12809e32	bits	4082880000000000			
rt-seed-0659	seeded	seeded-linear	5	LINEAR	0000000000000000:40800225830dab1d;4030800000000000:406b4215f73fb792;4041a00000000000:4074533203d1f22a;4046d00000000000:407277111618ba8b;4050300000000000:407411d1a0af3d97	4032db3dd56e6994	bits	406cc00000000000			
rt-seed-0660	seeded	seeded-linear	0.001	LINEAR	0000000000000000:bfe87c8b48774b40;4028800000000000:3fed562c0ad55396;4035000000000000:3fd15263bb749030;4037200000000000:bfec1d6a96c7d2a8	401107836542e0f1	bits	bfc72b020c49ba5e			
rt-seed-0661	seeded	seeded-linear	0.123456789012345678901	LINEAR	0000000000000000:bfb5c285150b0330;4008000000000000:bfee391b076f937e	3fd056c6d28e653c	bits	0000000000000000			
rt-seed-0662	seeded	seeded-linear	0.00	LINEAR	0000000000000000:bfe7a77a9c5291e4;402d000000000000:3fc02646c9191228;4036200000000000:3fb9da617a7139c0;4045800000000000:3fd477c06bae13a8;4046000000000000:3fdadfe70ba616fc	0000000000000000	bits	bfe7a77a9c5291e4			
rt-seed-0663	seeded	seeded-linear	1E+3	LINEAR	0000000000000000:3fcdb7338306a450;4034800000000000:bfddb32fa08e98e4;4042300000000000:bfcfb3e764f5e390;4047e00000000000:bfe579f77b5f0c30	401fddcfce02911e	bits	0000000000000000			
rt-seed-0664	seeded	seeded-linear	0.25	LINEAR	0000000000000000:4081c0a0eb947688;3fe4000000000000:40541c6389c3925e	3fe27e8e4682fc16	bits	405d500000000000			
rt-seed-0665	seeded	seeded-linear	0.123456789012345678901	LINEAR	0000000000000000:4050c0755f284560;4028000000000000:c0516a46d27072b3;403ea00000000000:c03783ad716d6330;404b600000000000:40464831649764f4;4054080000000000:40444e4f12c304ec	404f8216d0cf7b1d	bits	4045aaaaa76525e6			
rt-seed-0666	seeded	seeded-linear	0.25	LINEAR	0000000000000000:4034bbb41cca977b;4030200000000000:40567b5f2dc0e6eb;4043900000000000:40517b3e902a6b13;404d700000000000:404fdf345ef3bc76;4050b80000000000:405721c8df2d7a18	0000000000000000	bits	4034bbb41cca977b			
rt-seed-0667	seeded	seeded-linear	0	LINEAR	0000000000000000:404cc71a0a9121e7;3ff4000000000000:4089219fe89f93eb	3fe5477457bce921	bits	407c6c16c5963303			
rt-seed-0668	seeded	seeded-linear	1	LINEAR	0000000000000000:3fc8c5ee49e5b610;4016000000000000:bfeab7db102ed526;403be00000000000:bfeb9184e84262a2	4030167d51fdf335	bits	0000000000000000			
rt-seed-0669	seeded	seeded-linear	1E-7	LINEAR	0000000000000000:407a8876c5111514;402ec00000000000:4066f9a4aa542bf3	0000000000000000	bits	407a8876c5111514			
rt-seed-0670	seeded	seeded-linear	0.001	LINEAR	0000000000000000:403ec2f6360c1020;4030a00000000000:4029ffaa3f458370;4032200000000000:4040b23a0d3f3134;403fe00000000000:c02f1001780ed6d8;4040c00000000000:bffa5e1670cef280	4051600000000000	bits	bffa5e1670cef280			
rt-seed-0671	seeded	seeded-linear	0.01	LINEAR	0000000000000000:408338d2e961ca7e;4038800000000000:408320016d7f1314	401697b9872a4cd9	bits	4083331eb851eb85			
rt-seed-0672	seeded	seeded-linear	1E-400	LINEAR	0000000000000000:405422a06504df3e;4034400000000000:c05168aa093fa265;403f600000000000:4056e9d6197e71c8;4049800000000000:4056607a337ff288	40381209bf46de3b	bits	c02c7e5435e43bc4			
rt-seed-0673	seeded	seeded-linear	0.1	LINEAR	0000000000000000:3fe6f8ddf0ae19e9;402d800000000000:3fb8bb32f4e72eb8	401269a9a38e916e	bits	3fe3333333333333			
rt-seed-0674	seeded	seeded-linear	0.001	LINEAR	0000000000000000:403e46aae0eea130;4038200000000000:c05659ef2667e0ec;4042200000000000:4055046df43998dc	4015b412a1c634d4	bits	400ae147ae147ae1			
rt-seed-0675	seeded	seeded-linear	0.123456789012345678901	LINEAR	0000000000000000:3fe7290b470cd43f;4035e00000000000:3fcfb0e5c6b60444;4046000000000000:3fd5dada1af80e0e;404a600000000000:3fa4fc010f673530	4029028ac4414850	bits	3fdf9add3746f65f			
rt-seed-0676	seeded	seeded-linear	0.1	LINEAR	0000000000000000:4023cd595c73b94d;4020c00000000000:405ca5083b6e5081;4028000000000000:3fee260653f0698d	40227d3468bdfe39	bits	4055d9999999999a			
rt-seed-0677	seeded	seeded-linear	0.5	LINEAR	0000000000000000:3fc1f49d739cb200;401d800000000000:3fdf875734f5c5ca	4013866218c92a64	bits	0000000000000000			
rt-seed-0678	seeded	seeded-linear	0.001	LINEAR	0000000000000000:4080270c44467ee3;4026800000000000:4033fca09d659132	0000000000000000	bits	4080270c44467ee3			
rt-seed-0679	seeded	seeded-linear	0.01	LINEAR	0000000000000000:405a9d5f458b9f93;3fe4000000000000:40364e0504a4f603;4036200000000000:404bc8eeb33f3087;4041500000000000:4038e6c8a4611f09;404a500000000000:405adcd3357790b9	4044f6e40a298ea4	bits	404d31eb851eb852			
rt-seed-0680	seeded	seeded-linear	0.5	LINEAR	0000000000000000:4056b42e3e4544b6;4036e00000000000:4036a0431226e02a;4040e00000000000:404a9513a157eadb;4043600000000000:4057a15fc3bed7b3;4044500000000000:4032562615d9b513	402c66ea974cae96	bits	4048400000000000			
rt-seed-0681	seeded	seeded-linear	0.25	LINEAR	0000000000000000:4054c0acd884834d;4021800000000000:40405bddae1f0792	0000000000000000	bits	4054c0acd884834d			
rt-seed-0682	seeded	seeded-linear	0.5	LINEAR	0000000000000000:3f9dd40bfae03cc0;4020400000000000:bfd07db552ed271c;4037a00000000000:bfec0a00a13432a8	0000000000000000	bits	3f9dd40bfae03cc0			
rt-seed-0683	seeded	seeded-linear	0.1	LINEAR	0000000000000000:c03225f6068fbca8;4032000000000000:c05100ed04d8d3f0	40264e555c6f4708	bits	c048800000000000			
rt-seed-0684	seeded	seeded-linear	1E-7	LINEAR	0000000000000000:404c9321eee01034;4012800000000000:4056e69b34099f88	3ffdbd6f56335c38	bits	4051bfc0dcd481cd			
rt-seed-0685	seeded	seeded-linear	0.2	LINEAR	0000000000000000:3fb84333465e9050;4033c00000000000:bfefc6fc524eabbe	402d11f29151abfe	bits	bfe3333333333333			
rt-seed-0686	seeded	seeded-linear	0	LINEAR	0000000000000000:bfed285a55993816;4037c00000000000:bfe9223dc0dde6a8;4047700000000000:3fd4c336d16e4638;404b600000000000:3fdbe421884728b0;404cc00000000000:bfee20e058955be8	4024f7db5e29dacd	bits	bfeb619ffa7e546c			
rt-seed-0687	seeded	seeded-linear	0.25	LINEAR	0000000000000000:3fc3932481c43348;4036800000000000:3fa3dd90494672a0;4037c00000000000:3fecdb9ad66f73d2;403a600000000000:3fdeab13a3c3c28c	0000000000000000	bits	3fc3932481c43348			
rt-seed-0688	seeded	seeded-linear	-1	LINEAR	0000000000000000:3fd44b6617d43d9c;4021800000000000:bfd0c572239e3154	4010a8d659538573	bits	3fa536b5a0f2af00			
rt-seed-0689	seeded	seeded-linear	0	LINEAR	0000000000000000:bfd1688a8af15878;4035000000000000:bfc763cc286aec98	0000000000000000	bits	bfd1688a8af15878			
rt-seed-0690	seeded	seeded-linear	0.01	LINEAR	0000000000000000:40589cb0851f4078;4029000000000000:4034bd823230d3d2	4000f61809ae0e76	bits	40555147ae147ae1			
rt-seed-0691	seeded	seeded-linear	0.5	LINEAR	0000000000000000:40525da20207a762;4024000000000000:c04d620f485ffa55;4039600000000000:40303ce866125a2c;4043100000000000:c044ca2f39df2ced;404d500000000000:4051c31768d34556	4043f2aaf2247bb8	bits	c03f800000000000			
rt-seed-0692	seeded	seeded-linear	1E-400	LINEAR	0000000000000000:c048dc08605e0d43;3fe8000000000000:c040c60d8e8b4666	0000000000000000	bits	c048dc08605e0d43			
rt-seed-0693	seeded	seeded-linear	0.01	LINEAR	0000000000000000:3fe6bc61d00e10df;401f800000000000:3fa7a7c8aabcf360;4036200000000000:3fc5968491801114	401e20248bceca55	bits	3fb47ae147ae147b			
rt-seed-0694	seeded	seeded-linear	0.5	LINEAR	0000000000000000:405c9b5318a6697e;4034e00000000000:405728281ed5d63e;4041a00000000000:4040fab7cdc7f134	0000000000000000	bits	405c9b5318a6697e			
rt-seed-0695	seeded	seeded-linear	0.2	LINEAR	0000000000000000:405bffb57bcca67c;4028c00000000000:40494475770b9b9a;4031a00000000000:404bd4e935ce6487;403fa00000000000:404c74705f354fd0	3fc95a9fa876fc00	bits	405bcccccccccccd			
rt-seed-0696	seeded	seeded-linear	0.00	LINEAR	0000000000000000:40590deb35e9a72c;4033800000000000:4038cc48a8f3cd1c;4041f00000000000:404e554d96aaba24;404d200000000000:4050635c62be234b	404c677210840c0a	bits	40504f35c7cdcfea			
rt-seed-0697	seeded	seeded-linear	0.001	LINEAR	0000000000000000:3fe5b961b05b670a;4037000000000000:bfeed86424fb6188	4029aff2bf98248b	bits	bfce76c8b4395810			
rt-seed-0698	seeded	seeded-linear	0.1	LINEAR	0000000000000000:3fcab61354fa0b60;4032400000000000:3fd150beb0bc0de8;4034400000000000:3fcf4516942a7300	40343f0624be3c12	bits	3fd3333333333333			
rt-seed-0699	seeded	seeded-linear	1E-400	LINEAR	0000000000000000:3fc202419f57ca90;4028800000000000:bfcf5785a22f7a18	3fcfdce789364b30	bits	3fc1018759b047d4			
rt-seed-0700	seeded	seeded-linear	0.001	LINEAR	0000000000000000:40836c409fafba54;402c800000000000:4086e459f2e4b3b4	401a4ed4e36b6ccd	bits	40850624dd2f1aa0			
rt-seed-0701	seeded	seeded-linear	0.25	LINEAR	0000000000000000:405009e441035093;4021400000000000:405c77dd2e999fb3;4027800000000000:404099b29bbb80ac;4030c00000000000:404299b9a0a567ea	4020d6d16a4c1d59	bits	405c200000000000			
rt-seed-0702	seeded	seeded-linear	0.00	LINEAR	0000000000000000:c045d58ce056f030;401a800000000000:c039ba7be5b86d08;402d000000000000:c02293efec003058;403d800000000000:c031b07a7fa7f580;4043d00000000000:c03100d375f10954	4041c81debd96dda	bits	c0314749bc42682b			
rt-seed-0703	seeded	seeded-linear	1E+3	LINEAR	0000000000000000:40540bf373399eb6;4033400000000000:404ad3279c425890;4045e00000000000:c03443e65ba26464;4048000000000000:4048ad372a6a3a54	0000000000000000	bits	40540bf373399eb6			
rt-seed-0704	seeded	seeded-linear	0.10	LINEAR	0000000000000000:c0307dc5f50ab464;401d000000000000:c04975386dd6403b;4030a00000000000:404fa8206f40ff14;4039400000000000:c0573f61b72f8dc1;4044300000000000:404a5574a9ea3bfc	4041fa052958c4d9	bits	4024000000000000			
rt-seed-0705	seeded	seeded-linear	0.001	LINEAR	0000000000000000:3fdd910428913908;3ffe000000000000:bfc84b67f810e838;4012800000000000:3fe36b32c64649d0	3fc223c574f3e449	bits	3fda6e978d4fdf3b			
rt-seed-0706	seeded	seeded-linear	0.123456789012345678901	LINEAR	0000000000000000:40395f1c5f1f2bfc;4017800000000000:40476e097233c05b	404b700000000000	bits	40476e097233c05b			
rt-seed-0707	seeded	seeded-linear	1	LINEAR	0000000000000000:4068ba6ae09b0df4;4039600000000000:4089170e0eefa33d;4045c00000000000:4070f89b71e81d65	4053e00000000000	bits	4070f89b71e81d65			
rt-seed-0708	seeded	seeded-linear	-1	LINEAR	0000000000000000:3fedd89958b63c76;4013800000000000:bfebefa6a8708ea6	400d341fba2b3e8e	bits	bfdad7fc67882860			
rt-seed-0709	seeded	seeded-linear	0.001	LINEAR	0000000000000000:3ffbd16ec1d685b0;4025c00000000000:403b0be2ec57c7df	4024e6714320a03a	bits	403a0e978d4fdf3b			
rt-seed-0710	seeded	seeded-linear	0.123456789012345678901	LINEAR	0000000000000000:405c9d15e15b2feb;4036600000000000:40547b5bbf5b9bc5;403b400000000000:405f64298606f5f2;4044e00000000000:4047db601191797b	403a3935c63b1dd1	bits	405d12f68059c7a4			
rt-seed-0711	seeded	seeded-linear	5	LINEAR	0000000000000000:404320da4b23cee4;4030600000000000:404ce3be586e597c	0000000000000000	bits	404320da4b23cee4			
rt-seed-0712	seeded	seeded-linear	0.5	LINEAR	0000000000000000:c03e67bbc220b4e4;401b000000000000:4044043b43856e08	4018f52e251a9487	bits	4041400000000000			
rt-seed-0713	seeded	seeded-linear	0.001	LINEAR	0000000000000000:bfcd493679674c78;3ffe000000000000:bfe74052b6ca3b5a;4013800000000000:bfd49c115432ee94;4027c00000000000:3fb9ca1a11208ca0	4037e00000000000	bits	3fb9ca1a11208ca0			
rt-seed-0714	seeded	seeded-linear	0.2	LINEAR	0000000000000000:403bf51e03c56418;4038000000000000:c039d31a3c02f048;4046000000000000:4051f795901612ca;4046a00000000000:c0559f54dafd75bb	4044ca0010238659	bits	404e000000000000			
rt-seed-0715	seeded	seeded-linear	0.123456789012345678901	LINEAR	0000000000000000:3fd33b971d31a33a;4032c00000000000:3fd13be11611ae0e;4045f00000000000:3feb024321e2812c;4046e00000000000:3fdd82f6a09006a8;404e200000000000:3fd75b6ed853b8f6	4035b75057ecade1	bits	3fcf9add3746f65f			
rt-seed-0716	seeded	seeded-linear	0.1	LINEAR	0000000000000000:3fe687d6b6895c74;4031a00000000000:bfceed3487739488;4042f00000000000:bfc19b7078b1b7e8;4045f00000000000:3fb825aeb5390960	0000000000000000	bits	3fe687d6b6895c74			
rt-seed-0717	seeded	seeded-linear	0.00	LINEAR	0000000000000000:bfebdf0113903460;4036c00000000000:bfc9aeff4ec163e0;4042200000000000:bfd589c6541548e4	4025298a5f676432	bits	bfe1e4fecb78928a			
rt-seed-0718	seeded	seeded-linear	5	LINEAR	0000000000000000:40132696e3004c70;4037000000000000:c054bc3eb08bdf6e	0000000000000000	bits	40132696e3004c70			
rt-seed-0719	seeded	seeded-linear	0.123456789012345678901	LINEAR	0000000000000000:403610aef72b752e;4038c00000000000:403a39121945c892;403fe00000000000:40420b8ccfc835b3;4044f00000000000:403c28e8981f2311	403f0b2adfa2b98d	bits	40417819460db92e			
rt-seed-0720	seeded	seeded-linear	0.00	LINEAR	0000000000000000:3fdc167031ee1fe0;4021c00000000000:3fd1ba53b6ed49cc;4030e00000000000:3f4c61b6647fc000;4044700000000000:3fce2f0af00aee90;404ef00000000000:3fb90e19256a6000	402fbbe4a4e26fb8	bits	3fa241f3b3f8824c			
rt-seed-0721	seeded	seeded-linear	1E+3	LINEAR	0000000000000000:c0522643fca35cb5;401d000000000000:404385fc3b333c74	3fcaee0683ece2e2	bits	c08f400000000000			
rt-seed-0722	seeded	seeded-linear	0.2	LINEAR	0000000000000000:405e2756059b826f;4019000000000000:4052fb734611915f;4035400000000000:4047a0c79c374fbb;403a600000000000:402259556d4cf028	0000000000000000	bits	405e2756059b826f			
rt-seed-0723	seeded	seeded-linear	5	LINEAR	0000000000000000:4079c61fe5c0b970;4024400000000000:407b302c79f152d6;4037a00000000000:4072704c1e6d360f;403fc00000000000:40893d7a72b17a81	402a0651f7aa30de	bits	4079a00000000000			
rt-seed-0724	seeded	seeded-linear	1	LINEAR	0000000000000000:3fc9991999ee7b64;4021400000000000:3fdc6fa0f75d2e0a	401a8f74c2628912	bits	0000000000000000			
rt-seed-0725	seeded	seeded-linear	0.5	LINEAR	0000000000000000:405427f935a833ad;4020400000000000:404e856eb14d19ac	401b6e5f441575af	bits	4050200000000000			
rt-seed-0726	seeded	seeded-linear	0	LINEAR	0000000000000000:3ff4d7acee64c3c0;4004000000000000:40413a626c75260c	3fe46884f7026d4c	bits	4023853bcb4b2ffe			
rt-seed-0727	seeded	seeded-linear	0.10	LINEAR	0000000000000000:c04e11b72bece999;4034a00000000000:c03c96e4e85b3264;4035600000000000:4047f5cd2a79dbec;4040800000000000:403c9ff5e59143d0	4024eb8543727562	bits	c0460ccccccccccd			
rt-seed-0728	seeded	seeded-linear	0.01	LINEAR	0000000000000000:3fbd0d096cc27548;4032000000000000:3fe02cb7a765e525;403d400000000000:3fdd6473af7855aa	403d400000000000	bits	3fdd6473af7855aa			
rt-seed-0729	seeded	seeded-linear	1E-7	LINEAR	0000000000000000:4042d09ce53bf73c;4034200000000000:4037ca438a4e3e54	3feac16b84014a06	bits	40428703e05f50c8			
rt-seed-0730	seeded	seeded-linear	0	LINEAR	0000000000000000:405e9f6c1b8ff0e1;4006000000000000:4051f9bc8f711341;4026000000000000:4057ca5915d8ea53;402f400000000000:4051d1fe8bf64041	400875bacde3465f	bits	40523137efc338ee			
rt-seed-0731	seeded	seeded-linear	0.001	LINEAR	0000000000000000:3fb66d8f2efc5af0;4037400000000000:3fed5926143178cb;403c600000000000:3fd80c16ad4f2b26;404a100000000000:3fb36b93230825a8	40134c35b2cf9bd8	bits	3fd09374bc6a7efa			
rt-seed-0732	seeded	seeded-linear	5	LINEAR	0000000000000000:3fd0b8e5dc19e014;4005000000000000:bfdf46a3653ba504;4033400000000000:3fe1a22f1c24594c;4044c00000000000:3fe6871d6ceb5bc0	4043f554444e3f8f	bits	0000000000000000			
rt-seed-0733	seeded	seeded-linear	0.01	LINEAR	0000000000000000:405d537aaed86d2a;4024400000000000:402a440222ec1ce6;403e600000000000:405ab848c831c0b0	4028698548ad6231	bits	4036c28f5c28f5c3			
rt-seed-0734	seeded	seeded-linear	0.1	LINEAR	0000000000000000:403ecbcf5bda07c7;4022800000000000:405526484e07e55b;402cc00000000000:4047f9f195f28ef6	0000000000000000	bits	403ecbcf5bda07c7			
rt-seed-0735	seeded	seeded-linear	0.10	LINEAR	0000000000000000:404e814e9f96fc6f;4010800000000000:4051220e9fff8d53	401036e87757946f	bits	405119999999999a			
rt-seed-0736	seeded	seeded-linear	1E-7	LINEAR	0000000000000000:4055adca54e60bf5;4035c00000000000:405d6313e4f7dc69;4042b00000000000:40440951b5d19c64;4043900000000000:40505174e6478817	401545d68e33aa90	bits	40579049e9581dce			
rt-seed-0737	seeded	seeded-linear	1E-7	LINEAR	0000000000000000:3fd5d94cccf34486;4037800000000000:3fe7c2859a6c63b1;4043200000000000:3fe42d530de61e28;4049600000000000:3fe68e04bd49d911;404d300000000000:3fe985d7e5832ed8	4044f04d109ea8bc	bits	3fe4ddf5b44ca347			
rt-seed-0738	seeded	seeded-linear	1	LINEAR	0000000000000000:405f45a906f75786;4030800000000000:405bf5aa224cafe0;403f200000000000:405b72df63f174c4;4042200000000000:405174c9b09e6c92;404a000000000000:4052b80fbcfcf29e	403d69d595d2479a	bits	405bc00000000000			
rt-seed-0739	seeded	seeded-linear	0.00	LINEAR	0000000000000000:408a336960ea0f47;4034000000000000:4053ed7c8c3878e9;4042700000000000:408dd94488ce91e4;404a800000000000:40638089842dd00a	4059400000000000	bits	40638089842dd00a			
rt-seed-0740	seeded	seeded-linear	0.123456789012345678901	LINEAR	0000000000000000:405d9d4781166647;401e800000000000:405e5049533442ad;403ce00000000000:405f36c7e08fd0b7;4040400000000000:40100cab0cd95fa3	4035ffdc3111a5cb	bits	405ee522bf491e56			
rt-seed-0741	seeded	seeded-linear	0.123456789012345678901	LINEAR	0000000000000000:40011e6207ead76a;400f000000000000:4056600a45410db0;4038c00000000000:405f40d942d35778;4048100000000000:405011ea8fc5d253	4043b4fa41f220b2	bits	4055ba781600c961			
rt-seed-0742	seeded	seeded-linear	0.25	LINEAR	0000000000000000:40502d3f4121db0d;4033800000000000:4055e1ab84866160;4041000000000000:405fa76dd5964534	4057000000000000	bits	405fa76dd5964534			
rt-seed-0743	seeded	seeded-linear	5	LINEAR	0000000000000000:3fded5f4a3349266;4030400000000000:3fd3978b4e7c4c62;403a800000000000:3fbec16422c11ec8	404cc00000000000	bits	3fbec16422c11ec8			
rt-seed-0744	seeded	seeded-linear	0	LINEAR	0000000000000000:4087aaa04e6c442c;4023800000000000:40856057995c3115;402ac00000000000:406d432ddd218904;4031a00000000000:406b34dfb21e8dea	4012dbcb918199d8	bits	40868f206e592594			
rt-seed-0745	seeded	seeded-linear	0.001	LINEAR	0000000000000000:4063632bdbef542d;3ff0000000000000:406d1d81b0d4d1c3	3fcf53b112e49ac0	bits	4065c4a3d70a3d71			
rt-seed-0746	seeded	seeded-linear	0.01	LINEAR	0000000000000000:3fd230d33c2769f4;4033a00000000000:3fe87667a50b99f6;403aa00000000000:3fd9f1b653e3ef34;403de00000000000:3fd302e62c5ca802	40300f7b44a655a3	bits	3fe570a3d70a3d71			
rt-seed-0747	seeded	seeded-linear	0.25	LINEAR	0000000000000000:405d3be3b4b05950;4023800000000000:405091831b6b63d3;4030c00000000000:405e71440812591e;4044f00000000000:3ff63394163c887f;4048400000000000:403e347f146e8019	403a0dbd1f2cf743	bits	4053500000000000			
rt-seed-0748	seeded	seeded-linear	0.01	LINEAR	0000000000000000:40559f8747f7a18c;4025000000000000:c0541d384ee3da3e;403da00000000000:c024e59fc463a088;4048f00000000000:c04e090df2d7cd0f;404e900000000000:404a250319247e90	4041696adf3ad877	bits	c0372e147ae147ae			
rt-seed-0749	seeded	seeded-linear	0.123456789012345678901	LINEAR	0000000000000000:3fda799deca6cd76;4036000000000000:3fe27db2f55a4e37;4042d00000000000:3feed84fd6d8597a	4042d00000000000	bits	3feed84fd6d8597a			
rt-seed-0750	seeded	seeded-linear	0.10	LINEAR	0000000000000000:3fc9cb2f418ae974;402a800000000000:3fc5197e7978626c;4040400000000000:3fe16e91c5d44fdd	40381ece3d125a13	bits	3fd3333333333333			
rt-seed-0751	seeded	seeded-linear	0.1	LINEAR	0000000000000000:c03ff1a9e7db18a4;4024000000000000:4057ed51882cc470;4030c00000000000:4042b1ad915ca3c4;4041900000000000:40487355192dfb90	0000000000000000	bits	c03ff1a9e7db18a4			
rt-seed-0752	seeded	seeded-linear	0.001	LINEAR	0000000000000000:4046f9697e90c65b;4034200000000000:4027797a3458f814	4022a59d0bdfad52	bits	403e19999999999a			
rt-seed-0753	seeded	seeded-linear	0.5	LINEAR	0000000000000000:3fdf52ca69ea24da;4034e00000000000:3fe5fb3d29535931;4046f00000000000:3fd2cdbbdab4498c;4051100000000000:3febf8d6c08a50ca;4055b80000000000:3fed82ede664c8ab	4052101d5b06abb4	bits	3fe0000000000000			
rt-seed-0754	seeded	seeded-linear	0.2	LINEAR	0000000000000000:405608242a063be2;4021c00000000000:4058dc39d2ea47b7;4040300000000000:404941de1364a928	403360403f0395f8	bits	4053666666666666			
rt-seed-0755	seeded	seeded-linear	1	LINEAR	0000000000000000:3fe7f61b43547560;4036600000000000:3fd8b033633cee8e;4040300000000000:3fe11e51a61522cf;4048200000000000:3fea959fc800c114	402e67ecb3714556	bits	3ff0000000000000			
rt-seed-0756	seeded	seeded-linear	1	LINEAR	0000000000000000:408e5f6c2f79c76e;4028800000000000:406e082c99d98860;4034400000000000:40737a31d1831263	0000000000000000	bits	408e5f6c2f79c76e			
rt-seed-0757	seeded	seeded-linear	0.123456789012345678901	LINEAR	0000000000000000:c057c005296c7f7a;401a800000000000:405325e6a8a3df34;4033200000000000:4031aee4ac8518d8;4041900000000000:4046c81d5bdf65ec;4047e00000000000:c049ba4851249adc	4057700000000000	bits	c049ba4851249adc			
rt-seed-0758	seeded	seeded-linear	0.1	LINEAR	0000000000000000:3fd6f15d4e392c78;3ff0000000000000:bfe5fad2e89c80d8;4016000000000000:bfb1f3da31a73100	3feb812bf2d6fb02	bits	bfe0000000000000			
rt-seed-0759	seeded	seeded-linear	0.5	LINEAR	0000000000000000:405656f0bc085570;402b800000000000:40267fc92b7434f2;4035600000000000:40435153bd0e7194;4041a00000000000:403c30d89c08093a;4049900000000000:40578aa095b060fe	40219fd7e4063787	bits	4043c00000000000			
rt-seed-0760	seeded	seeded-linear	0.123456789012345678901	LINEAR	0000000000000000:3fcd41fae79b5b00;4016800000000000:3fdd4965a8fc0778	0000000000000000	bits	3fcd41fae79b5b00			
rt-seed-0761	seeded	seeded-linear	1E-7	LINEAR	0000000000000000:3fd33fbd662e3720;4036e00000000000:3fea379fe1a87ed7	4002bfa321decf6b	bits	3fd6a61d359aec80			
rt-seed-0762	seeded	seeded-linear	1E-400	LINEAR	0000000000000000:404dbfe6bd70148c;402e400000000000:c05515cccc602e88;402fc00000000000:c0311a6f0a218ad8;4039600000000000:4038cd08fdc34a80	4018f6db9f35fda8	bits	3fc2b5efcee98e00			
rt-seed-0763	seeded	seeded-linear	0.10	LINEAR	0000000000000000:3fdbffd07aa84dde;401f000000000000:404da3832812286f	0000000000000000	bits	3fdbffd07aa84dde			
rt-seed-0764	seeded	seeded-linear	0.1	LINEAR	0000000000000000:c04b4e59c6e2a122;4005000000000000:c052d06bc96807f3;401a800000000000:c056f004ff16e269;403c800000000000:4048122aed619634;4043e00000000000:40459fe8daa2fb0c	4024ccad77c435ed	bits	c050eccccccccccd			
rt-seed-0765	seeded	seeded-linear	1E+3	LINEAR	0000000000000000:3feb0ddb5b490117;3fe0000000000000:3fd35eda89ae97f8;4011000000000000:3fd0e57720bafe1c;4032200000000000:3feb35bce116e6b1	402393c422b50caa	bits	0000000000000000			
rt-seed-0766	seeded	seeded-linear	-1	LINEAR	0000000000000000:4053b1fe95276587;4036a00000000000:40548545b053af5a;4045200000000000:4050557dac43547a	40202eaaad05d6b0	bits	4053fd8d32a08e79			
rt-seed-0767	seeded	seeded-linear	5	LINEAR	0000000000000000:c053e546f2992fa6;4007000000000000:c053f12b6675dd59	40058cdbeae58b27	bits	c052c00000000000			
rt-seed-0768	seeded	seeded-linear	0	LINEAR	0000000000000000:c04b02b9cf01d3e4;4028c00000000000:4056d2f62ac00c28;4033c00000000000:40149993c47c6c40	4032cdf82c2c6c49	bits	40303184a1629b3c			
rt-seed-0769	seeded	seeded-linear	1E-7	LINEAR	0000000000000000:4047ced838396864;400a000000000000:c041e41b61f20224;403ac00000000000:c0533243cd280312;4048800000000000:c051541509968304	4052c00000000000	bits	c051541509968304			
rt-seed-0770	seeded	seeded-linear	1E-400	LINEAR	0000000000000000:404627a23d013534;4025800000000000:4024c9dab851a9b8;4029800000000000:405efaa3c11d87bf;4032a00000000000:403195b423f20737	40296e86d0aa45f1	bits	405e7ea9f2eb63f3			
rt-seed-0771	seeded	seeded-linear	1E-400	LINEAR	0000000000000000:4057a937dbee4048;401f000000000000:4051bff56afbfa02;402b800000000000:4045bbdeff0145d4;4040d00000000000:405495c3f69400f6;4049500000000000:c051afaf30b53a31	4038b0429a42e165	bits	40503726cc4c05a7			
rt-seed-0772	seeded	seeded-linear	0	LINEAR	0000000000000000:40486d06aeaad2d4;3ffc000000000000:405587138261925d;4038000000000000:4030b2d36f09c822;403e600000000000:4048e6487c6effd0	403c807944368ca0	bits	4044095fe7e3682d			
rt-seed-0773	seeded	seeded-linear	1E-7	LINEAR	0000000000000000:3fecea0fd2675338;402a000000000000:bfc764c7df888dd0;402f000000000000:3fbf439c0f6dd830;4039a00000000000:3fe7b79da9953450;4046100000000000:3fa30997715d0000	40452875698d124c	bits	3fbb23f4d1ce944d			
rt-seed-0774	seeded	seeded-linear	0.01	LINEAR	0000000000000000:404d2160e67e541f;4031600000000000:4054bb9802e5d314;403f800000000000:4058ec2a125b52f7;4045700000000000:400df05905d0ee8a;4050180000000000:40317f476430f958	40413027498d3662	bits	4052db851eb851ec			
rt-seed-0775	seeded	seeded-linear	0.123456789012345678901	LINEAR	0000000000000000:3fd50a24ea51f03e;4035600000000000:3fe74e5f40c38eb5	0000000000000000	bits	3fd50a24ea51f03e			
rt-seed-0776	seeded	seeded-linear	0.00	LINEAR	0000000000000000:bfc0b1f03ac35370;4020c00000000000:3fe4cc89e251ef10;402f400000000000:3fe0d19e04c99f1e	402521d7a041264a	bits	3fe3989989028214			
rt-seed-0777	seeded	seeded-linear	-1	LINEAR	0000000000000000:3fece41a4f6ca2f7;4024c00000000000:3fdd6c9dd30c1028;4031200000000000:3fdb5e33d0da9cc6;4044d00000000000:3fe72959ed55b39d;404ca00000000000:3f9fbb0239068260	40227c449c98d9f4	bits	3fe042735863ba39			
rt-seed-0778	seeded	seeded-linear	0.001	LINEAR	0000000000000000:3fa7e75182f1fbc0;402ec00000000000:3fee3699fda4716a;403e000000000000:3fdb1edff17384a8;4046600000000000:bfec01c966262612;4046d00000000000:bfe952965d958dc0	403e164da79d8a45	bits	3fdab020c49ba5e3			
rt-seed-0779	seeded	seeded-linear	0.5	LINEAR	0000000000000000:404adf1a6b04ef5c;4032c00000000000:4032fa9afd536c3c;4039200000000000:402b6e0a8b284334;4039c00000000000:404768694b88d895	40307d1f91b46d46	bits	4037800000000000			
rt-seed-0780	seeded	seeded-linear	0.001	LINEAR	0000000000000000:3fe0588a7dcdd79c;4033400000000000:3fd99bb39c52a98c;4043e00000000000:3fd0506d2d3e3376;4049e00000000000:3f8daf8c435045c0;404ab00000000000:3fea457d0a1c54f7	4041da191c61f339	bits	3fd22d0e56041893			
rt-seed-0781	seeded	seeded-linear	5	LINEAR	0000000000000000:406fd99d72bba324;3ff8000000000000:4086d191cf9d0608;402e000000000000:408de9f15b5a212a	400308e0538d6855	bits	4087200000000000			
rt-seed-0782	seeded	seeded-linear	0.01	LINEAR	0000000000000000:3fe1a612795d76ea;4022800000000000:3fe538affabb7f49	400779e3df88a0c9	bits	3fe28f5c28f5c28f			
rt-seed-0783	seeded	seeded-linear	-1	LINEAR	0000000000000000:3feaf32a42d2117e;402b000000000000:bfdfe80d5dc87c80;4034400000000000:3fb44e48e5d0f880;4045000000000000:3fe57d21b9189fd4;4048c00000000000:3fba623588d52670	0000000000000000	bits	3feaf32a42d2117e			
rt-seed-0784	seeded	seeded-linear	0.01	LINEAR	0000000000000000:3fdfa9955fc9f8ec;4024c00000000000:3feb8132efa7075a;402b800000000000:3fefa8e7606eb376	4024c00000000000	bits	3feb8132efa7075a			
rt-seed-0785	seeded	seeded-linear	5	LINEAR	0000000000000000:4007000634512088;4037200000000000:402a93ad82b56a87;4042d00000000000:405423030ed5c968;404f200000000000:40333a769734bb29;4053280000000000:3fefba29bf0e5b38	4054680000000000	bits	3fefba29bf0e5b38			
rt-seed-0786	seeded	seeded-linear	0.00	LINEAR	0000000000000000:bfde0ac4646971d8;4027400000000000:3fe330ec384dc6f0;4030200000000000:bfb16311ab368c30	4030200000000000	bits	bfb16311ab368c30			
rt-seed-0787	seeded	seeded-linear	0	LINEAR	0000000000000000:3fb9f38594acb078;4022000000000000:3fd6ccbb2b5e7498;4031400000000000:3fe3d2e39a6536c0;4032600000000000:3f931ac9add0dae0	3fb91026d7b5f314	bits	3fbaa939047b1444			
rt-seed-0788	seeded	seeded-linear	0	LINEAR	0000000000000000:3fea85d49ac4b428;400d000000000000:3fa243f962680920;403c200000000000:3fe3e4e4102aad62	403c200000000000	bits	3fe3e4e4102aad62			
rt-seed-0789	seeded	seeded-linear	0.5	LINEAR	0000000000000000:3feedd1fbaaff0a7;4031600000000000:3fe80a53369e35a9;403c600000000000:3fd4acc7f5b1b26c;4045500000000000:3fd26e7213e93968;4046500000000000:3fe83694a577b2d5	0000000000000000	bits	3feedd1fbaaff0a7			
rt-seed-0790	seeded	seeded-linear	0.001	LINEAR	0000000000000000:4059a79f11e4e091;4037c00000000000:4024e3b6e0202095;403cc00000000000:404f0ffda5cb5ccf	4032aef1f1cc343e	bits	403e1be76c8b4396			
rt-seed-0791	seeded	seeded-linear	-1	LINEAR	0000000000000000:405cae49de8945b7;4039600000000000:40594965d89db092;4048b00000000000:405dbd2d422bb45d	403b857280cd27c5	bits	4059af53880457bc			
rt-seed-0792	seeded	seeded-linear	1E-7	LINEAR	0000000000000000:3fed8a69fd57c74e;402bc00000000000:3fe7ab7555816302;4040d00000000000:3fecd37c84d3c9c8;4046d00000000000:3fe0bb721d803bd1	403507a88bdaad5f	bits	3fe989ab7a6cada8			
rt-seed-0793	seeded	seeded-linear	1	LINEAR	0000000000000000:40495f2475bc7b93;4027400000000000:404d8bc9dcb4c1a5;4041900000000000:40290bcd2b03d6bf;4048f00000000000:4051d100ffe2754f	404385b0e697438a	bits	403c000000000000			
rt-seed-0794	seeded	seeded-linear	0.2	LINEAR	0000000000000000:4085984297770dae;4032e00000000000:4080b198264598fd;403a000000000000:4044279713cca52c	402804a9dc391d6e	bits	40827b3333333333			
rt-seed-0795	seeded	seeded-linear	1E-400	LINEAR	0000000000000000:3fe90d2cbbd1fba3;4031200000000000:3fed12675f1ba31a	4023979f4f2783f2	bits	3feb59ee9ba86272			
rt-seed-0796	seeded	seeded-linear	5	LINEAR	0000000000000000:bfeed4d9b4eab596;4000000000000000:bfb5467b78c8e850;4009000000000000:bfb17f6000bbdfa0;4010000000000000:3fd5ed7e75f6d17c;403ce00000000000:bfdb71c887af8688	4026b3808e0c4974	bits	4014000000000000			
rt-seed-0797	seeded	seeded-linear	0.001	LINEAR	0000000000000000:3fd16212e0594274;4033800000000000:3fe4bd9c09f48d00	402623062f73cd7a	bits	3fdf0a3d70a3d70a			
rt-seed-0798	seeded	seeded-linear	0.10	LINEAR	0000000000000000:3fe472900b751e1c;4038c00000000000:3fe5eaf793fa68e5;4047900000000000:3fd32f5bd7be9858	4044cef0ff240ea2	bits	3fd999999999999a			
rt-seed-0799	seeded	seeded-linear	0.123456789012345678901	LINEAR	0000000000000000:3fd728ed2aa8be6e;4037e00000000000:3fe263bd12c5eb7e;403d000000000000:3feed14fbed2a448;4048900000000000:3fd291b56a005286	40461126ed22dd97	bits	3fdf9add3746f65f			
rt-seed-0800	seeded	seeded-linear	0.1	LINEAR	0000000000000000:405924b3912be268;401b800000000000:40825ae44aa2a57d;4024400000000000:40759c7f6b00d84e;4038a00000000000:4086d16128c67d9f	40360a579082ec2d	bits	4084accccccccccd			
rt-seed-0801	seeded	seeded-linear	0	LINEAR	0000000000000000:3f869b39de0cf180;4031e00000000000:bfc3db8376c75e88;403aa00000000000:3fe90c37aa894942	400a45c214b0d9a7	bits	bf93f5b56c22917e			
rt-seed-0802	seeded	seeded-linear	0.2	LINEAR	0000000000000000:c041105807e24978;4026400000000000:c024b7204724bb88;403be00000000000:c04ab75134c2ea44;4042900000000000:40442aa16b2a36e8;404dc00000000000:4035dd4c4fc3d610	3fd82773ef6c54ad	bits	c040b33333333333			
rt-seed-0803	seeded	seeded-linear	5	LINEAR	0000000000000000:405c8b9a557d42b4;3ffe000000000000:405b96cc28431c18	3ff1556eb02dd2b4	bits	405cc00000000000			
rt-seed-0804	seeded	seeded-linear	0.2	LINEAR	0000000000000000:404bf5093c56ba6d;4025800000000000:4040e4816db6ebba;403fa00000000000:402404e3f79acf3a;4049e00000000000:4052d49f7b1b8149	4035cb9a84d8b2b0	bits	4035666666666666			
rt-seed-0805	seeded	seeded-linear	1E-7	LINEAR	0000000000000000:bfc3cae0c9497568;4033200000000000:bfbf8b7dbeb6e260;4041900000000000:3fe4941ff5398dd0;4046700000000000:bfd8439350f119fc;4051700000000000:bfe51bcbdec8e9e4	40440d85cdbaca1c	bits	3fbef3775b813016			
rt-seed-0806	seeded	seeded-linear	0.5	LINEAR	0000000000000000:3fed94e5af50166e;4013000000000000:3fc3657e5cd08368;401b000000000000:3fc5e0bf0fb35b94;4038a00000000000:3fa1c2f153648360	40345c3ba69914da	bits	3fe0000000000000			
rt-seed-0807	seeded	seeded-linear	0.25	LINEAR	0000000000000000:bfd9700274097ba4;4038c00000000000:bfefe2cd0d57b426;4043c00000000000:bfb7296095c9b910;4048000000000000:bfe9b75b98e6623a	0000000000000000	bits	bfd9700274097ba4			
rt-seed-0808	seeded	seeded-linear	5	LINEAR	0000000000000000:40592dda1535d92c;402a400000000000:4036b463de2803cc;4030000000000000:403c88bf056feef2;4040a00000000000:405c99de9db9ade8	404aa00000000000	bits	405c99de9db9ade8			
rt-seed-0809	seeded	seeded-linear	0.01	LINEAR	0000000000000000:408985b0539fe507;401c000000000000:408569fff1c1a93a;403be00000000000:406bc85254873ddb;4049100000000000:3fa101dc7bb4ab80;404a100000000000:40615010f500b1ab	40415571f9b217a5	bits	40634d70a3d70a3d			
rt-seed-0810	seeded	seeded-linear	1E+3	LINEAR	0000000000000000:3fceabbf4cb3a708;4011800000000000:3fe7b9936b15283d;401d000000000000:3fe594ea64de5d23;4021400000000000:3fb580ec711bd898	40109cba61e56998	bits	0000000000000000			
rt-seed-0811	seeded	seeded-linear	-1	LINEAR	0000000000000000:bfbece4d5f2bef30;402b800000000000:3fe4665c4b42ea04	4001c57f741a1476	bits	3f613193fcd67f80			
rt-seed-0812	seeded	seeded-linear	0	LINEAR	0000000000000000:3fdf572cd2a8be74;402b400000000000:3fd204627413b50e;4039e00000000000:3fdbee7cf9ab4ff4;4043700000000000:3fad0375dd582de0;404c000000000000:3fea5087caf68bcb	3fff6ee5adb845c8	bits	3fdd6b60741de0e3			
rt-seed-0813	seeded	seeded-linear	0.123456789012345678901	LINEAR	0000000000000000:404309fe58052c14;4026000000000000:c00e09f11e7757a0;4038800000000000:4057114468dd6064	4027ed53c552be3e	bits	4008b0fcd32f707a			
rt-seed-0814	seeded	seeded-linear	1E-7	LINEAR	0000000000000000:3fe87e8aaff65ae8;402d800000000000:3fe4b7ebd46923dc;4032c00000000000:bfd3bb8d76dd24c0	4025d3737b172cb1	bits	3fe5b35fde8ce8b1			
rt-seed-0815	seeded	seeded-linear	0.5	LINEAR	0000000000000000:408e8b2050a68bc3;4008000000000000:408519201effe2be	400212518abb48b1	bits	4087700000000000			
rt-seed-0816	seeded	seeded-linear	1E+3	LINEAR	0000000000000000:bfe3d6f6696d650e;400b000000000000:bfe27f79e93debc4;4036400000000000:3fe963a401f44112;403e200000000000:3fe1407e20ba3042;4044700000000000:bfe5b448534b7340	403833407418d763	bits	0000000000000000			
rt-seed-0817	seeded	seeded-linear	0.10	LINEAR	0000000000000000:408165d17da3b261;4034800000000000:40705052ed125b60;4045c00000000000:40761fc861d8f66e;4048400000000000:408ee1bcb3a76d46;404fd00000000000:4080e029c9db64d4	4042833dd82e4130	bits	40747ccccccccccd			
rt-seed-0818	seeded	seeded-linear	0.123456789012345678901	LINEAR	0000000000000000:405b86ec51b854e4;4034c00000000000:405a9f2efba7a882;4043a00000000000:4054852892ddf490;4044800000000000:4057b433bbb4dc34;404bd00000000000:404d0a3a00d45a33	4037e189f44dac9f	bits	40599e064e4e04b2			
rt-seed-0819	seeded	seeded-linear	0.00	LINEAR	0000000000000000:3fe429a8e49f82ca;4030c00000000000:3fd2325f62169c80;4039c00000000000:bfa95bdb3a2cada0;403c600000000000:3fc734b3330474b0;4046a00000000000:bfe29ffe495d96bc	0000000000000000	bits	3fe429a8e49f82ca			
rt-seed-0820	seeded	seeded-linear	0.1	LINEAR	0000000000000000:bfe7ecb2f4bfcf8e;400f000000000000:3fe2924141f73ac4;402c000000000000:bfd2bf81c04494d8;4040600000000000:bfdfb1e471ec11cc;4042300000000000:3fb20107d9114440	4032862c55799753	bits	bfd3333333333333			
rt-seed-0821	seeded	seeded-linear	0.001	LINEAR	0000000000000000:3fb03db59b36c1b8;400f000000000000:3fa459cbac46e9f0	0000000000000000	bits	3fb03db59b36c1b8			
rt-seed-0822	seeded	seeded-linear	0.5	LINEAR	0000000000000000:408e11431601a3b7;402d800000000000:4029224367cb5a64;4041c00000000000:406500d684f19705;4046a00000000000:4077c9320277f493;4051880000000000:407b6da54e269ac1	4050e180cb46456f	bits	407b080000000000			
rt-seed-0823	seeded	seeded-linear	0.00	LINEAR	0000000000000000:3fe33e6e328ac588;4021000000000000:3fd8bebc00828e6a;4036400000000000:3fe2b6a43ac12ad7;4041900000000000:3fd163bc95a78024	40304c6b0ae285bf	bits	3fdff00f89be957d			
rt-seed-0824	seeded	seeded-linear	0.1	LINEAR	0000000000000000:40866487d0b4b371;4032400000000000:408df1bdb9837e4d;4040a00000000000:408d7d526a03063e	4032400000000000	bits	408df1bdb9837e4d			
rt-seed-0825	seeded	seeded-linear	0.10	LINEAR	0000000000000000:40678ebccc301037;402b000000000000:40770478b58ff2fe;4038600000000000:40789d6284c9eeaa;403a600000000000:4062581f2ad15ec1	4032ab058e782f4f	bits	4077c66666666666			
rt-seed-0826	seeded	seeded-linear	1E+3	LINEAR	0000000000000000:bfe3b0935569b788;4010800000000000:bfe0c999dbda4dac	0000000000000000	bits	bfe3b0935569b788			
rt-seed-0827	seeded	seeded-linear	1E-400	LINEAR	0000000000000000:407212e63ff1f1f0;401c800000000000:408744f183bc9e0e	3fef35148a3a9041	bits	4075f84d049dd6d0			
rt-seed-0828	seeded	seeded-linear	0.01	LINEAR	0000000000000000:bfe3641d406579cc;4022800000000000:bfae1698cc96d380;402a400000000000:bfd59d10b0693748;4041100000000000:3fe9659ab1fb97e8	403557155bfd2598	bits	3fb999999999999a			
rt-seed-0829	seeded	seeded-linear	5	LINEAR	0000000000000000:c050dfe78d6687dc;4034000000000000:c055648c2700e4b2;4037e00000000000:40120002abf56d60;4040500000000000:c0495f8dc958051e	403ff5b0cfb63484	bits	c044000000000000			
rt-seed-0830	seeded	seeded-linear	0.2	LINEAR	0000000000000000:3f8e3afe882bc800;4016000000000000:bfbad2b834137120;403ae00000000000:bfeda7f793b5a770;4045600000000000:3fedd1f0af8d8d2a	4039427bdb241aa8	bits	bfe3333333333333			
rt-seed-0831	seeded	seeded-linear	0.001	LINEAR	0000000000000000:408dca30c124e4a8;4014000000000000:408a8098edbdd0d4;4039a00000000000:408db46792ebbe36;4041700000000000:407d2a7c6374efc2;4041c00000000000:408085ba249fc46f	4014000000000000	bits	408a8098edbdd0d4			
rt-seed-0832	seeded	seeded-linear	0.10	LINEAR	0000000000000000:3fe2c2a8385e5c54;4036400000000000:3fd4a3f378dafc98;4043100000000000:3f84505cd9d0a2c0;404b500000000000:3febbf315d8dc15c	40430fac7cbc2c15	bits	3fb999999999999a			
rt-seed-0833	seeded	seeded-linear	0.25	LINEAR	0000000000000000:405dd5af88364746;4039400000000000:4050fbb30e78a2dd;4047100000000000:405967102921a162	403be822de4b3506	bits	4052000000000000			
rt-seed-0834	seeded	seeded-linear	1E+3	LINEAR	0000000000000000:405007173dd67f1c;4033e00000000000:403d44ad65cd8498	40247cc55ade4a33	bits	408f400000000000			
rt-seed-0835	seeded	seeded-linear	0.25	LINEAR	0000000000000000:3fe0e8993ae156d9;4029400000000000:3feecd2209af172e;4032600000000000:3fd889f1a03d1356	40319b7324c80403	bits	3fe0000000000000			
rt-seed-0836	seeded	seeded-linear	-1	LINEAR	0000000000000000:c038db17e869117c;4036400000000000:4036099606a9c8d8;4038200000000000:4049698d0707d674;403e200000000000:3fd6e383c9d4ea00;4043c00000000000:c047d77da9ece061	401003917cac36a5	bits	c0306b11940210f6			
rt-seed-0837	seeded	seeded-linear	1E-7	LINEAR	0000000000000000:bfe2253ea02d658a;402ec00000000000:bfe9a7e26d840c84	3fd135d20a3d01dc	bits	bfe246df17522c1d			
rt-seed-0838	seeded	seeded-linear	0	LINEAR	0000000000000000:3fe70dcabbca3161;4010800000000000:3fd81e7f01303080;4028800000000000:3fdc105b919838a8	4041200000000000	bits	3fdc105b919838a8			
rt-seed-0839	seeded	seeded-linear	0.001	LINEAR	0000000000000000:3fe8bf558397b561;400b000000000000:3fc2e87c9fea4dd4	400784c7a6ee97d5	bits	3fcd4fdf3b645a1d			
rt-seed-0840	seeded	seeded-linear	0.10	LINEAR	0000000000000000:bfe4b0c497a4ad62;4020c00000000000:3fd1fb93f8f2ba5c;4039200000000000:bfd1fa3c3e3cbcd8;4043900000000000:3fe0f937b13fc846;4045a00000000000:3fe62ec84e1b7362	4014140830ceea15	bits	bfb999999999999a			
rt-seed-0841	seeded	seeded-linear	1	LINEAR	0000000000000000:c01f3f99691fa760;401c800000000000:c051295dd0245e84;403fc00000000000:3fe2ff452fcbbf00	401c800000000000	bits	c051295dd0245e84			
rt-seed-0842	seeded	seeded-linear	0.5	LINEAR	0000000000000000:bf94e1a0b5c84b00;402f800000000000:3fe9e61e7df973fe	401d170540410093	bits	0000000000000000			
rt-seed-0843	seeded	seeded-linear	0.001	LINEAR	0000000000000000:3fdc6ecb81eed4d4;4038200000000000:3fd40270d9f8bb56;4046600000000000:3fe806cb7268da1b;404da00000000000:3feb794bece65d0a;404de00000000000:3fe7507cfd92c6a7	4049bc961de61dc9	bits	3fe999999999999a			
rt-seed-0844	seeded	seeded-linear	1E-7	LINEAR	0000000000000000:3fcf6d324ef4fd40;4031a00000000000:3fea399ba4c82663	402350a5c652339b	bits	3fe1ebe6a337a80d			
rt-seed-0845	seeded	seeded-linear	5	LINEAR	0000000000000000:40570646767ceee6;4037600000000000:c03bec261d1e1694;4042100000000000:404494003606da3c;404eb00000000000:402589a038328098;4051700000000000:404a6a6777b6c958	403a6157fd80af92	bits	c024000000000000			
rt-seed-0846	seeded	seeded-linear	0.01	LINEAR	0000000000000000:3fe75cedf132c779;4036e00000000000:3fb39288aae0fd80;403f800000000000:3fd3af6cf0043134	4051200000000000	bits	3fd3af6cf0043134			
rt-seed-0847	seeded	seeded-linear	0.01	LINEAR	0000000000000000:bfd19328875fdec8;4035a00000000000:bfccd9b99fdc4bd8;4045500000000000:bfc1477aa91fd4e8;4046300000000000:bfe97dbb738d80f8	403d528843ebff87	bits	bfc999999999999a			
rt-seed-0848	seeded	seeded-linear	0.001	LINEAR	0000000000000000:3fe1f870624a52b3;4025400000000000:3fd7dd1f55ca8f86;4040800000000000:3fe258b8e933d728;4044800000000000:3fed4e903c9eca9b	0000000000000000	bits	3fe1f870624a52b3			
rt-seed-0849	seeded	seeded-linear	1	LINEAR	0000000000000000:404d94d34781cc8c;4037800000000000:4082ac3e9f4436d9;4044d00000000000:4086cc30da4a50c4	402e8f2bb0e8a348	bits	4079900000000000			
rt-seed-0850	seeded	seeded-linear	1E+3	LINEAR	0000000000000000:3fe5fbbaa7fc7896;400e000000000000:3fec7c23fe3cb8ca;402c000000000000:3fe5de87aeb89998;403c400000000000:3fe3d274a18362f4	402c000000000000	bits	3fe5de87aeb89998			
rt-seed-0851	seeded	seeded-linear	0.1	LINEAR	0000000000000000:3feb7ba972954cf3;4022800000000000:3feca102a7a5c173;4026000000000000:3fed10e82d25488b	402a000000000000	bits	3fed10e82d25488b			
rt-seed-0852	seeded	seeded-linear	0.2	LINEAR	0000000000000000:408510bbbd0ae1dd;4030a00000000000:4085abf573ee0116	40173c36d50de483	bits	4085466666666666			
rt-seed-0853	seeded	seeded-linear	0.2	LINEAR	0000000000000000:c056f96549c21441;4019000000000000:404b3e366f07da9c;4024800000000000:c058bcdd9529c2aa	4012c5117331de64	bits	4032000000000000			
rt-seed-0854	seeded	seeded-linear	0.1	LINEAR	0000000000000000:406e796e93ea5b2c;4035e00000000000:408147ff15ed2a60;403be00000000000:40804258f1b74b42	3ff1644ebef032b9	bits	407031999999999a			
rt-seed-0855	seeded	seeded-linear	0.10	LINEAR	0000000000000000:c042a2aaea43e6da;4032e00000000000:403ee2d4744169c0;403d800000000000:404d448293e767f0	400b53e1c4416c64	bits	c038e66666666666			
rt-seed-0856	seeded	seeded-linear	1E-7	LINEAR	0000000000000000:bfe1a1e057aae334;4032600000000000:bfe957cb8563118c;4037e00000000000:3f6cc2a0d70c4a00;4045700000000000:bfe6f9cd57bf12ee	4032b3550bc02db4	bits	bfe7d61d4306e5cd			
rt-seed-0857	seeded	seeded-linear	0.25	LINEAR	0000000000000000:407c52566fc50ea9;4031400000000000:404db239c1a9d581;4039000000000000:4042f1b21d93b929;4045700000000000:4064fcb951d47c37;4045b00000000000:4080ab2a153e5c3f	4054180000000000	bits	4080ab2a153e5c3f			
rt-seed-0858	seeded	seeded-linear	1E-7	LINEAR	0000000000000000:4052df8757b8a0fa;4024800000000000:bff61db186c0c880;4039600000000000:c04c0be69da26a24;4041e00000000000:403b8d3e0f53ab18;4048f00000000000:c058066b28fdd29e	0000000000000000	bits	4052df8757b8a0fa			
rt-seed-0859	seeded	seeded-linear	1E-7	LINEAR	0000000000000000:3fe631390ab248de;401e000000000000:3fe7445a28fe76dc;402d000000000000:3fe227b1dde055f9	4002262778d3a9c4	bits	3fe68471ea282766			
rt-seed-0860	seeded	seeded-linear	0.123456789012345678901	LINEAR	0000000000000000:405338c5e3e7957e;4013800000000000:c0515d502b979c33;4025800000000000:4049d4fb43683fc8;402b000000000000:405084cf20b9c898	401a502e839607a0	bits	c04129161d0387c6			
rt-seed-0861	seeded	seeded-linear	0.123456789012345678901	LINEAR	0000000000000000:c050e95291fae86a;402fc00000000000:4030d22a2a91c68c	4022e96a6b4ed366	bits	c03148b0fa3acebc			
rt-seed-0862	seeded	seeded-linear	1E-7	LINEAR	0000000000000000:408413ef8f22e108;4037e00000000000:406e95b0c9b2cf03;4042900000000000:4020d17453f1fdae;4046500000000000:4073b522b191ec8c;4051800000000000:4076bd639cd37ac3	4030f39a7b94a022	bits	4076809db27d962e			
rt-seed-0863	seeded	seeded-linear	5	LINEAR	0000000000000000:3fe410323bc5584b;4037c00000000000:3fdc1a95e97d54f2	403102988fcd9d56	bits	4014000000000000			
rt-seed-0864	seeded	seeded-linear	1	LINEAR	0000000000000000:4068422ad939269b;4022400000000000:4087fa94fd6d7701	4009d4619dfdf1ca	bits	4078c00000000000			
rt-seed-0865	seeded	seeded-linear	5	LINEAR	0000000000000000:3fe6644ce02e4236;402a800000000000:3fdcaa043a0ee46a;4040f00000000000:3fcb79f6787b3eac;4046400000000000:3fe64fdfd172feb1	4051600000000000	bits	3fe64fdfd172feb1			
rt-seed-0866	seeded	seeded-linear	0.2	LINEAR	0000000000000000:3fddd7bb28b0452c;4033800000000000:bfed545f807a75f0;4035200000000000:3fa5ae3914322de0;4045500000000000:bfd20b85c0075ac8;404b000000000000:bfc3ad06d3fc9590	403f8c8024f23111	bits	0000000000000000			
rt-seed-0867	seeded	seeded-linear	1E-400	LINEAR	0000000000000000:402936b42757cf40;4013000000000000:c058bd11eb897ae7;4036c00000000000:4047ae25db39805c	403ac00000000000	bits	4047ae25db39805c			
rt-seed-0868	seeded	seeded-linear	0	LINEAR	0000000000000000:3fe3ac1d59fec1fe;4031200000000000:3fce9c8dc7daa788;4044500000000000:bfeba39a67ac28d0;404b900000000000:3fea22a0c2ca1992	40445fe615f63bad	bits	bfeb2dadf772a5fc			
rt-seed-0869	seeded	seeded-linear	1E-7	LINEAR	0000000000000000:40816b30fd41564c;401f800000000000:408a52d6953032be;4039400000000000:407c1347a12cd7a3;4045000000000000:40809ce91cabf689	404288380962736c	bits	407fb54802b338a7			
rt-seed-0870	seeded	seeded-linear	0.5	LINEAR	0000000000000000:3fe2ed582d7820f4;4030c00000000000:3fef47356dd271a0	402f92555905f534	bits	3fe0000000000000			
rt-seed-0871	seeded	seeded-linear	-1	LINEAR	0000000000000000:408b92c0dd726cb1;4033e00000000000:40839da088dbfbf4;4040b00000000000:408b23c1fbe8b523;404cc00000000000:4057e38a2efba870	4011bbeb8975cbac	bits	4089cc54e8a35f32			
rt-seed-0872	seeded	seeded-linear	0	LINEAR	0000000000000000:40825200f3b3855d;4018800000000000:408652a0733b8aef;402c800000000000:40811514657d404c;403d200000000000:408ad5a3815ed4fa	4028a771ab4aacdd	bits	4082529621d29e7e			
rt-seed-0873	seeded	seeded-linear	0.00	LINEAR	0000000000000000:c038957b9b062030;4039000000000000:4051cdbd91eea3f0;4042f00000000000:403c97fe14d60040;4049a00000000000:4033560a88e25b70;4050c80000000000:c04b6cf79196b05f	404a6fd4ba59b02f	bits	40277f1efe2e73f2			
rt-seed-0874	seeded	seeded-linear	-1	LINEAR	0000000000000000:408bd830c50a3994;4011000000000000:408aa19e24173ade;4015800000000000:4070889bb5dcd378;4034a00000000000:40883b4f4c55f588	403070605e460578	bits	4083d973c9a11034			
rt-seed-0875	seeded	seeded-linear	0.1	LINEAR	0000000000000000:3fe3b82f7cb7f926;402d000000000000:3fabe404e5bcb920	402082aedf4088d2	bits	3fd3333333333333			
rt-seed-0876	seeded	seeded-linear	0.10	LINEAR	0000000000000000:407d8e8bc88a439c;4026c00000000000:406cddc2862c4595;4032600000000000:407d4e69c5c124e0	402fd37cc18cb7d7	bits	4078133333333333			
rt-seed-0877	seeded	seeded-linear	0.001	LINEAR	0000000000000000:4053b00999db1c91;4026c00000000000:404cbe8bff35dcef	0000000000000000	bits	4053b00999db1c91			
rt-seed-0878	seeded	seeded-linear	-1	LINEAR	0000000000000000:3fe2c783ca12e3d9;402d400000000000:3fa118ef6337ecc0;4040200000000000:3fe723fc0fc4828a;4041e00000000000:3fcaab465a86dc94	403c440611703460	bits	3fe226a846194fc2			
rt-seed-0879	seeded	seeded-linear	5	LINEAR	0000000000000000:3fd60dc6b2335440;4020c00000000000:3fe916ba7539efac	401fa6064ab065f4	bits	0000000000000000			
rt-seed-0880	seeded	seeded-linear	1E-400	LINEAR	0000000000000000:4069d8f4eb95ba0c;4037800000000000:404ee1618851cec7;4039200000000000:408e69e078234523;4044c00000000000:4065334bf514906c;4050680000000000:40758774872b4aea	40502eeabdd9d256	bits	407520048ec384d0			
rt-seed-0881	seeded	seeded-linear	0.2	LINEAR	0000000000000000:408532d775ecf872;402d400000000000:406e5d20dc2f5cd1;4031800000000000:40608b18f321b670;4033c00000000000:407dd756cd35b446;4046400000000000:408de131f24a0fda	402a11a3d3594a67	bits	4072266666666666			
rt-seed-0882	seeded	seeded-linear	0.2	LINEAR	0000000000000000:4057ffbf8aad8b84;4024000000000000:404085641001d837	3fed726d118a9bbc	bits	405699999999999a			
rt-seed-0883	seeded	seeded-linear	0.01	LINEAR	0000000000000000:40819a38ef9619c7;3ffc000000000000:4051811fc1cd2fa3;4032400000000000:406a1f23312427fa	4013c5d307b69e1b	bits	405839999999999a			
rt-seed-0884	seeded	seeded-linear	0	LINEAR	0000000000000000:3fa1b062eef827a0;4035a00000000000:3fe304364ea3a50e	0000000000000000	bits	3fa1b062eef827a0			
rt-seed-0885	seeded	seeded-linear	1	LINEAR	0000000000000000:3fc0c0cb086983e8;401a000000000000:3fd712da3b9a2f32;4034800000000000:3fe38b5acac55438;4039400000000000:3fe678ef2e91913b;4044a00000000000:3fc4e804816f8ccc	40116826b79ad0dd	bits	0000000000000000			
rt-seed-0886	seeded	seeded-linear	0.00	LINEAR	0000000000000000:407dfdecc7196b37;4033a00000000000:40764697c5cbe4cf	0000000000000000	bits	407dfdecc7196b37			
rt-seed-0887	seeded	seeded-linear	-1	LINEAR	0000000000000000:c049e25b206c09f6;4025c00000000000:404b8f5db09f3e08;4041600000000000:bfe382287a206700;4046000000000000:4034c6ed0ec31110	4058800000000000	bits	4034c6ed0ec31110			
rt-seed-0888	seeded	seeded-linear	0	LINEAR	0000000000000000:408f34a74788ba6d;4024000000000000:4080d531d9deffbb;4035e00000000000:4086aa535c878518;4040700000000000:407de62d9c2f60fb;404b500000000000:40540359098208c0	4030858359264d3b	bits	40840931fba295c1			
rt-seed-0889	seeded	seeded-linear	0	LINEAR	0000000000000000:40596ee8dd1cf107;4030200000000000:4057387344240ed2;4042e00000000000:403f5cec12b77c42;404e100000000000:405caaa77135a80d;404eb00000000000:404a7ac31d2e400f	4040f3b601660ead	bits	404526ee4a3aeffe			
rt-seed-0890	seeded	seeded-linear	1	LINEAR	0000000000000000:bfed605a3b537b10;400d000000000000:bfd5fe8d74d83b98;403ce00000000000:3fe0b489c6777b82;403da00000000000:3fc5158d3fc7b7c8;4046e00000000000:bfeb17e445536464	403c4e5a6ad870ed	bits	0000000000000000			
rt-seed-0891	seeded	seeded-linear	-1	LINEAR	0000000000000000:c0416e47c64006ae;4006000000000000:40464298cb4fea04;4036e00000000000:bffd1d1e99de3800	40261bf0785e0e85	bits	403965eda688f06f			
rt-seed-0892	seeded	seeded-linear	0.01	LINEAR	0000000000000000:40533fa491d30ead;402c400000000000:402758989b4c43e6;403fc00000000000:405e52bfdd8f20e0;404c800000000000:4022a8d40c7c4365;4050e00000000000:4042ff24e62fcdcd	403bb13c6145b395	bits	4058033333333333			
rt-seed-0893	seeded	seeded-linear	5	LINEAR	0000000000000000:bfd5dff3ea18a410;4014800000000000:3feec9dab6233520;4033800000000000:bfd366b4dde98494;4040a00000000000:bfeb110f1d9c8430	3fc4d9e24cc1fce7	bits	0000000000000000			
rt-seed-0894	seeded	seeded-linear	1	LINEAR	0000000000000000:3fe0c965e24e3df4;4021000000000000:3fe465581c4cce4f;4025000000000000:3fbed6f15cbfee10	400bf26d2ae1fa6f	bits	0000000000000000			
rt-seed-0895	seeded	seeded-linear	0.1	LINEAR	0000000000000000:405456473ec15dee;4023c00000000000:404dc250c44ea298;4029c00000000000:4074c956c3507d93;4039200000000000:408d5efa9419eae7	4038836aa412e77e	bits	408c6c0000000000			
rt-seed-0896	seeded	seeded-linear	0.2	LINEAR	0000000000000000:c001d068037afa00;4038600000000000:c05861a40a01c1ec	40222d65190bc8ca	bits	c042cccccccccccd			
rt-seed-0897	seeded	seeded-linear	0.123456789012345678901	LINEAR	0000000000000000:c046111a0cef347a;4037a00000000000:c03ed986fb06f5d4;403ac00000000000:c0484539022fbd0d;4040300000000000:c033074b20a1fbfc;4044500000000000:40572e8ad504abd8	403b618381f474f3	bits	c04697b42283ba1e			
rt-seed-0898	seeded	seeded-linear	1E-400	LINEAR	0000000000000000:3fec584f5459dace;4038800000000000:bfedb41d73a4d2ee	4020eebed7677211	bits	3fd0922fa6a444e6			
rt-seed-0899	seeded	seeded-linear	1E+3	LINEAR	0000000000000000:c03985ad1c91c4d0;4037800000000000:c057b6fded690379;4045f00000000000:4048acea8c7f2d78;404d400000000000:404b7d39132fc5d0	4037800000000000	bits	c057b6fded690379			
rt-seed-0900	seeded	seeded-linear	5	LINEAR	0000000000000000:3fefb853cca5c852;3ff6000000000000:3fd8365d217ae7c2	3fed76b661b4aefe	bits	4014000000000000			
rt-seed-0901	seeded	seeded-linear	-1	LINEAR	0000000000000000:3fa194e61ab02480;4037e00000000000:3fc77bc3497f4c40;403f200000000000:3fd2bd314d52771a;404bd00000000000:3fc9a89dd91ceea4;4050e80000000000:3fe50718c35d2389	0000000000000000	bits	3fa194e61ab02480			
rt-seed-0902	seeded	seeded-linear	0.25	LINEAR	0000000000000000:405168cde694538c;4035e00000000000:c01801a4eaa65150;4041d00000000000:c0550bf6677bd376	400a4436fc7b1daa	bits	404d400000000000			
rt-seed-0903	seeded	seeded-linear	0.25	LINEAR	0000000000000000:406574eee9605e48;4022000000000000:4087e49b5b3d4cd9	3fefcde7c795280f	bits	406da00000000000			
rt-seed-0904	seeded	seeded-linear	0.00	LINEAR	0000000000000000:3fe6840f95596216;400a000000000000:3fede2bfa124cebd;4039c00000000000:3fe6428f560e123f	403434cf95783712	bits	3fe8238dc6a94bd7			
rt-seed-0905	seeded	seeded-linear	1E-7	LINEAR	0000000000000000:3fe37b0c6a36a63d;4037a00000000000:3fd9b4dde379fc54;4038c00000000000:3fed344f38b9bb93;403fa00000000000:3fecafe179a23f01;4040700000000000:3fe906917c4c099d	403cd7fa093aca9f	bits	3fece574cedef5c4			
rt-seed-0906	seeded	seeded-linear	0.25	LINEAR	0000000000000000:3fa2f9d73f59c500;4030a00000000000:bfe50f3870a809aa;4041900000000000:3fe3ddab05aa5d8a;404b300000000000:bfe066de0abbc770;404c900000000000:bfe902e0bce5fda6	402a910e91777896	bits	bfd0000000000000			
rt-seed-0907	seeded	seeded-linear	1E-7	LINEAR	0000000000000000:40319442a8f42446;4032c00000000000:405745a016db93dd;4043e00000000000:40476f17cda3757b	4042d6deee3f3916	bits	4049b6a123d19660			
rt-seed-0908	seeded	seeded-linear	1E-400	LINEAR	0000000000000000:407127d1ff2bd054;4022400000000000:4074f1a9d5ea95a6;4036800000000000:406645004d040ccb	4029709169b9e033	bits	40724eba0f51f05f			
rt-seed-0909	seeded	seeded-linear	-1	LINEAR	0000000000000000:40252d3dbdaf8cc8;4033200000000000:4055a2439af51ff4	40327c4dc20db449	bits	4054ffc0490ff593			
rt-seed-0910	seeded	seeded-linear	0.01	LINEAR	0000000000000000:4050f095aaafd5b5;4033600000000000:4041753735b0cde7;4046500000000000:4059494e145146d5	4033600000000000	bits	4041753735b0cde7			
rt-seed-0911	seeded	seeded-linear	0.2	LINEAR	0000000000000000:405dc92de51f8635;4023400000000000:404bf79809925da7;4033c00000000000:404f0b51271c8c8b;4040300000000000:3fe634d9d125f89d;4044500000000000:405d01b5b7924d89	0000000000000000	bits	405dc92de51f8635			
rt-seed-0912	seeded	seeded-linear	0.10	LINEAR	0000000000000000:40346cad125796c0;402c400000000000:c0530a0f52037d5e	40252faeb88f5c73	bits	c049f33333333333			
rt-seed-0913	seeded	seeded-linear	1E-7	LINEAR	0000000000000000:3fe0cfccb14118ec;4000000000000000:3f8fcbb78df9e880;4026c00000000000:3fd5e7c73a385958;403d400000000000:3fe553055b8ce39d;4044000000000000:3fa233a7792edae0	403d400000000000	bits	3fe553055b8ce39d			
rt-seed-0914	seeded	seeded-linear	1E-7	LINEAR	0000000000000000:404449a0ce0337d0;4035e00000000000:4040d71ba85888d0	400f99979c48751b	bits	4043aa4538187542			
rt-seed-0915	seeded	seeded-linear	0.10	LINEAR	0000000000000000:3fe69562f65a1f7f;4035a00000000000:3fc26739682bb3a0;403fe00000000000:3fcf93dfca3efc7c;404b700000000000:3fb75ee04d89ae40;4053d00000000000:3fd23ffef9253b98	4036d26a1f22a9bb	bits	3fb999999999999a			
rt-seed-0916	seeded	seeded-linear	5	LINEAR	0000000000000000:3fe2739633559384;4032e00000000000:3fc70e28c4c15da4	4021e92469ddf3ee	bits	4014000000000000			
rt-seed-0917	seeded	seeded-linear	0.5	LINEAR	0000000000000000:3fefa1ea6bbff879;4024c00000000000:3fe28e589604c43d;403ea00000000000:3fe312a0f333a116	0000000000000000	bits	3fefa1ea6bbff879			
rt-seed-0918	seeded	seeded-linear	0.25	LINEAR	0000000000000000:407a66a6abc82659;4015000000000000:4062bcebc432a766;4036000000000000:408a56040f6aea1a;4040900000000000:408795aa3882ec35	403cff7a1afc1a68	bits	40889c0000000000			
rt-seed-0919	seeded	seeded-linear	0.001	LINEAR	0000000000000000:4056a8cc10a2c5a0;4031200000000000:403177d49aa0c238;4039a00000000000:4058719372dcf503;403ec00000000000:40325d5002219002	40350dccce738dd8	bits	404b4b22d0e56042			
rt-seed-0920	seeded	seeded-linear	-1	LINEAR	0000000000000000:c052cf0d79b23db9;4022000000000000:c03c5fdf61da3b6c	3fecb7ce975ac9aa	bits	c051a3ff85d49c0c			
rt-seed-0921	seeded	seeded-linear	0.25	LINEAR	0000000000000000:407d4905e91629a0;4037200000000000:407807afdd6e2833;4045000000000000:4086781ca562b908;4050b80000000000:408296dbe3268c2a	0000000000000000	bits	407d4905e91629a0			
rt-seed-0922	seeded	seeded-linear	1E+3	LINEAR	0000000000000000:3fcca92cf7a44508;401e000000000000:3febd98f7e790f74;4039e00000000000:bfe126da62fda7a6;4042500000000000:bfe738443b93c85a;4044000000000000:3fba4d2a6a9c2960	4020a870f9c52cf6	bits	0000000000000000			
rt-seed-0923	seeded	seeded-linear	0.5	LINEAR	0000000000000000:406a33df3664de58;4023c00000000000:408f236e382bb32d;4035a00000000000:408a038be052c574;403a000000000000:404e85fa72408d77	40309d0e437e45ab	bits	408c340000000000			
rt-seed-0924	seeded	seeded-linear	0.01	LINEAR	0000000000000000:40877b9efafb4aae;400d000000000000:4074bd82ab26972a;403b400000000000:4073ecad1854db16;4043700000000000:4080f12473302c5a;404cf00000000000:408f285bc81a19c6	40065c4c35be4010	bits	407abeb851eb851f			
rt-seed-0925	seeded	seeded-linear	1	LINEAR	0000000000000000:40216bd8b8f52d30;4028c00000000000:402f55fde0019b38	0000000000000000	bits	40216bd8b8f52d30			
rt-seed-0926	seeded	seeded-linear	0.01	LINEAR	0000000000000000:bfc40d57f0515cc0;401c000000000000:3f87f14ebccb1c00;4024800000000000:3fe2875deafa2216;4030c00000000000:3fdfab42f094d628	402e792fac23e8db	bits	3fe0a3d70a3d70a4			
rt-seed-0927	seeded	seeded-linear	0.5	LINEAR	0000000000000000:4071de884bee14c6;4028400000000000:408739fd402fc382;4030c00000000000:4066b39db3585623;4041700000000000:407c41d163c6ea39	4028400000000000	bits	408739fd402fc382			
rt-seed-0928	seeded	seeded-linear	0	LINEAR	0000000000000000:3feb4e10c35a4563;4021000000000000:3fde348492551fca;4034400000000000:3fd28580dd2892b6;4046a00000000000:3fdb25ca351e0b68	0000000000000000	bits	3feb4e10c35a4563			
rt-seed-0929	seeded	seeded-linear	0	LINEAR	0000000000000000:bfe8bbc049ad9ad0;4036200000000000:bfe3c6999074403c;4041d00000000000:3fef723dbb42f1fe;4042e00000000000:3fefbdc2524973e2	40427c7a953bc668	bits	3fefa220c9140709			
rt-seed-0930	seeded	seeded-linear	0.00	LINEAR	0000000000000000:4050d4076c6217f7;402d000000000000:4049ac3b97e5a0e2;4035200000000000:400d5d7846ce1f39;4039e00000000000:404c93a4998d8eba;4040000000000000:403e74dee0db2d04	4016e172b9b29034	bits	404e81c7f275c5cb			
rt-seed-0931	seeded	seeded-linear	-1	LINEAR	0000000000000000:3fe4b7f8d8bf131e;4031a00000000000:3fe78add49627e82	402a8fe327b60750	bits	3fe6d8b21bd0f8db			
rt-seed-0932	seeded	seeded-linear	0.2	LINEAR	0000000000000000:3fe7f7cac9605198;402bc00000000000:3fec39a22cadabd9	4012e705c8ded908	bits	3fe3333333333333			
rt-seed-0933	seeded	seeded-linear	1E+3	LINEAR	0000000000000000:bfddc08d04ec4174;4022800000000000:bfef5c9cee706fa2;4026400000000000:3faa650bda19b6a0	40221fe6bad46af9	bits	0000000000000000			
rt-seed-0934	seeded	seeded-linear	-1	LINEAR	0000000000000000:bfbd90189a75ec00;402b800000000000:3fa96cbc3c392d60;4034e00000000000:bfd8b080a26571b8;4047100000000000:bfd66bb03132d59c;404cb00000000000:bfdf9ba39cf2c7b4	402674bc647fe6f3	bits	3f93d552d2acc4b8			
rt-seed-0935	seeded	seeded-linear	0	LINEAR	0000000000000000:3fd73f6a3fab3200;3ffe000000000000:3fdd1ec610713256;4025800000000000:3fd83833bbbfe916	4024cda1490d34cc	bits	3fd86972f08c8b5c			
rt-seed-0936	seeded	seeded-linear	0	LINEAR	0000000000000000:404a3f1ccd25efe0;4022c00000000000:c052f83c33ae58f6	404cb00000000000	bits	c052f83c33ae58f6			
rt-seed-0937	seeded	seeded-linear	1E-7	LINEAR	0000000000000000:4055327cef8a6f12;4023400000000000:4057c882e851f504;4033600000000000:c02a7db0be6f4c78;4034e00000000000:404b69403115a978	401fa2c4d26da994	bits	4057527a984c9280			
rt-seed-0938	seeded	seeded-linear	0.2	LINEAR	0000000000000000:40608cdb7063588f;4026c00000000000:4083da0bcdcd9c93;4036000000000000:407ff8ecf97083f6	0000000000000000	bits	40608cdb7063588f			
rt-seed-0939	seeded	seeded-linear	1	LINEAR	0000000000000000:bfe1628dbb9c0a1a;4033400000000000:bfe2bcb2de18166e;403e600000000000:bfc6ee7db2076c10;4049200000000000:3fee31f791cadf38;4051e80000000000:3fcc8f495b2f9e18	40512ce0537c43f0	bits	3ff0000000000000			
rt-seed-0940	seeded	seeded-linear	0	LINEAR	0000000000000000:4072e3eabc5a3d63;4013800000000000:408ef9c2a70dc70e;403ac00000000000:405e423ecbfe629c;403ea00000000000:4081c5ed0d2e39db	401a37d2a6a55274	bits	408ce345f1f8dc36			
rt-seed-0941	seeded	seeded-linear	5	LINEAR	0000000000000000:3fea517e0bd917a8;4025c00000000000:bfef93beb5ca0dfa;4039400000000000:bfe259a1ae8fb1ee;403d400000000000:3fb0ded75a1620e0;4047300000000000:bfebd86a27c6b044	4035a0cb3d3b4333	bits	0000000000000000			
rt-seed-0942	seeded	seeded-linear	0.01	LINEAR	0000000000000000:40606a273d525b5c;402bc00000000000:408c4ea313693f93;402e800000000000:4050889ae4206bba	4016ef4cf17d2bcb	bits	407c35eb851eb852			
rt-seed-0943	seeded	seeded-linear	1E+3	LINEAR	0000000000000000:3fbe03b5acee8d60;400b000000000000:3fb21052dbf71080;4016000000000000:3fe02eccc2bd71da	400ce32ebbb20d4e	bits	0000000000000000			
rt-seed-0944	seeded	seeded-linear	1E+3	LINEAR	0000000000000000:40881ad28b380397;4031a00000000000:40408c38cf2acb9e;4041700000000000:405e896c06ff8aae;404b600000000000:408dbe0938d6898d;4051f00000000000:408daa7106a5f45c	404a1cf326d7444f	bits	0000000000000000			
rt-seed-0945	seeded	seeded-linear	5	LINEAR	0000000000000000:3fabf67d25f0c100;4035200000000000:3fee6b939d9d0f0e;4046a00000000000:3fd676b676038e36	4035a47cecdce701	bits	4014000000000000			
rt-seed-0946	seeded	seeded-linear	0.1	LINEAR	0000000000000000:c01fdbf73f629e90;402b800000000000:40409e1d73b39a88;402f800000000000:40551c95550e008c;4043600000000000:c0565f39a636aed5	0000000000000000	bits	c01fdbf73f629e90			
rt-seed-0947	seeded	seeded-linear	0	LINEAR	0000000000000000:406dbd72032f641e;4036400000000000:40824ccbbcf2b7cd;4047c00000000000:408461c1ac6b2977;404e000000000000:408971fa5691a0e3	40463bb01b94bd89	bits	408421b9314c9ad2			
rt-seed-0948	seeded	seeded-linear	5	LINEAR	0000000000000000:40130c5f1f846906;4036000000000000:403b7c28ca88d19f;4046200000000000:4031d2209aff4b81;404bd00000000000:40559efabce3e8da;404c600000000000:40489dec155448ac	403fe29c6d14e015	bits	4039000000000000			
rt-seed-0949	seeded	seeded-linear	1E+3	LINEAR	0000000000000000:bfeb250d754d83a6;4031400000000000:bfea1eb7787fedf0;403e800000000000:bfe341e095bcfcce	4025b26c7038fdd4	bits	c08f400000000000			
rt-seed-0950	seeded	seeded-linear	0.10	LINEAR	0000000000000000:404773aaf52446f0;402bc00000000000:c03fb5ff40ce0114;4042b00000000000:c052266f33d57a82	4033ac8d3823a5e3	bits	c044d9999999999a			
rt-seed-0951	seeded	seeded-linear	0.00	LINEAR	0000000000000000:3fe08c0fa94e323e;4021400000000000:3f9d0a905b5ee340	40197726ff584eb2	bits	3fc4032b8e1a9358			
rt-seed-0952	seeded	seeded-linear	0.10	LINEAR	0000000000000000:3faf8da25f7465f0;4038e00000000000:3fee1d97bda3bf2d;4043500000000000:3fe2e14ff02675c6	4032132e32442775	bits	3fe6666666666666			
rt-seed-0953	seeded	seeded-linear	-1	LINEAR	0000000000000000:4067835d79920ed1;4038a00000000000:4074ad8a5c0f0ef5;4041700000000000:408aef98c66daef1;404c500000000000:4086720c862ae147	0000000000000000	bits	4067835d79920ed1			
rt-seed-0954	seeded	seeded-linear	1E+3	LINEAR	0000000000000000:405d569dbe357cd9;4033a00000000000:4079fbfefbba54da;4045a00000000000:408697dedfa25457;404d800000000000:4070878d2309bf6f;4052380000000000:40505ce8ff24130c	40469b3525b616d6	bits	408f400000000000			
rt-seed-0955	seeded	seeded-linear	0.01	LINEAR	0000000000000000:3fe8b8340332e48e;4036e00000000000:bfd9514d15304218;403f600000000000:bfe49c38b201e0ca	0000000000000000	bits	3fe8b8340332e48e			
rt-seed-0956	seeded	seeded-linear	0.25	LINEAR	0000000000000000:bf90e775ecb4fbc0;4013800000000000:bfe432e51c3cc2ac;4037e00000000000:3fce6be58ab04610	40315763d6bbfcd0	bits	0000000000000000			
rt-seed-0957	seeded	seeded-linear	0.1	LINEAR	0000000000000000:3fe3089bc2e74356;4015800000000000:3fd6bd3503c80830;4026000000000000:3fce9e8d0a14b168;403e600000000000:bfdb2a9f3414a434;404b600000000000:3f79c20122764900	4009be2b3e0532fa	bits	3fe0000000000000			
rt-seed-0958	seeded	seeded-linear	0.10	LINEAR	0000000000000000:bfe16a5095673a80;4032800000000000:3fc8aeb1b759e070	4015563f6630d000	bits	bfd3333333333333			
rt-seed-0959	seeded	seeded-linear	0.01	LINEAR	0000000000000000:3fc52eb0c5e81acc;4002000000000000:3fe73f4f82ba2349;401e800000000000:3fd0c0641651661e;4040400000000000:3fe620352c40ea8d;404cc00000000000:3feea38e321c2981	0000000000000000	bits	3fc52eb0c5e81acc			
rt-seed-0960	seeded	seeded-linear	5	LINEAR	0000000000000000:407917796de5cb1e;3ff0000000000000:40853d7c56a6772c	3fe5a2b9654cba34	bits	4082480000000000			
rt-seed-0961	seeded	seeded-linear	1	LINEAR	0000000000000000:c04259bdef4a97e0;4038e00000000000:c053f98b46f055e8	3ffcb73429e9cdd1	bits	c043800000000000			
rt-seed-0962	seeded	seeded-linear	0.10	LINEAR	0000000000000000:c05254b506c0aa23;4025c00000000000:405755a3d27d6a4a;4042100000000000:c0533500c2db6dd5	4033d04aa710b310	bits	40408ccccccccccd			
rt-seed-0963	seeded	seeded-linear	0.10	LINEAR	0000000000000000:3f9276301481fd60;4036000000000000:3fe399556f4fbabe;403ba00000000000:3fa5e3584c971730;4048700000000000:3fd89ab2a70cd0e2;4049e00000000000:3fe13824edd19f6a	4005fa4cbd50b2f7	bits	0000000000000000			
rt-seed-0964	seeded	seeded-linear	0.10	LINEAR	0000000000000000:3fe1a729b5b48e22;4003000000000000:3fd81ac2bec6d6a6;4034a00000000000:3fd417135240b198;403f600000000000:3fe685523ca2a9d2;4042b00000000000:3fdbb44d1ff4e642	0000000000000000	bits	3fe1a729b5b48e22			
rt-seed-0965	seeded	seeded-linear	-1	LINEAR	0000000000000000:40499d729a06056c;4029400000000000:405756163e798f30;4030800000000000:c0466169f6c5b2b3	402b84134bab1ca9	bits	404a7ba8b588411a			
rt-seed-0966	seeded	seeded-linear	-1	LINEAR	0000000000000000:bf9dce45b43383c0;4012800000000000:bfac1dd11afe6ee0;4035000000000000:bfbbe0517be603b0;403b400000000000:bfd0c2e1dcdb8fec;4041300000000000:3fe40c5281e789cc	402fe06ec991fa28	bits	bfb79adfc988c411			
rt-seed-0967	seeded	seeded-linear	0.5	LINEAR	0000000000000000:3fea06fadb159610;4037600000000000:3fe3b046aed81b04;403f600000000000:3feffcd31b68b62e	40294f8dd3377972	bits	3ff0000000000000			
rt-seed-0968	seeded	seeded-linear	0.2	LINEAR	0000000000000000:40561f2a2e0900eb;4033e00000000000:405047ea61f3a120;4043c00000000000:40406a3a817a7102	4043c00000000000	bits	40406a3a817a7102			
rt-seed-0969	seeded	seeded-linear	-1	LINEAR	0000000000000000:c052b0ed0fd36b32;402b400000000000:404f15ea25dae8b4;4031200000000000:4041fb641dbef1a8;4032e00000000000:40522a4291ff7e04;4038e00000000000:c02db528090aa780	404cf00000000000	bits	c02db528090aa780			
rt-seed-0970	seeded	seeded-linear	0.123456789012345678901	LINEAR	0000000000000000:4047cb29dc78f9e3;4018800000000000:404a967777c29ae0;403ce00000000000:403e7a3221be785d	4032edce67af210a	bits	40443f35b76975d5			
rt-seed-0971	seeded	seeded-linear	0.123456789012345678901	LINEAR	0000000000000000:404a2f83f68bf570;4037c00000000000:405f013d0438a696	402573388a1b16e9	bits	40552c3f32880a0d			
rt-seed-0972	seeded	seeded-linear	1E-7	LINEAR	0000000000000000:408dd8b9fe38f56e;3fe4000000000000:4086b07bcef83b01;4022000000000000:40689a3780bf1d2f	4022000000000000	bits	40689a3780bf1d2f			
rt-seed-0973	seeded	seeded-linear	1	LINEAR	0000000000000000:40764d966bf6b119;4021400000000000:407e4fb11b5c04c4;4034e00000000000:408e429627ddbe0f;403aa00000000000:405bb2f355c85471	3ff6922e5b5d323b	bits	4077900000000000			
rt-seed-0974	seeded	seeded-linear	0.2	LINEAR	0000000000000000:3fc9017b3997e7b0;4036400000000000:3fd5aa85e55dcf1a	4003017227cdf6b3	bits	3fc999999999999a			
rt-seed-0975	seeded	seeded-linear	1E-400	LINEAR	0000000000000000:4058cd6b34211b50;3ffe000000000000:403f2fc26deeeb63;4038000000000000:405f0a320d48b852;4048200000000000:40514cd5f4e1dba9;4051b80000000000:4053faeb18301d74	0000000000000000	bits	4058cd6b34211b50			
rt-seed-0976	seeded	seeded-linear	0.01	LINEAR	0000000000000000:4085e26967a8e060;402e800000000000:408d97de7ea459ab;4041a00000000000:407aa922df14568d;404c400000000000:40643ed92c1138e8	40496c42930869a6	bits	406d0c28f5c28f5c			
rt-seed-0977	seeded	seeded-linear	0	LINEAR	0000000000000000:4038f3f2601f0d27;402d400000000000:40498538122c0d99	0000000000000000	bits	4038f3f2601f0d27			
rt-seed-0978	seeded	seeded-linear	1E+3	LINEAR	0000000000000000:404c95c9e6c920c0;4015000000000000:404340e5d3405934	401318e07b4a59f6	bits	408f400000000000			
rt-seed-0979	seeded	seeded-linear	0.2	LINEAR	0000000000000000:3f9555e760acf840;402ac00000000000:3fd35b67e5545e38;4038800000000000:3fe08925889cf566;4041900000000000:3fe3c204a62aa7f5	4037c1ed8c7794ca	bits	3fd999999999999a			
rt-seed-0980	seeded	seeded-linear	0	LINEAR	0000000000000000:403b55b82f08caa2;4038800000000000:404aa2ea71b11587;403ee00000000000:40575c921630cafd;4041e00000000000:4055c5b8df1a1f95;404cb00000000000:4057de1cdc32d2d8	404299676ec57f0f	bits	4055e9a676fc03e0			
rt-seed-0981	seeded	seeded-linear	0.123456789012345678901	LINEAR	0000000000000000:4074811212e0e580;4022000000000000:407a6f93f56f3037;4031c00000000000:405f781f155f335a	40182164321b2a16	bits	407879add00eb44b			
rt-seed-0982	seeded	seeded-linear	0.123456789012345678901	LINEAR	0000000000000000:405fb91df8a853e5;4032600000000000:404f5ac0db1390d1	40320d6ffa8e5312	bits	404ff9adceeccb42			
rt-seed-0983	seeded	seeded-linear	0	LINEAR	0000000000000000:40890b6509964b1c;4030800000000000:408417bdb120022e;403c600000000000:4089b132a1676515;4042900000000000:4082c9c485ec28a1	4053c80000000000	bits	4082c9c485ec28a1			
rt-seed-0984	seeded	seeded-linear	0.001	LINEAR	0000000000000000:c043818fce49cdd4;4023800000000000:c05439f09d00c504;4027000000000000:c02fd28484a0e500;4034e00000000000:c0545e9d6c25f6d3;403ce00000000000:c0479a5a30b3b152	4041f00000000000	bits	c0479a5a30b3b152			
rt-seed-0985	seeded	seeded-linear	1E+3	LINEAR	0000000000000000:c055cf670388d6a7;4017000000000000:c046ad989613d34b	4036c00000000000	bits	c046ad989613d34b			
rt-seed-0986	seeded	seeded-linear	1E+3	LINEAR	0000000000000000:407b17ba93fed78b;4011800000000000:40723c7d9a1adc4b;402bc00000000000:408438ea3467ae81	0000000000000000	bits	407b17ba93fed78b			
rt-seed-0987	seeded	seeded-linear	0.25	LINEAR	0000000000000000:3fe27fccf895fc23;400b000000000000:3fd4c090646b4ee6;401f800000000000:3fea9a547c3f28a8;4037400000000000:3fdd3e408e95c4f8;403ac00000000000:3fe105d4981b97e2	401c9caa137adfad	bits	3fe0000000000000			
rt-seed-0988	seeded	seeded-linear	0.1	LINEAR	0000000000000000:408ce405fff9c1a6;4033400000000000:4080ee7b76d204a6;4041500000000000:40720d29f7a78164	4031c41e70e3893c	bits	4081db3333333333			
rt-seed-0989	seeded	seeded-linear	0.5	LINEAR	0000000000000000:408e10701454c34d;402f400000000000:4080d348293898d6	0000000000000000	bits	408e10701454c34d			
rt-seed-0990	seeded	seeded-linear	1E-400	LINEAR	0000000000000000:405664653c315fe7;3fe8000000000000:407f55d9cdf0c388;3ff8000000000000:4088bb46da683ea2;4039c00000000000:4086f2b4eb74703d;4045900000000000:408ec8b1d44a73d7	0000000000000000	bits	405664653c315fe7			
rt-seed-0991	seeded	seeded-linear	0.01	LINEAR	0000000000000000:3fc1b1b097692970;402ec00000000000:bfe1658d7859e796;4030a00000000000:bfdd0a2516ad1948	402aafc21d2921f0	bits	bfdccccccccccccd			
rt-seed-0992	seeded	seeded-linear	0.00	LINEAR	0000000000000000:405748a23e6820b6;4003000000000000:404a82f2bb05df95;4027800000000000:40275fbdd8261ad8	401fdd7a6feee103	bits	403c5ebbeedc1461			
rt-seed-0993	seeded	seeded-linear	0.123456789012345678901	LINEAR	0000000000000000:4057da03010702b6;4007000000000000:401ca6d3ab4c6e5a;4029000000000000:40518991f42b212d;4040300000000000:402a5ddb340f8a1a;4041a00000000000:403940adf702e514	403638064fa1f893	bits	40452c3f32880a0d			
rt-seed-0994	seeded	seeded-linear	0.00	LINEAR	0000000000000000:3fda5b4dfd7bed40;402c000000000000:3fb3b4b879cebbe0;4040800000000000:bfecf60b84943410;4047500000000000:bfe491ddc7b2ad38;4050b00000000000:3fd290c6c3929170	404ae22f7ba11c09	bits	bfd3f37abcf73c18			
rt-seed-0995	seeded	seeded-linear	1	LINEAR	0000000000000000:404ed1e3946d3f20;4035e00000000000:c0239c39320f1cc8;403b600000000000:bff28796ccde7980;4049800000000000:402e75e5982ad0e0	403b964c31f885fb	bits	c000000000000000			
rt-seed-0996	seeded	seeded-linear	1E-400	LINEAR	0000000000000000:40384a4f127d0006;4018000000000000:40235822a6ef23d6;403b200000000000:404113ce7244e77d;4043100000000000:405bc879a0b83540;404ec00000000000:405c8f19d8fc655b	0000000000000000	bits	40384a4f127d0006			
rt-seed-0997	seeded	seeded-linear	0.5	LINEAR	0000000000000000:402b368348f63390;4014000000000000:4042031433315890;4033e00000000000:c013883a2cf5e760	402dc9f8e29f7c1e	bits	4022000000000000			
rt-seed-0998	seeded	seeded-linear	1	LINEAR	0000000000000000:40501e535885a541;4012000000000000:408bc538f23a3b87;4038800000000000:4081808ffadfa59f	40072d28a4fdb877	bits	4082980000000000			
rt-seed-0999	seeded	seeded-linear	0.123456789012345678901	LINEAR	0000000000000000:40494e410e2b4440;4015000000000000:c01a19e6ea5e1d70;4019800000000000:c0317b5514cc8634	400a15c7d8c9e326	bits	402e5ed0931e30bf			
rt-seed-1000	seeded	seeded-linear	0.01	LINEAR	0000000000000000:403b7275b31fecc5;4035600000000000:405beb5716b4105c;4043200000000000:3fe50830b16e094c	404040acfe2ff68f	bits	40433ae147ae147b			
rt-seed-1001	seeded	seeded-linear	-1	LINEAR	0000000000000000:bfefc66a34e9acec;4034000000000000:3fe070eba39a8392;4046a00000000000:bfc204d9e9156690;4051500000000000:bfd07dab988ee99c;4054d00000000000:bfd9787d6c1efbc8	3ff8964622b84756	bits	bfec1205a97f71df			
rt-seed-1002	seeded	seeded-linear	5	LINEAR	0000000000000000:c049f6df653895d9;4038800000000000:4047caede2179a04;403fe00000000000:401fdc66ea34db80;404b900000000000:c04f740158a810cb	40415a38c32dee5d	bits	0000000000000000			
rt-seed-1003	seeded	seeded-linear	0.001	LINEAR	0000000000000000:3fbac8259c92a3f0;4001000000000000:bfbfacb00c71e0d0	4001000000000000	bits	bfbfacb00c71e0d0			
rt-seed-1004	seeded	seeded-linear	0.10	LINEAR	0000000000000000:3fd538f4ddd20868;4038000000000000:bfe55a7485aa1578;4042100000000000:bfe52eeeea7b174a;4044e00000000000:bfc942c8eed6aca8	0000000000000000	bits	3fd538f4ddd20868			
rt-seed-1005	seeded	seeded-linear	0.2	LINEAR	0000000000000000:3fe1bf06fd137e90;4031600000000000:3faa9078e101b2e0;403a400000000000:3fa35c711c5a75c0	402e76ad976fc373	bits	3fc999999999999a			
rt-seed-1006	seeded	seeded-linear	1E-7	LINEAR	0000000000000000:407f0614b9f0b855;4037a00000000000:407b49ee0a4a4f40;4044700000000000:407502d045dde3a1;404a200000000000:40879f9cb4052779;4050c00000000000:407a1d08840168ad	4043db7d4299e1b0	bits	40756ee89dfe8328			
rt-seed-1007	seeded	seeded-linear	0.5	LINEAR	0000000000000000:3fe7645e8b8ae8bc;4034600000000000:bfe635c579916206	402505f3c6d8825f	bits	0000000000000000			
rt-seed-1008	seeded	seeded-linear	0.001	LINEAR	0000000000000000:3fd3b40061836e26;4003000000000000:3fb4c161d38b7be8;403b200000000000:3fdadbea81069dc0;4040200000000000:3fe531225df8b97c;4047700000000000:3fe98cd88f56d406	403b200000000000	bits	3fdadbea81069dc0			
rt-seed-1009	seeded	seeded-linear	-1	LINEAR	0000000000000000:bfcb26b44bcc6010;4034000000000000:bfefb943bfd67810;4046900000000000:3fbb67bc6034b830;4051080000000000:bfd11faec5257684	4056480000000000	bits	bfd11faec5257684			
rt-seed-1010	seeded	seeded-linear	0.25	LINEAR	0000000000000000:3fe85c948df19740;401e800000000000:bfe6a7847e577984;4027c00000000000:bfe91d91255cf534;4042200000000000:bfebb9397f29a6d2	4020db2594ae4f38	bits	bfd0000000000000			
rt-seed-1011	seeded	seeded-linear	0.00	LINEAR	0000000000000000:3fd6b9be8cd64f7a;402d000000000000:3fe43ec51334490e;4031a00000000000:3fc936b5001d450c;4042c00000000000:3fb50151b2a50cb0;4045000000000000:3fe564719515b22a	3ff3f3434a0a1594	bits	3fd840d201d8bfff			
rt-seed-1012	seeded	seeded-linear	1	LINEAR	0000000000000000:40355b2f145810fa;402d400000000000:4058842b985baf63;4041b00000000000:402377e3aad868af;4042f00000000000:40559479fa24bf6c	403f87a6f1c56003	bits	403b000000000000			
rt-seed-1013	seeded	seeded-linear	5	LINEAR	0000000000000000:403cb63ce06e3958;4020400000000000:c0540733345e5746;403bc00000000000:401199895ad09e40;403ea00000000000:c02d768bf7a41138	3ffabda89073b7cf	bits	4024000000000000			
rt-seed-1014	seeded	seeded-linear	0.00	LINEAR	0000000000000000:3fe5490762da9413;4037000000000000:3fe965e448794db7;4042a00000000000:3fd04c86e5ca4bd6;4048100000000000:3fead62967a631c9	403b9bc2ea26be5b	bits	3fe3d1e13730d9a5			
rt-seed-1015	seeded	seeded-linear	0.10	LINEAR	0000000000000000:bfdaf48c6aa8d79c;402fc00000000000:bfd25a3ac10bb214;4031600000000000:3fda750783bfd2e4	4042b00000000000	bits	3fda750783bfd2e4			
rt-seed-1016	seeded	seeded-linear	0.01	LINEAR	0000000000000000:4010051bf14bba26;4032400000000000:40361f356febcb56;403fe00000000000:4058adb1548e29ee;404a400000000000:4004506c8c6fa2c4	40440242074fee22	bits	404e600000000000			
rt-seed-1017	seeded	seeded-linear	-1	LINEAR	0000000000000000:3fe63388870ce870;4024c00000000000:3fd3f56def4de41c;4036c00000000000:3fe0a824f0dd3472;4045100000000000:3fe014fe0bad97ea	403f9e9c5f23feb8	bits	3fe064c7ca88f976			
rt-seed-1018	seeded	seeded-linear	1E-7	LINEAR	0000000000000000:4043dafc0ac9c9c2;402c400000000000:4042fd3197bef517	0000000000000000	bits	4043dafc0ac9c9c2			
rt-seed-1019	seeded	seeded-linear	0.2	LINEAR	0000000000000000:402a7e725488b8e6;3ffc000000000000:405f81257a381621;4017800000000000:402cfe22f9c825b4;4019800000000000:4056c1a155d9abd1;4022400000000000:405909a705a9e538	4021650af5a4ff7f	bits	4058a66666666666			
rt-seed-1020	seeded	seeded-linear	1E-7	LINEAR	0000000000000000:4020ef58e1007eab;4030e00000000000:4055a6c2fadbee1f;4036200000000000:405ae84e8426ead5;4044200000000000:404277e34e220e83	0000000000000000	bits	4020ef58e1007eab			
rt-seed-1021	seeded	seeded-linear	0.01	LINEAR	0000000000000000:4055a9ebe2c54508;4006000000000000:c045fc317a67309e;4012800000000000:c04f6248f090b64c;4039a00000000000:c03e599d250e0f3c	40053d0086b4e84c	bits	c043b851eb851eb8			
rt-seed-1022	seeded	seeded-linear	1E-7	LINEAR	0000000000000000:40754cc5573afc4f;4033c00000000000:40814dab4bc9859c;4040300000000000:40836dbe80a3949c;4042000000000000:4087c26c79fc5f73	4032165416d8fb41	bits	4080be4471136893			
rt-seed-1023	seeded	seeded-linear	0.5	LINEAR	0000000000000000:408d537fbd60ae80;401c800000000000:408dc9671d0e0401	401af7406fd45434	bits	408dc00000000000			
rt-seed-1024	seeded	seeded-linear	0.00	LINEAR	0000000000000000:3fe9f152ddb92d50;4019800000000000:3fe8d85caef72b19;4036200000000000:3feb1d2003637d08	4023eb41ff5d92c5	bits	3fe95c892fb29685			
rt-seed-1025	seeded	seeded-linear	0.5	LINEAR	0000000000000000:40716a9edc134c3c;3ff2000000000000:4085de70bca534a7;4013000000000000:408200ba8f94e2d4;4034a00000000000:4059a0688a75dc80	3fdefe9583a1446b	bits	407cb80000000000			
rt-seed-1026	seeded	seeded-linear	0.001	LINEAR	0000000000000000:3fe0f8f7b246142e;401f000000000000:3fd648ba48922c62;4031400000000000:3fe0718c8e122e85	4020421c47a6ea26	bits	3fd6a7ef9db22d0e			
rt-seed-1027	seeded	seeded-linear	0.5	LINEAR	0000000000000000:4047bd1dad572bf1;4033e00000000000:4055889ef3b1b09c;4040200000000000:40475aa054f2e7d9	404f200000000000	bits	40475aa054f2e7d9			
rt-seed-1028	seeded	seeded-linear	1	LINEAR	0000000000000000:3f75bc9a5bd39600;3fe4000000000000:3fec53f54bb53f2a;402f400000000000:3fe6c811b106e32b	3fc52822d41231c6	bits	0000000000000000			
rt-seed-1029	seeded	seeded-linear	1E+3	LINEAR	0000000000000000:3fecb626d645fb7a;4014000000000000:3fe4c96b3c416158;4039000000000000:3fef39efe9404d20	4050400000000000	bits	3fef39efe9404d20			
rt-seed-1030	seeded	seeded-linear	0.00	LINEAR	0000000000000000:3fe01de07c56fa43;401d000000000000:3fecd043b6ee9ce7;4023400000000000:3fd8098270c3d0c4	401de19b0a2ed296	bits	3feb416b2096d901			
rt-seed-1031	seeded	seeded-linear	0.00	LINEAR	0000000000000000:404ce2364a21bdd0;4036200000000000:c0482ecaf96b8d59;4036a00000000000:4006a89b4f948940	4021f685d2b2425c	bits	402d5de54095edac			
rt-seed-1032	seeded	seeded-linear	1E+3	LINEAR	0000000000000000:3fe0bf62d8ba1044;402c800000000000:3fd66335629bc870	402834144891aacf	bits	0000000000000000			
rt-seed-1033	seeded	seeded-linear	1	LINEAR	0000000000000000:404f2a5cee28f000;402cc00000000000:40573697ffc77632	4023d2b8ad2be8ac	bits	4054c00000000000			
rt-seed-1034	seeded	seeded-linear	0.1	LINEAR	0000000000000000:3fb82514926c8110;3ff0000000000000:3fe25ed8318c6a92	3fe6783c0eb4e59b	bits	3fd999999999999a			
rt-seed-1035	seeded	seeded-linear	0.1	LINEAR	0000000000000000:3faac0f863945330;401e800000000000:3fe95292168c3ca7;4033e00000000000:3fd46c01c50b5fcc	402ca39858675932	bits	3fe3333333333333			
rt-seed-1036	seeded	seeded-linear	0.123456789012345678901	LINEAR	0000000000000000:4044d6c86c07a8d4;4039400000000000:c04aa2f05e6ce15e;4049000000000000:3ff40cf379ff0e40	401cc5cb6c72d3c7	bits	402d61f9a963f90c			
rt-seed-1037	seeded	seeded-linear	0.2	LINEAR	0000000000000000:3faa5455e5c57120;4020400000000000:bfe43a9b6685c634;403ae00000000000:bfef7cd639f039b8	4022fc0912c1386c	bits	bfd999999999999a			
rt-seed-1038	seeded	seeded-linear	0.123456789012345678901	LINEAR	0000000000000000:403b7ce22df802d8;4011800000000000:c0361a78531f39c8	3ffbcf2fbfc2f7a8	bits	401f9add3746f65f			
rt-seed-1039	seeded	seeded-linear	0.01	LINEAR	0000000000000000:3fe8bce2da947f26;4035000000000000:3fe577f909c5795a;4046100000000000:3fc5e36b02ec42d0;404a800000000000:3fd7818a768dcf5c;4050600000000000:3fd7185f0d65d85a	4046b7e2bc57031f	bits	3fc999999999999a			
rt-seed-1040	seeded	seeded-linear	1E+3	LINEAR	0000000000000000:405c1ebf2f72279d;4037200000000000:4040ed02af8c9387;403f200000000000:4057ec35d7d3ef50;4048a00000000000:4042f69a1d5a4171;404d900000000000:405bae24c2942c58	3ff8cc7518e635ad	bits	408f400000000000			
rt-seed-1041	seeded	seeded-linear	-1	LINEAR	0000000000000000:3fefb330d3887bed;401c000000000000:3fc30c064af0b8bc;402f400000000000:3fbede2236c7c078	3ff20cc1353d6568	bits	3feb5bcebdeeda9a			
rt-seed-1042	seeded	seeded-linear	0.2	LINEAR	0000000000000000:4050f49625975359;402fc00000000000:403b9ce89aa21452;4035e00000000000:4056d4acac3b67b7	40342ba1e9575714	bits	40524ccccccccccd			
rt-seed-1043	seeded	seeded-linear	0.10	LINEAR	0000000000000000:405572934d8ee258;4000000000000000:405a7f2bcf992dff;402a400000000000:405c112b1496e689;403e600000000000:404d7648fd043773	4021d54fe20d4bb2	bits	405b733333333333			
rt-seed-1044	seeded	seeded-linear	0.5	LINEAR	0000000000000000:4055296c5348c61b;4007000000000000:405367b36c54c9c9;4034c00000000000:40339e6a93b5691e;4040b00000000000:40427a3ec22269de	4040b00000000000	bits	40427a3ec22269de			
rt-seed-1045	seeded	seeded-linear	0.2	LINEAR	0000000000000000:3fc26e6ca9807ff8;4029400000000000:bfdab0230aea5fc8;402c400000000000:3fd2b76e425964bc;402f400000000000:bfe2828da4865136;4041600000000000:3fe1abde888790ac	0000000000000000	bits	3fc26e6ca9807ff8			
rt-seed-1046	seeded	seeded-linear	0.001	LINEAR	0000000000000000:405c8e01b89d0f3e;4028800000000000:405760d32c6eba8f;4034600000000000:405871a8775d1be6	0000000000000000	bits	405c8e01b89d0f3e			
rt-seed-1047	seeded	seeded-linear	1	LINEAR	0000000000000000:3fec3b3a51615962;4035000000000000:3fd16714031f68f6	402b97d80dfa6060	bits	3ff0000000000000			
rt-seed-1048	seeded	seeded-linear	0.25	LINEAR	0000000000000000:3fae541692b27ba0;401a000000000000:3fd7d56ea727bf18;402c000000000000:3fd10c2dc79bc7c4;403ca00000000000:3fd5bb9596f88fec;4042d00000000000:3fd8c31b2f3da74a	4041c8c5e3fae469	bits	3fd0000000000000			
rt-seed-1049	seeded	seeded-linear	0.01	LINEAR	0000000000000000:404afaa169d02320;4036800000000000:c05297f6c903ab30;4039c00000000000:c020335f2a9a0628;4044600000000000:c04231058ac121fd	403781cffaf96aa9	bits	c04aeb851eb851ec			
rt-seed-1050	seeded	seeded-linear	5	LINEAR	0000000000000000:40556340cc72b686;402c400000000000:407efdd843a101f3;4038c00000000000:4085a4c2d16ea6c7;403c600000000000:4082d3a9b642e956;4042800000000000:408e4cfd80a04bc4	4037ca0faef6d292	bits	4084f00000000000			
rt-seed-1051	seeded	seeded-linear	0.10	LINEAR	0000000000000000:3fdd513d7e3a5be0;4031200000000000:3fdb56d8f5f510a4;4038400000000000:3fd83e88e8ea4f84	40278af9ffb29538	bits	3fe0000000000000			
rt-seed-1052	seeded	seeded-linear	0.00	LINEAR	0000000000000000:405b0686794ea168;401c000000000000:404de251364553ed	0000000000000000	bits	405b0686794ea168			
rt-seed-1053	seeded	seeded-linear	0.00	LINEAR	0000000000000000:3fcb36018964e558;4034800000000000:3fe9d6353e070383;403c800000000000:3fe0bb8d3e2d6f16;4045000000000000:3fe6ce82c3164b25;404c500000000000:3fe81b2f689eb459	4045c0e27caee3d6	bits	3fe6f0c9d8c65708			
rt-seed-1054	seeded	seeded-linear	0.001	LINEAR	0000000000000000:bfeaa82773f75ef0;3ffe000000000000:bfedd9c13d98f26e;4034200000000000:bfeb5d179fabad66;4045f00000000000:3feb82056f9a28fe;4050200000000000:bfea05d1e6269f9c	40487a8de190e77c	bits	3fdcac083126e979			
rt-seed-1055	seeded	seeded-linear	1E-7	LINEAR	0000000000000000:4074e34a26145279;4030000000000000:4062f13c64f02ad5;4041200000000000:40492784990adfbe;404ab00000000000:408b67b026730ffa;4050800000000000:40670e002d2cd442	403c59c926effa36	bits	4054c1fd48959b07			
rt-seed-1056	seeded	seeded-linear	0.001	LINEAR	0000000000000000:4053af5b7bf65f4a;4035800000000000:4050a99d8033721e;4045e00000000000:4055a4ed5d909224;404e200000000000:c041276157c5b644	402577ab502e7ad3	bits	40522d1eb851eb85			
rt-seed-1057	seeded	seeded-linear	0.25	LINEAR	0000000000000000:bfdbb067df0661e4;4037c00000000000:bfeff6105fe0f02a	4053700000000000	bits	bfeff6105fe0f02a			
rt-seed-1058	seeded	seeded-linear	0	LINEAR	0000000000000000:4087a3d4704682e7;3fe4000000000000:405b1b12a0b6f998;4035a00000000000:4084c282d8a0025a;4046900000000000:4083944acf687566;4047b00000000000:40717017f9da1d56	40124a98b774664f	bits	406a9da5b634bcda			
rt-seed-1059	seeded	seeded-linear	-1	LINEAR	0000000000000000:40453a7c48447f91;4034c00000000000:405de37c2d5381fe;403ae00000000000:405e06471505d5f0;4046a00000000000:4052b8f481ee8bd4;404c700000000000:405419212377c0cd	4026d0b207ef157a	bits	405535e9aca87746			
rt-seed-1060	seeded	seeded-linear	0.1	LINEAR	0000000000000000:40572663628b9622;3ff8000000000000:c052971f6b814b18	3ff53ba42b366663	bits	c04b8ccccccccccd			
rt-seed-1061	seeded	seeded-linear	1E-7	LINEAR	0000000000000000:403536f5fada4634;4037200000000000:404a0520e593ede4;403d400000000000:c04650b4a9ea3b3c	403d11982f938eba	bits	c044e27f653aed3c			
rt-seed-1062	seeded	seeded-linear	0.2	LINEAR	0000000000000000:3fedd38d312113df;4023400000000000:3fbadd86ca023950;4032600000000000:3fdbc6e22ce2a1d4	4026ae4c526d4384	bits	0000000000000000			
rt-seed-1063	seeded	seeded-linear	0.1	LINEAR	0000000000000000:bfc882a529947b28;4012000000000000:3fe2a03fd80967a8;4024800000000000:bfe34cdb9f0248f6;403fa00000000000:bfcfe201df220ce8;404ba00000000000:bfc95db62ec1a208	405ad00000000000	bits	bfc95db62ec1a208			
rt-seed-1064	seeded	seeded-linear	1	LINEAR	0000000000000000:403d30d5ff47a051;4030600000000000:404df9daba34c4bb;403be00000000000:400b69d09d162b1c	4037a82de1f20aca	bits	4039000000000000			
rt-seed-1065	seeded	seeded-linear	0.5	LINEAR	0000000000000000:40506dab4b2d1f5a;4017000000000000:402feb585b9d5cc0;403e200000000000:404fd7baa978aa2c;4048300000000000:404342e4c4f1195c	403097034b35bf85	bits	4042800000000000			
rt-seed-1066	seeded	seeded-linear	0.1	LINEAR	0000000000000000:405b0e09afbbd702;4037600000000000:404b73b830753df9;4046200000000000:404d3fdb36e3e7aa	403a083b0493c340	bits	404ba66666666666			
rt-seed-1067	seeded	seeded-linear	0.123456789012345678901	LINEAR	0000000000000000:c05089931ea7d111;4016000000000000:40575ceb1a934f58;403b200000000000:c010f9abbfc02060;4048600000000000:c01823a9fbd8cca0	40190158fcc8336a	bits	405687e6b3e816a3			
rt-seed-1068	seeded	seeded-linear	0	LINEAR	0000000000000000:c030cb7dab1d5a64;4038200000000000:4057878772b22ca4;4046e00000000000:c0531fa1416306f5	40075a247b09be93	bits	c00afff3b6c8f4a0			
rt-seed-1069	seeded	seeded-linear	1E+3	LINEAR	0000000000000000:4084dffd7ee75090;4036c00000000000:408f249e34ccc502;4044600000000000:406228c88a243dd4;4045000000000000:405d2f40d968401d	3feadea40c00fa2e	bits	0000000000000000			
rt-seed-1070	seeded	seeded-linear	-1	LINEAR	0000000000000000:4051a5ee2e6804b5;3fec000000000000:405c34b6c3d1a911;401a000000000000:405ceb202b243508;4028c00000000000:40180458bc1ca887;402e800000000000:40429c81fa7a9de6	40218ba0f11b68da	bits	40524feb6b60346b			
rt-seed-1071	seeded	seeded-linear	1E-7	LINEAR	0000000000000000:3fe30f6475688671;4023800000000000:3fe310d0d84bf3f5;4033800000000000:3fd9740f3e9ae50e;4044500000000000:3fd1bbf2142dd8ea	403a11af4f3bbe88	bits	3fd70d900b7b5e45			
rt-seed-1072	seeded	seeded-linear	1	LINEAR	0000000000000000:bfe003add4e03b06;401d000000000000:bfe9998e62abd3ac;4038c00000000000:bfef335883175f7c;4042900000000000:bfe3a12666a7546c;4048800000000000:3fe4732b7329a44a	0000000000000000	bits	bfe003add4e03b06			
rt-seed-1073	seeded	seeded-linear	1	LINEAR	0000000000000000:4060dda0e8c488df;4035200000000000:408e46e0fce22e5c;4036400000000000:408a53d5bb66876d;4047900000000000:407714f0355aba45	4040f32f8753c2ed	bits	4083680000000000			
rt-seed-1074	seeded	seeded-linear	0.2	LINEAR	0000000000000000:40696acdaae16b8c;4003000000000000:408615e9ed51fe7d;4020400000000000:40878d8ed0c91b34;4031800000000000:403317814cba5352	0000000000000000	bits	40696acdaae16b8c			
rt-seed-1075	seeded	seeded-linear	1E-7	LINEAR	0000000000000000:40863f76877270dc;4035200000000000:406c31c6ebcaee99;403fc00000000000:408bc6e8c239323b;4043900000000000:4077d9cfa15855b1;404d500000000000:408636db18bb67a8	40392f5a9ac991ed	bits	407df040ab713272			
rt-seed-1076	seeded	seeded-linear	1E-400	LINEAR	0000000000000000:3fe0fab38f9dcb7a;4024800000000000:3fd8c4950e64aa58;403a400000000000:bfe96afe30b987ce;4043f00000000000:bfea948b36d68114	40152d8af002ed64	bits	3fdd36173075a2c6			
rt-seed-1077	seeded	seeded-linear	1E+3	LINEAR	0000000000000000:408abc31d565287b;4034600000000000:4056ee770324aa24;4043c00000000000:40809bd70fe9392e;4044b00000000000:408a9d97e6671a70;4048c00000000000:40840bd9ab52c8ba	4047e305c9ef9ff0	bits	408f400000000000			
rt-seed-1078	seeded	seeded-linear	0.5	LINEAR	0000000000000000:405b047609b3f640;402c000000000000:4049cd6974513075;4043a00000000000:405e319a9e64bbb8;404ba00000000000:4044c64b3557be98	402e9f1e174dadc8	bits	404b800000000000			
rt-seed-1079	seeded	seeded-linear	0	LINEAR	0000000000000000:407ae65604249dac;4032200000000000:406b2e859aec4de8	404e900000000000	bits	406b2e859aec4de8			
rt-seed-1080	seeded	seeded-linear	1E+3	LINEAR	0000000000000000:3fe09b6821814577;4016000000000000:3fd42d3e0bbd4f9a	3fd14f9de3e9a684	bits	0000000000000000			
rt-seed-1081	seeded	seeded-linear	0.10	LINEAR	0000000000000000:404486610acd40f0;4012000000000000:40565ff56446938c	400a306628123b3b	bits	40530ccccccccccd			
rt-seed-1082	seeded	seeded-linear	0	LINEAR	0000000000000000:40423f57fb913ed1;4004000000000000:4045ce992b52338d;4008000000000000:405e39f1a6074fde	3fed14bbf9e1fd0c	bits	40438a989726a3a7			
rt-seed-1083	seeded	seeded-linear	0.25	LINEAR	0000000000000000:4062bc1d5895289b;4027000000000000:4067cab5ac4842f1;4028800000000000:407bd1391ec68dd6	4015599deaa309ed	bits	4065100000000000			
rt-seed-1084	seeded	seeded-linear	1E-400	LINEAR	0000000000000000:40596b57baaffd76;402fc00000000000:4038c8fea45fb7d2;4031800000000000:405ad768fc817f2f	402c7f3aec69bb09	bits	404054e5c931718c			
rt-seed-1085	seeded	seeded-linear	0.10	LINEAR	0000000000000000:c037f3c0ebbe4cbc;4027c00000000000:40501307702aea90;402f400000000000:c050916b724d7d5e	402e2ad69849d123	bits	c047a66666666666			
rt-seed-1086	seeded	seeded-linear	-1	LINEAR	0000000000000000:3fe79fd86b71612b;4020800000000000:3fde219911429fb6;4034000000000000:3fdcf01a8b52ff94	4020800000000000	bits	3fde219911429fb6			
rt-seed-1087	seeded	seeded-linear	1	LINEAR	0000000000000000:3fec966f31b15974;4032200000000000:3feac94254be7579	3ff94c975d645e14	bits	3ff0000000000000			
rt-seed-1088	seeded	seeded-linear	1E-7	LINEAR	0000000000000000:4054c3fb4c273e9f;4039200000000000:4023c8a4d809d373;4047700000000000:405a65432425a86c;404bb00000000000:404debce0f175f4e;4051780000000000:4031ddf05d2dceae	403fcb38b268eed5	bits	40439dab4a9c0585			
rt-seed-1089	seeded	seeded-linear	0.2	LINEAR	0000000000000000:3fe9f719ecfb6050;4020c00000000000:bfc4e12aaed5b388;4033800000000000:3fe84cd9da21bf0e;4040900000000000:3fd3ced65fea17a4	402f97a272b1c88f	bits	3fd999999999999a			
rt-seed-1090	seeded	seeded-linear	0.1	LINEAR	0000000000000000:3fcd76f374193690;4035e00000000000:3fc4601478bffcd8	4030930636ceb87c	bits	3fc999999999999a			
rt-seed-1091	seeded	seeded-linear	0.25	LINEAR	0000000000000000:bfa9b5d68ec072a0;4037600000000000:3fea28b84eb25130	4019a56e07f70145	bits	0000000000000000			
rt-seed-1092	seeded	seeded-linear	1E-400	LINEAR	0000000000000000:3feaaeb68c73bc34;4038200000000000:bfdaa3155c53e704	403134503202296c	bits	bfad7f4f9e564c00			
rt-seed-1093	seeded	seeded-linear	0.2	LINEAR	0000000000000000:3fdf1bc33e0be040;4031c00000000000:3fd5bdff4fd297ac	0000000000000000	bits	3fdf1bc33e0be040			
rt-seed-1094	seeded	seeded-linear	1	LINEAR	0000000000000000:403ede9d84fef4d7;4020800000000000:403fbc7d6226b282;4024400000000000:4046c4cdd65345f9;4038000000000000:405c10dac06d7949	40236d91d1964702	bits	4045000000000000			
rt-seed-1095	seeded	seeded-linear	0.25	LINEAR	0000000000000000:3fe4b9a385f4147e;4004000000000000:bfee32222435d014;403ba00000000000:3fd0ea6706067f60;4048600000000000:3f9a70c4cebdeec0;4052880000000000:3fdd30f771edf3b8	404c4dcd8c868868	bits	0000000000000000			
rt-seed-1096	seeded	seeded-linear	0.001	LINEAR	0000000000000000:3f913596591aa4c0;4033400000000000:3febb0ab5ae874e0;4045000000000000:bfe7d3c5484802c4;4045b00000000000:bfe8eee6732a610e;4047200000000000:3fcf758d70f28230	40465573f4deb5b2	bits	bfd46a7ef9db22d1			
rt-seed-1097	seeded	seeded-linear	0.25	LINEAR	0000000000000000:403609d9eb97368a;4026400000000000:4050c2f2d8f5d9cc;4035800000000000:405ddc9bbca51c4d;403cc00000000000:40576181add2a7b3	401513f5b61272c1	bits	4045a00000000000			
rt-seed-1098	seeded	seeded-linear	-1	LINEAR	0000000000000000:c02346f0c69259d0;4014800000000000:c058601d93950698	40019aeca7dcfff3	bits	c047aeeb1ad733e1			
rt-seed-1099	seeded	seeded-linear	0.00	LINEAR	0000000000000000:c048f35454752adb;4039000000000000:405535f9fee16b1a;4041300000000000:405169cf6273e872	4023809825c62957	bits	40053e95d9ad9e20			
rt-seed-1100	seeded	seeded-linear	5	LINEAR	0000000000000000:c044c2a03eeaaaa8;402c800000000000:c046f74aba7b23d4;4032400000000000:4055f957ca0e1778;4042b00000000000:405445dfadb58ac0	40300762a853f3e1	bits	4024000000000000			
rt-seed-1101	seeded	seeded-linear	0.2	LINEAR	0000000000000000:c050866670bcaa3a;4037000000000000:c055ad01c424d35e;4042700000000000:c04968a823025fc2;404a500000000000:405163449c10a4e6;404d300000000000:40589c25552bcada	403e5d217e459d10	bits	c050e66666666666			
rt-seed-1102	seeded	seeded-linear	5	LINEAR	0000000000000000:40511ba38cd1fb74;4038c00000000000:40575daf8bf6e75c	4020f82b374831d1	bits	4052c00000000000			
rt-seed-1103	seeded	seeded-linear	1E-400	LINEAR	0000000000000000:40861c5fbd080bea;4016800000000000:407556bd0321c207;403c000000000000:40824479ec03699b;403f400000000000:404043eda68592d7;4045a00000000000:402a9a215d206f10	404b200000000000	bits	402a9a215d206f10			
rt-seed-1104	seeded	seeded-linear	0.00	LINEAR	0000000000000000:3fe517927848e3eb;4035400000000000:3fe731461b7d9548;4040400000000000:3fe64f277d3d12bd;4048400000000000:3fe929c5b5ae608c;404f100000000000:3fef7fde9d1d5087	4006c12a2af16432	bits	3fe55f8b2e887f60			
rt-seed-1105	seeded	seeded-linear	0.01	LINEAR	0000000000000000:3fe5d109fee1afee;402ec00000000000:bfe33f6fc9dd64fe;403b800000000000:bfcfbe1d26023230;404a200000000000:bfdc2cc048aafcd4;4050800000000000:bfd00183bc79ca24	0000000000000000	bits	3fe5d109fee1afee			
rt-seed-1106	seeded	seeded-linear	1E+3	LINEAR	0000000000000000:3fe1e60eebfc1e44;4025000000000000:3fa4e3fbd2536f80;4031400000000000:3fbe729ec42b7ee8;4041a00000000000:3fef0bbbf5fd9c6d;4045400000000000:3fa73b9c660dc6d0	4040040eda7b8463	bits	0000000000000000			
rt-seed-1107	seeded	seeded-linear	0.01	LINEAR	0000000000000000:c030b6d63636d0a4;4020800000000000:403261e93105db74;403e400000000000:c00c160b059a75c0;4040500000000000:c03ceba0447b0450;4041600000000000:40366fae17203788	401191f4174f9f07	bits	3fff851eb851eb85			
rt-seed-1108	seeded	seeded-linear	0.001	LINEAR	0000000000000000:4056c114e5140b66;4038c00000000000:4057b3ba1f3db210;4047f00000000000:c051dd7f957c2744	4042c2c95a2410a8	bits	4007d4fdf3b645a2			
rt-seed-1109	seeded	seeded-linear	0.01	LINEAR	0000000000000000:4073b943171f4db2;402a000000000000:40676c4bfd78618f;402b400000000000:408e5bb4c36b901a;4030400000000000:4074ef6f95b3130d;4036a00000000000:4082a9429e0fa9a3	403254a96541c87c	bits	407a48a3d70a3d71			
rt-seed-1110	seeded	seeded-linear	0.5	LINEAR	0000000000000000:3fb44ff2baab4420;4000000000000000:bfe0bc68ff9ff266;4035400000000000:3fec8993521a037e;4044f00000000000:bfef8e1bf068ffc8;404af00000000000:bfdc6ff8dc1fb56c	4054f80000000000	bits	bfdc6ff8dc1fb56c			
rt-seed-1111	seeded	seeded-linear	1E-7	LINEAR	0000000000000000:3fe1a2e5d1a1a6a7;4027400000000000:3fe22e67113cd7bd;4038400000000000:3fb12f73d1ecc120;4042d00000000000:3fe44e3cef5e0601;4048000000000000:3fedf2392812781f	402990ceebcfc58d	bits	3fe0b5fc3b4f6167			
rt-seed-1112	seeded	seeded-linear	1E-7	LINEAR	0000000000000000:3feec63508fb2737;402dc00000000000:3fc7cdaf838d46c4;4042500000000000:3fe77df17f0f26d1	3ffe02efb7f2ca9c	bits	3feba4e0bfc8d84c			
rt-seed-1113	seeded	seeded-linear	0.10	LINEAR	0000000000000000:3fe80a70bd519ad4;4034600000000000:3febacbc95975765	3fe32a68f36b8290	bits	3fe6666666666666			
rt-seed-1114	seeded	seeded-linear	0.01	LINEAR	0000000000000000:3fe0fb8420102af2;4031200000000000:bfeef6386b4b7a44;403b800000000000:3fc93a7df7b20ed0;4040400000000000:bfc2cb52f42e3368	401c6f5da1804fc1	bits	bfb70a3d70a3d70a			
rt-seed-1115	seeded	seeded-linear	0.001	LINEAR	0000000000000000:3fe4cb2c5fdf3d21;4030c00000000000:4032edb06da79c89;4044400000000000:405e4d6b02cc6686;404c800000000000:4057b5e653d80fb3;4052f80000000000:4057c24ddb52813a	404685af89831eb5	bits	405c7cac083126e9			
rt-seed-1116	seeded	seeded-linear	0	LINEAR	0000000000000000:403b269a6953ce90;4031c00000000000:404a5b558d3651ac;4034600000000000:c0251a9529f7d538;4044100000000000:40563fe87d8fb240;404e900000000000:c03a03eb397b7360	404bedc4e3b835b7	bits	4006ab3ec4c7ec80			
rt-seed-1117	seeded	seeded-linear	1E-7	LINEAR	0000000000000000:4087aa2f57a810a3;3ff8000000000000:40870f86f4126994;402e800000000000:4079b0c2a0a369d8;4037800000000000:4082fa5b04ffd471;4044f00000000000:408b83e9f6d43948	4037c410516e5a50	bits	408319faa7660af7			
rt-seed-1118	seeded	seeded-linear	0.001	LINEAR	0000000000000000:404b8ab63fc25917;402c400000000000:405dbcebf9d3f748	402185bc99d987cb	bits	4057acac083126e9			
rt-seed-1119	seeded	seeded-linear	0.01	LINEAR	0000000000000000:3fca0da527bd3f28;4018800000000000:bfde8f37b32df840;4030e00000000000:bfefa0da0b76016c;4035000000000000:3fdab21495e4a728	4030e00000000000	bits	bfefa0da0b76016c			
rt-seed-1120	seeded	seeded-linear	5	LINEAR	0000000000000000:3fe593daec598756;402ac00000000000:3feb259d4bc596ff;4041f00000000000:3fe2f51981a45d03	0000000000000000	bits	3fe593daec598756			
rt-seed-1121	seeded	seeded-linear	0	LINEAR	0000000000000000:3fd35f10126fcefc;4038400000000000:3fe98ec94acfc326	4029b781a347493f	bits	3fe21a0c023b73ba			
rt-seed-1122	seeded	seeded-linear	0.25	LINEAR	0000000000000000:4030fb51254aa1e0;4017000000000000:40594aaae2724db5;401a800000000000:403672fefdb4e3db;4020800000000000:405f213d14217701	40158e95b8593135	bits	4057f00000000000			
rt-seed-1123	seeded	seeded-linear	0.00	LINEAR	0000000000000000:40360b354a004a98;402a000000000000:4057e27b460cc674	402627c8b09f6187	bits	40552af40251ed04			
rt-seed-1124	seeded	seeded-linear	1E-7	LINEAR	0000000000000000:40314b58d8125026;4001000000000000:40375893a00b2113	4043100000000000	bits	40375893a00b2113			
rt-seed-1125	seeded	seeded-linear	0.25	LINEAR	0000000000000000:405309c0b99a8b85;4015000000000000:40572e7924bc5f03;401a800000000000:4020be201c1fd451;4023800000000000:40323c8b3e62125e	3ffe85667d5c9e72	bits	4054800000000000			
rt-seed-1126	seeded	seeded-linear	0.001	LINEAR	0000000000000000:405aa0eb2494e21b;4028400000000000:405161210d984f0d;4039c00000000000:405c4450fc28f3c9;4045700000000000:405da962ea52f279	4043e6ac8e5f6d27	bits	405d6947ae147ae1			
rt-seed-1127	seeded	seeded-linear	1E-400	LINEAR	0000000000000000:3fdb17da4c17ad66;4035c00000000000:3fe9b87544a6b944	3fe93e331ae1026d	bits	3fdbf9eadae1e2f6			
rt-seed-1128	seeded	seeded-linear	0.1	LINEAR	0000000000000000:407de3564db16cca;4026c00000000000:40893ecf246abb82	4022277ffc8a4695	bits	408729999999999a			
rt-seed-1129	seeded	seeded-linear	1E-400	LINEAR	0000000000000000:3fcba1e99ed01240;402f000000000000:3fc51010dfe2f78c;403a800000000000:3fe30f12286c677a;4048f00000000000:3fc28ca9927bbd8c	4039f4993e041f2e	bits	3fe260459e891a4a			
rt-seed-1130	seeded	seeded-linear	1E-400	LINEAR	0000000000000000:3fcc9610ed204e38;4016800000000000:3feecdc7ee89608e	4016422e9b2ffcdc	bits	3fee8cc88fdf7344			
rt-seed-1131	seeded	seeded-linear	0.123456789012345678901	LINEAR	0000000000000000:405f1e740638abb7;4020000000000000:40426a2c01a05581;402c800000000000:4026fd5f6e52cf46;4041300000000000:4058709249aaab6f	0000000000000000	bits	405f1e740638abb7			
rt-seed-1132	seeded	seeded-linear	0.1	LINEAR	0000000000000000:40816d8c86b6dc70;401d800000000000:4088543552e93d25;403d200000000000:406abd36b072f194	403d1da4ff3292b8	bits	406ac66666666666			
rt-seed-1133	seeded	seeded-linear	0.25	LINEAR	0000000000000000:4029e0f287752cc0;3ffa000000000000:404d28addb5685f8;4039a00000000000:404058da3e152238	402dc3ed2c1925ef	bits	4046200000000000			
rt-seed-1134	seeded	seeded-linear	5	LINEAR	0000000000000000:406d4ec892dacb4c;3ff8000000000000:407eb6340d8d2c61;4026000000000000:405a9b1a9034ddf4	401b50e82f863738	bits	4071800000000000			
rt-seed-1135	seeded	seeded-linear	0.01	LINEAR	0000000000000000:3feea46906033636;4018000000000000:bfee82e42f817188	401365e4b986eb63	bits	bfe28f5c28f5c28f			
rt-seed-1136	seeded	seeded-linear	-1	LINEAR	0000000000000000:406f53b390f5f997;4030000000000000:408ddd1818b12d62;403f400000000000:404b46851782f9d0;4043400000000000:406741746541e86f;4044400000000000:407a26c2ba273de3	401623ef5b71b896	bits	407ee83537c41a2c			
rt-seed-1137	seeded	seeded-linear	0.25	LINEAR	0000000000000000:c046c8dd4829e1f3;4036800000000000:4040682cddbc1398;4039800000000000:c05706f4253905f6	402d56fd6b5274b7	bits	4016000000000000			
rt-seed-1138	seeded	seeded-linear	0.5	LINEAR	0000000000000000:3fcbd7e22ae51b90;402fc00000000000:bfef7c0829a37142;4039a00000000000:bfe45c1a2605ce2e;4041800000000000:bfee75e6e40f5632	404b800000000000	bits	bfee75e6e40f5632			
rt-seed-1139	seeded	seeded-linear	1E+3	LINEAR	0000000000000000:c058f59e7eee6e65;3fe4000000000000:c045beda4d8a878f;4031a00000000000:c0477410d2ca6367	40233d51433a3c60	bits	0000000000000000			
rt-seed-1140	seeded	seeded-linear	0.2	LINEAR	0000000000000000:40341217e47f7373;4033800000000000:405bda7fbe3aed74;403b400000000000:403c65ff8d605f4c;4040d00000000000:40549f4f12d462dc	403f5b16e2e93029	bits	404f99999999999a			
rt-seed-1141	seeded	seeded-linear	0.2	LINEAR	0000000000000000:bfece817dfe4f5bc;3fe8000000000000:bfedd0e39edc15ac;4022000000000000:bfd6429c1f104b7c	0000000000000000	bits	bfece817dfe4f5bc			
rt-seed-1142	seeded	seeded-linear	0.5	LINEAR	0000000000000000:bfda38e272ea5ebc;4033600000000000:bfdf4d90b6032b4c;403de00000000000:3fcfeb948ad17958;4046a00000000000:bfe681d4e4a21e08	0000000000000000	bits	bfda38e272ea5ebc			
rt-seed-1143	seeded	seeded-linear	0	LINEAR	0000000000000000:408b327278785af0;4033800000000000:4089f3b53e157f62;403d200000000000:40588410d39b3887	0000000000000000	bits	408b327278785af0			
rt-seed-1144	seeded	seeded-linear	1E-7	LINEAR	0000000000000000:3fb21fa662329770;401d000000000000:3fe304ef8c2382e8;4024c00000000000:3fe00714e8e8ac6c	4020f279d2ce137b	bits	3fe1d9117ead8509			
rt-seed-1145	seeded	seeded-linear	5	LINEAR	0000000000000000:3fe9fd6bd5562f2c;400e000000000000:3fd7818be3627f72;401c000000000000:3fa5982a8edc3110	0000000000000000	bits	3fe9fd6bd5562f2c			
rt-seed-1146	seeded	seeded-linear	0.25	LINEAR	0000000000000000:3fe541525290614c;4018800000000000:3fe5c436c9ac9753	3ff0927977ca4a81	bits	3fe0000000000000			
rt-seed-1147	seeded	seeded-linear	0.123456789012345678901	LINEAR	0000000000000000:4012163972f39760;4017800000000000:c03ea8d25324243c;402e400000000000:405790931f946ab6;403ea00000000000:c00fce633099f7a0;4040e00000000000:c04a29e52cb1b9b7	40367be340e077c3	bits	4047d3c0c6ac7fbe			
rt-seed-1148	seeded	seeded-linear	-1	LINEAR	0000000000000000:3fdf06cc93b4b9e2;4033800000000000:3fca670813e0002c;4037800000000000:3fd88788a1495582;4043500000000000:3fe4dfcc25b0bc95	402b336604f38323	bits	3fd2981c5bd9ca4e			
rt-seed-1149	seeded	seeded-linear	0.001	LINEAR	0000000000000000:3feb10d3cd0e0b9e;4032600000000000:3fbfb9a7e020d948;403bc00000000000:3fe0583d0836c101;4044c00000000000:3fc7bda5c489c334	4030dc09b347ef02	bits	3fc78d4fdf3b645a			
rt-seed-1150	seeded	seeded-linear	0.01	LINEAR	0000000000000000:3fd664710a9a9568;402e000000000000:3fd03d0f14b7978e	4001f45add8a8dff	bits	3fd5c28f5c28f5c3			
rt-seed-1151	seeded	seeded-linear	0.25	LINEAR	0000000000000000:bfe6d8779ee76d54;401f000000000000:3fefc147b44a2faa;4033600000000000:3fe0022c25527446	401dd3c598ca4863	bits	3fe8000000000000			
rt-seed-1152	seeded	seeded-linear	5	LINEAR	0000000000000000:405f5be751ded01a;4029400000000000:40528f3a2cd73498;4040600000000000:4051831d97b3e56a;404a400000000000:405820c0830f6480;404c300000000000:405203c9cbec733f	40365bbe3eb424d2	bits	4052c00000000000			
rt-seed-1153	seeded	seeded-linear	0.123456789012345678901	LINEAR	0000000000000000:3fe5243b5314cd19;4033c00000000000:3fd7fa2c1bd50b1e;4040700000000000:3fe244c184cd604b;4048a00000000000:3fe8c023c63bc44c	4033c00000000000	bits	3fd7fa2c1bd50b1e			
rt-seed-1154	seeded	seeded-linear	0.2	LINEAR	0000000000000000:4039dcf7ea799263;402c400000000000:404fa0fb0d97dfe0;403ec00000000000:403f3bb40a71f158;404b100000000000:404b8b27c96965d3	404862ca4da3b2db	bits	4048cccccccccccd			
rt-seed-1155	seeded	seeded-linear	1E-400	LINEAR	0000000000000000:3fea8a1b84ffff02;4024000000000000:3fd39387a46d64a6;4034800000000000:3fde3c4898e98ce6;4046600000000000:3fc0ed80dbab6b4c;404da00000000000:3fed33fce5d1a9d6	0000000000000000	bits	3fea8a1b84ffff02			
rt-seed-1156	seeded	seeded-linear	0.001	LINEAR	0000000000000000:406404d2fe5133e5;401b800000000000:407ff42ba9dc858f;4024400000000000:4074de699a9ef017;4030c00000000000:4070526ef6db127a;4037e00000000000:4086a7ecd60984a4	403fe00000000000	bits	4086a7ecd60984a4			
rt-seed-1157	seeded	seeded-linear	0	LINEAR	0000000000000000:4050f30a3150f369;4011800000000000:403b36e69ce1e9d4;403d000000000000:40521a350306168d;403dc00000000000:405d161f7eb9411c	4011800000000000	bits	403b36e69ce1e9d4			
rt-seed-1158	seeded	seeded-linear	0.2	LINEAR	0000000000000000:405fad0254c87edb;4038200000000000:4043edf8a34b2b61;4046e00000000000:4009e3ca476b90d1	4054300000000000	bits	4009e3ca476b90d1			
rt-seed-1159	seeded	seeded-linear	1	LINEAR	0000000000000000:408745d414af756b;402ac00000000000:4080b250cefcd9b2	0000000000000000	bits	408745d414af756b			
rt-seed-1160	seeded	seeded-linear	1E-7	LINEAR	0000000000000000:bfee1cd44aa9750e;4031800000000000:3fd8f3f1f09dbaf4;403a000000000000:bfe88592fd18d02e;4047100000000000:bfbff7c205252ce0	40381eaf11d5bd15	bits	bfe056886d216b8b			
rt-seed-1161	seeded	seeded-linear	1E+3	LINEAR	0000000000000000:40739c5a0d9041af;402a800000000000:404def1ce3cce812;4041c00000000000:407594b476a9de2a	40269d5e37ae67ee	bits	408f400000000000			
rt-seed-1162	seeded	seeded-linear	0.5	LINEAR	0000000000000000:3fe8ba7400d2d80a;4033a00000000000:3fc71728db5ec888;4044200000000000:3feb914acbe4ff17	403f0817e80dfa91	bits	3fe0000000000000			
rt-seed-1163	seeded	seeded-linear	0	LINEAR	0000000000000000:407906f1ba719718;401b000000000000:407c45597070bc5d;4023000000000000:4078f7111461646d;4029000000000000:407b3c4caf9214ec;4041700000000000:408a939d324ba831	402c547465addc74	bits	407d2a03353c0857			
rt-seed-1164	seeded	seeded-linear	1	LINEAR	0000000000000000:404d5d2e667d4b8c;4032a00000000000:40519f8b5295d003;403e600000000000:404ec7595714e3b2;4049e00000000000:40440d1d61ed5d95	0000000000000000	bits	404d5d2e667d4b8c			
rt-seed-1165	seeded	seeded-linear	0.10	LINEAR	0000000000000000:408f3d9bcc0c12e1;4027400000000000:407029e41c2c7b37;4031a00000000000:40748976a4eb93b3;403fc00000000000:40735fabbf67ee55;4040d00000000000:408480af751ac05b	400c224f4af7f138	bits	40883ccccccccccd			
rt-seed-1166	seeded	seeded-linear	0	LINEAR	0000000000000000:40847d4f865ae44f;4026c00000000000:408f03a8c406cfd7;4038600000000000:4060ad7548273ada	4027f7c8c8fbbfb4	bits	408dc1be3d08caa3			
rt-seed-1167	seeded	seeded-linear	0.2	LINEAR	0000000000000000:3fe30504e65b2137;4026c00000000000:3fe17baedd8807dc	400e94f0acfd39b7	bits	3fe3333333333333			
rt-seed-1168	seeded	seeded-linear	5	LINEAR	0000000000000000:3fc7f21059f5ea10;4036800000000000:3fba07550b31c350;4043900000000000:bfeb576f411b565a	40278d6a133a60c3	bits	4014000000000000			
rt-seed-1169	seeded	seeded-linear	0.123456789012345678901	LINEAR	0000000000000000:404640c4877c441c;4035200000000000:404d5391c339eb02;4042300000000000:400eb2004a57f3c5;4043a00000000000:40526c328885af9b;4048400000000000:403354eb86865889	40467ae9ee455caf	bits	40441f9ada322edf			
rt-seed-1170	seeded	seeded-linear	5	LINEAR	0000000000000000:4083b220c49c9149;3ff2000000000000:406a7a24f2ba15e1	3ff1716b9f3a5644	bits	406c200000000000			
rt-seed-1171	seeded	seeded-linear	0	LINEAR	0000000000000000:c055335e135b2bac;4019000000000000:c045165bd63bfca2;402d000000000000:40562257ba848356	40253a86bd7ec371	bits	403af8f7abb17170			
rt-seed-1172	seeded	seeded-linear	0.123456789012345678901	LINEAR	0000000000000000:40536ca62e1f17b7;4022800000000000:40514b1fe2300a4a	4037400000000000	bits	40514b1fe2300a4a			
rt-seed-1173	seeded	seeded-linear	-1	LINEAR	0000000000000000:3fa9a69895f14240;3ff8000000000000:3fe1f7a500b592ad;4032a00000000000:3fef4e0706288e4c;403e800000000000:3fd93ecd76abcfec;4043100000000000:3fe747844cc9c92b	4032a00000000000	bits	3fef4e0706288e4c			
rt-seed-1174	seeded	seeded-linear	0.2	LINEAR	0000000000000000:404f73693256b4bc;4036a00000000000:404af27a3043da7f	403ea00000000000	bits	404af27a3043da7f			
rt-seed-1175	seeded	seeded-linear	0.123456789012345678901	LINEAR	0000000000000000:3fda72976d0c757a;3ff6000000000000:3fc489b1d152e6d8;4033c00000000000:3f8a165706a61480;4044b00000000000:3fe86e0526688fb6;404b600000000000:3fd6f2931e87fe88	402ecf815d323419	bits	3fbf9add3746f65f			
rt-seed-1176	seeded	seeded-linear	0.5	LINEAR	0000000000000000:408ad6e16ed95ded;4012800000000000:408118b713a69fc9	3ff126fd7db12bf9	bits	4088980000000000			
rt-seed-1177	seeded	seeded-linear	1E-7	LINEAR	0000000000000000:3fc3ee43f7f98e0c;4034c00000000000:3fee2dfddc22873d;403ea00000000000:3fc4d8630f4d49a4;4045000000000000:3fe834ceb6659eee	4037d7beb5fe5cdb	bits	3fe65c1ccbe8a13f			
rt-seed-1178	seeded	seeded-linear	1E-400	LINEAR	0000000000000000:408c721a8340f51c;4032600000000000:4088bdd5bc4facd4;4042900000000000:40800a90902c0857;404c100000000000:40892bf54223bdb1;4051f80000000000:4083aa365e9d7115	40401df87666e7b8	bits	40824f89d061b922			
rt-seed-1179	seeded	seeded-linear	1	LINEAR	0000000000000000:402d935c4adb1821;4018800000000000:405f3ef6390068a3;4032800000000000:404a053ee0be4d62	4015ca8bdf36df5b	bits	405c000000000000			
rt-seed-1180	seeded	seeded-linear	0.00	LINEAR	0000000000000000:404693f03c3689a0;4032000000000000:4045ae87fd7f09e4;4033400000000000:c04379caeee2783b;4039200000000000:bffcbadc7b7a8140;4039a00000000000:c03490c4b3e54648	4053e80000000000	bits	c03490c4b3e54648			
rt-seed-1181	seeded	seeded-linear	0.5	LINEAR	0000000000000000:404d40f88f116996;4035600000000000:405216d85ebf23e0	40345f0c0ca38ff3	bits	4051e00000000000			
rt-seed-1182	seeded	seeded-linear	0.123456789012345678901	LINEAR	0000000000000000:bfb18e3e917f6460;3fec000000000000:3fee9714d2774ec6;4035200000000000:bfea6fe80e555944	4030ad73f9d20f60	bits	bfcf9add3746f65f			
rt-seed-1183	seeded	seeded-linear	1E+3	LINEAR	0000000000000000:4079df2e1aa640de;4035e00000000000:408f2c472476a88f;403fc00000000000:4080448696ad8e7b;4042800000000000:4064789d8cb5f01a;4045d00000000000:406e4df832bc8aca	40379e1f743e0200	bits	408f400000000000			
rt-seed-1184	seeded	seeded-linear	-1	LINEAR	0000000000000000:3feba5fe2dd279ee;402f000000000000:3fd0b883fd23455e	4044c00000000000	bits	3fd0b883fd23455e			
rt-seed-1185	seeded	seeded-linear	0.10	LINEAR	0000000000000000:408d617503fe1e3c;4016800000000000:40694a51e2016a92	4013517510bef70e	bits	40732b3333333333			
rt-seed-1186	seeded	seeded-linear	0.123456789012345678901	LINEAR	0000000000000000:c0394baa5aa0a220;4017800000000000:404975bac21e1c74;402ec00000000000:4005125dc3919520	4029897477258633	bits	402fda12f1b5844c			
rt-seed-1187	seeded	seeded-linear	0	LINEAR	0000000000000000:4071df266a14d20a;4017000000000000:40655b3547a93a2b	40164a6a65fce0da	bits	4065cccb312ce852			
rt-seed-1188	seeded	seeded-linear	1	LINEAR	0000000000000000:408caba3b12b8a48;400d000000000000:40787a83a0a3a304;4030800000000000:4041f202ad0684a6	402ac512c72a1f56	bits	405e800000000000			
rt-seed-1189	seeded	seeded-linear	5	LINEAR	0000000000000000:3fce9bc125098bbc;4034000000000000:3fe5f4825489dffe;4041400000000000:3fdeedf90a93cb5a;4042700000000000:3fc6a1caab6f33a0;4047400000000000:3fdf48ff88974494	0000000000000000	bits	3fce9bc125098bbc			
rt-seed-1190	seeded	seeded-linear	0.1	LINEAR	0000000000000000:3fe5d18dadf45e47;3ff6000000000000:3fe6bb63216cc1aa;4034400000000000:3fd9950918601e2e;4037c00000000000:3fd47aeb8075e798	4037c00000000000	bits	3fd47aeb8075e798			
rt-seed-1191	seeded	seeded-linear	0.001	LINEAR	0000000000000000:3fee7dfb941af8e3;4033a00000000000:3feab6086ce54e14;403a000000000000:3fdce52a8b7863fa	402777199be444c8	bits	3fec4189374bc6a8			
rt-seed-1192	seeded	seeded-linear	0.01	LINEAR	0000000000000000:408edeb3de9f74c9;4034600000000000:4075a2fb784b2f55;4044000000000000:40795c100a6d906a	0000000000000000	bits	408edeb3de9f74c9			
rt-seed-1193	seeded	seeded-linear	-1	LINEAR	0000000000000000:40469b333faeb6f0;4023000000000000:40311d77a3a117ec;403c800000000000:4054c4440a04cb7c	403b9805c74cd1d5	bits	4053faf5a7f0ea3c			
rt-seed-1194	seeded	seeded-linear	0	LINEAR	0000000000000000:407e326ec3552ccc;402f400000000000:4047d844452ca8fa;4039200000000000:40794c921eed57e2;403ca00000000000:4088cd043835d5e9;4044c00000000000:407e7a74bbd4912f	4041f1e7b0be5330	bits	408367d211551920			
rt-seed-1195	seeded	seeded-linear	0.5	LINEAR	0000000000000000:3fda1241ad9f8d3c;402c800000000000:3fe9bc076263f020	4016a011e6186415	bits	3fe0000000000000			
rt-seed-1196	seeded	seeded-linear	0.10	LINEAR	0000000000000000:3fe2dd983e1d6382;4035600000000000:3fc3d37f224b68c8;4044200000000000:3fd57f8cec23da5c;4044a00000000000:bfe84ff00e82c19c	40281f69ad24d5b7	bits	3fd999999999999a			
rt-seed-1197	seeded	seeded-linear	0.01	LINEAR	0000000000000000:402ebad6beab23f1;4001000000000000:4059b90492585a4b;4016000000000000:4057f670f2b0be5a;403ec00000000000:4048842a64cc9704;4044200000000000:404cf5186e413233	4050d00000000000	bits	404cf5186e413233			
rt-seed-1198	seeded	seeded-linear	1E-400	LINEAR	0000000000000000:3fd4d17eebf28134;4030e00000000000:3fd5a70c0211ee38;4044100000000000:3feb18604e0d26a6	4043b85963a208f3	bits	3fea9db5ea77cf0c			
rt-seed-1199	seeded	seeded-linear	0.01	LINEAR	0000000000000000:40826ee3a7ac72c1;4032e00000000000:40824cdf2106ecc3;4045300000000000:407ef9d52050fbdb;4050f00000000000:408d7bd59dbd2874	4033415a10a190e9	bits	40824147ae147ae1			
rt-seed-1200	seeded	seeded-linear	1E+3	LINEAR	0000000000000000:40207598668bfda1;402ac00000000000:405f7a75ccff60af;4034200000000000:4045aca46f7ee66a;403ce00000000000:405e21c7851d2c0d;4044000000000000:404e78f4c23311fc	4030fac4af6a36cc	bits	408f400000000000			
rt-seed-1201	seeded	seeded-linear	0.00	LINEAR	0000000000000000:4051fd1f2a488e52;4025000000000000:4050f610841acc84;4040e00000000000:40525a8d7f185f24;404a800000000000:c040cac970676056;4052a80000000000:404b9effbe8b1edc	4046b797963fd88b	bits	4020f0098b19c350			
rt-seed-1202	seeded	seeded-linear	0.123456789012345678901	LINEAR	0000000000000000:4052b831ec9f7ebb;402b000000000000:405014c8526c8523	4049400000000000	bits	405014c8526c8523			
rt-seed-1203	seeded	seeded-linear	1	LINEAR	0000000000000000:c018493e73201e20;4024c00000000000:c041af8044123980;4037e00000000000:c03b778a942600b8;4047b00000000000:c047e744877e6702;4050d80000000000:4047111df9901f98	402e7f312b6e2c11	bits	c040800000000000			
rt-seed-1204	seeded	seeded-linear	0.10	LINEAR	0000000000000000:3fe56e7238f006d0;4034400000000000:bfe9d013ee69ee62;4035c00000000000:3fee493e492f5062	402a352887f1ea44	bits	bfb999999999999a			
rt-seed-1205	seeded	seeded-linear	-1	LINEAR	0000000000000000:3fe313a844a9962e;4032e00000000000:3fef7beb3ffa6e69;403da00000000000:3fd47170966ccebc;4043400000000000:3fc7caf424e0b674	403ffd7ebe5bb7f4	bits	3fd22a5741385d61			
rt-seed-1206	seeded	seeded-linear	0	LINEAR	0000000000000000:408763239cd00f4c;3fec000000000000:408a760463eac112;4027000000000000:408a28f59a1a33bd	40069056bacde100	bits	408a67e8571e2425			
rt-seed-1207	seeded	seeded-linear	0.123456789012345678901	LINEAR	0000000000000000:bfe43c9d84425f64;4030800000000000:3fd57c36032509a4	4054200000000000	bits	3fd57c36032509a4			
rt-seed-1208	seeded	seeded-linear	1E-7	LINEAR	0000000000000000:40876ebb5cc0947e;4008000000000000:406498dcb4dde3c0;4034800000000000:4085586533137ff5;4041900000000000:4086fa3b03d4c6ae	4043900000000000	bits	4086fa3b03d4c6ae			
rt-seed-1209	seeded	seeded-linear	0.2	LINEAR	0000000000000000:3fa98771eaac3f70;401d800000000000:3fe18ecbd81fa82e;4040100000000000:3fd7d80b0d37f326;4047e00000000000:3fe1daa9bd6ca647;4051800000000000:3fe744a7818faef8	40468a02b9629f20	bits	3fd999999999999a			
rt-seed-1210	seeded	seeded-linear	0.10	LINEAR	0000000000000000:405f91ab3e49b0e8;4031200000000000:405c2994e269d0a9;4033800000000000:405e1fef82199451;403bc00000000000:404314a7a428e0b0;4047800000000000:405967281fff2995	0000000000000000	bits	405f91ab3e49b0e8			
rt-seed-1211	seeded	seeded-linear	0.5	LINEAR	0000000000000000:400f8bcbe96c08c6;402ac00000000000:40873497ffbe525e;4039a00000000000:407b7a39420429fc;403ee00000000000:40708b99876f720e;4041700000000000:4079b741ff173e9a	4040d9a2a8293127	bits	4077000000000000			
rt-seed-1212	seeded	seeded-linear	0.5	LINEAR	0000000000000000:3feba33b92163aa6;402dc00000000000:3fe220bc039fc2dc;4044000000000000:3fccb5dcb267b2a0;404f600000000000:3fdbb5c212dbfbd0	3ff3081704bcdf13	bits	3ff0000000000000			
rt-seed-1213	seeded	seeded-linear	1	LINEAR	0000000000000000:408a715a675f411c;4021400000000000:40776c3257e25941;403a200000000000:408b2061c74161fb;4041e00000000000:408b4853c44bda47	4013d9522433c247	bits	4081f80000000000			
rt-seed-1214	seeded	seeded-linear	0.123456789012345678901	LINEAR	0000000000000000:4076e680bb60fa95;4029800000000000:408c8b6c426a4b62;4042800000000000:4062a44f00d0fecc;4048100000000000:4087429cf578acd4	3ffc6c535adc549e	bits	407ba97b3e318c03			
rt-seed-1215	seeded	seeded-linear	1E+3	LINEAR	0000000000000000:3fb73c0e43f11128;4030200000000000:3fba79baf1c27c30;4042e00000000000:3fe4ffaa70bea7cf;404c000000000000:3fe72537d271c564;4052600000000000:3fb8ebf70d0dd180	4050ea7453da69ac	bits	0000000000000000			
rt-seed-1216	seeded	seeded-linear	0.01	LINEAR	0000000000000000:4020eaccf1e73db4;4030000000000000:40467576fa04aa73;4036600000000000:4010424d4dd43411;4042b00000000000:4059ea2f551ca7c9	403cbd4163cd2c5a	bits	404728f5c28f5c29			
rt-seed-1217	seeded	seeded-linear	1E-400	LINEAR	0000000000000000:bf9aef7997dd6240;4037200000000000:bfddbce87b622a64;403d400000000000:3fde7926733f7984	3fe4e8c371abfe26	bits	bfa3cf2f4b4e4821			
rt-seed-1218	seeded	seeded-linear	1E-400	LINEAR	0000000000000000:3fdb5432edbd2928;4029800000000000:3fedd41788cc8e0b;402f800000000000:3fef574f3e3fee52;4035600000000000:3fc170aec6a42230;4045c00000000000:3feec5bbb3270965	404073dbb5335a58	bits	3fe21fddedbf94e6			
rt-seed-1219	seeded	seeded-linear	0.10	LINEAR	0000000000000000:bfe3f45787a83826;4022000000000000:bfc239e4423123e8;4038c00000000000:3fc15f9d8dee01e8;4041400000000000:3fe9a02d9dc97ebe	40411fc65e0e838c	bits	3fe6666666666666			
rt-seed-1220	seeded	seeded-linear	0.001	LINEAR	0000000000000000:3fed271ff01087a3;4015000000000000:3fef87e9ed4f183b;4029400000000000:3fc5bd9421c1e298;403b200000000000:3fd81a577ffbb88a;4046300000000000:3feb9400e07bef79	4040395c611b9a79	bits	3fe0d4fdf3b645a2			
rt-seed-1221	seeded	seeded-linear	1E+3	LINEAR	0000000000000000:3fe32790d6f72ec4;4034400000000000:3fe3cb168e74bd45	3fe5aa00d9b8b46c	bits	0000000000000000			
rt-seed-1222	seeded	seeded-linear	0.001	LINEAR	0000000000000000:4073197f3c6b2324;4030200000000000:405a1e7189427565	400715f6b70b9d42	bits	4070d9a1cac08312			
rt-seed-1223	seeded	seeded-linear	0.5	LINEAR	0000000000000000:3fea20986ecc8e82;4032400000000000:bfa87f5338be2bc0;4044f00000000000:3fe76255ee6e39d0;4050080000000000:3fe2020eec23fb24	0000000000000000	bits	3fea20986ecc8e82			
rt-seed-1224	seeded	seeded-linear	0.10	LINEAR	0000000000000000:bfe6e8c2149042e6;4032000000000000:bfdaa75eeca98c54;4033c00000000000:3fdbf38b3044b0f0	3ff1fb51b8525a87	bits	bfe6666666666666			
rt-seed-1225	seeded	seeded-linear	0.01	LINEAR	0000000000000000:3fea23437bc3087c;4003000000000000:3fd2de30f1f1eab6	0000000000000000	bits	3fea23437bc3087c			
rt-seed-1226	seeded	seeded-linear	0.5	LINEAR	0000000000000000:3fda7fc9116c6d98;4025800000000000:bfd58c87799dc138;4038c00000000000:3fc73716e765e3e8	4034fbd289f91a3b	bits	0000000000000000			
rt-seed-1227	seeded	seeded-linear	1E-400	LINEAR	0000000000000000:402cf9c8e4396be4;4039000000000000:4051e58a4549244b	404e000000000000	bits	4051e58a4549244b			
rt-seed-1228	seeded	seeded-linear	0.25	LINEAR	0000000000000000:406a2692ee2f8d38;4019000000000000:408824947d6554ff	3fe119e3c281c000	bits	4070140000000000			
rt-seed-1229	seeded	seeded-linear	1E-7	LINEAR	0000000000000000:bfe597b3222d9cae;4020400000000000:bfe99bdf241ca1c4	3ff8e12c288afcec	bits	bfe65c78dc8aaff2			
rt-seed-1230	seeded	seeded-linear	1E+3	LINEAR	0000000000000000:c055cedaa38b90f4;401d000000000000:404b50615e8f17bc;4020800000000000:c04f1b94b4b49c66	4002ac4c8dd38728	bits	c08f400000000000			
rt-seed-1231	seeded	seeded-linear	0.01	LINEAR	0000000000000000:3fec0742b6b49f3e;402e000000000000:3fe6bb36900283b5	402bc72fc5310776	bits	3fe75c28f5c28f5c			
rt-seed-1232	seeded	seeded-linear	0.01	LINEAR	0000000000000000:3fd42a13bcff0f70;4010800000000000:bfe8ff29860225d0	3ffa3addbf19ec55	bits	bfbeb851eb851eb8			
rt-seed-1233	seeded	seeded-linear	0.001	LINEAR	0000000000000000:3f921b96a0936400;402a800000000000:3fc6f9f43c30dab0;403a800000000000:3fe3827827eedab5;4040e00000000000:3fe0dfd15ce6b028;404b700000000000:3fecfbef95c852ab	4031884150b59cb1	bits	3fd45a1cac083127			
rt-seed-1234	seeded	seeded-linear	1E-400	LINEAR	0000000000000000:402445bc0e34920c;4032600000000000:404ad0fe08c83119	401d29c27f683bbd	bits	403b6507281a9a7c			
rt-seed-1235	seeded	seeded-linear	0.2	LINEAR	0000000000000000:3fe4a49189731f78;4024800000000000:3feaaf4d412648be;4041900000000000:3fd92c5ff0ae6c08	403f95a31a5d85ee	bits	3fe3333333333333			
rt-seed-1236	seeded	seeded-linear	0.10	LINEAR	0000000000000000:3fe043e86dfb9dc3;402b000000000000:3fd163bdc07e2376;4033000000000000:3fec0665da839472;4038e00000000000:3fed25fc46aeb5a8	402b05989a1944e2	bits	3fc999999999999a			
rt-seed-1237	seeded	seeded-linear	1	LINEAR	0000000000000000:bfe870d87349f81e;4034a00000000000:3fe8669981c900d6;4043400000000000:bfe6e8362c10b800;4046e00000000000:3fd4139a8b7c73d0;404ab00000000000:bfcb2bef0f345730	4017a192acbde704	bits	bff0000000000000			
rt-seed-1238	seeded	seeded-linear	5	LINEAR	0000000000000000:3fe77d63dea411b9;400a000000000000:3f77dae50bfed880	4000bf62ed501f8d	bits	4014000000000000			
rt-seed-1239	seeded	seeded-linear	1E+3	LINEAR	0000000000000000:408d50d3d1c9dfa4;401d000000000000:407cdab676a9933e	4015036ac2a80db1	bits	408f400000000000			
rt-seed-1240	seeded	seeded-linear	0.5	LINEAR	0000000000000000:404308fefb5e9955;4010000000000000:4047b56fe61a8b3d	0000000000000000	bits	404308fefb5e9955			
rt-seed-1241	seeded	seeded-linear	-1	LINEAR	0000000000000000:3fa68ebb584d9e60;4039000000000000:bfd71a8e985c1c4c;4043b00000000000:bfcc16f9b1797f88;4047d00000000000:3fe88cd4f58df346	4043b00000000000	bits	bfcc16f9b1797f88			
rt-seed-1242	seeded	seeded-linear	0.1	LINEAR	0000000000000000:bfe1c60657811a24;4033800000000000:3fd9e3e29cb37db0;4036000000000000:3fd4386f9516be94;4036800000000000:3fdfa5c37f707db4;4047200000000000:3fbd69dfbc2cca10	4012814b52cb2c3c	bits	bfd999999999999a			
rt-seed-1243	seeded	seeded-linear	1E+3	LINEAR	0000000000000000:40470df7792d8078;4010800000000000:c022783860ce4688;4037a00000000000:c051a2921b86970b;4042b00000000000:c055c404f90fca20	4037a00000000000	bits	c051a2921b86970b			
rt-seed-1244	seeded	seeded-linear	1E+3	LINEAR	0000000000000000:405d8f367e71e7b6;4034000000000000:4033e00ed0c76c33	402177d0db92d66f	bits	408f400000000000			
rt-seed-1245	seeded	seeded-linear	5	LINEAR	0000000000000000:c02f89249beb5bd0;4030a00000000000:402c45085aff0378;4037000000000000:404d1e6cfbfc3190;4040400000000000:c027c53617322768;4042600000000000:c0573a030325178e	403cd3384959a227	bits	4034000000000000			
rt-seed-1246	seeded	seeded-linear	0.123456789012345678901	LINEAR	0000000000000000:405d5509c4d19ac1;4035400000000000:40336eae12125b23	3ff371a2c42ab945	bits	405bf684b96848fb			
rt-seed-1247	seeded	seeded-linear	0.01	LINEAR	0000000000000000:3f61752ca55b3600;4033c00000000000:bfe6ec650b8fb702	4038c00000000000	bits	bfe6ec650b8fb702			
rt-seed-1248	seeded	seeded-linear	0.001	LINEAR	0000000000000000:c057cbdafe8900ac;400f000000000000:4016b385e4a2dd10	3fe3ec804f85480d	bits	c053beb851eb851f			
rt-seed-1249	seeded	seeded-linear	1E+3	LINEAR	0000000000000000:408a9282bfe4c717;4035000000000000:408aac204467f801;4038e00000000000:4069e416f748e5c9;4044600000000000:4082f6ee328455bd	0000000000000000	bits	408a9282bfe4c717			
rt-seed-1250	seeded	seeded-linear	0.1	LINEAR	0000000000000000:3fcc90396f52db78;4037c00000000000:3fe40638c33a2911;4043000000000000:3fc68c37178288ac	4037c00000000000	bits	3fe40638c33a2911			
rt-seed-1251	seeded	seeded-linear	0.123456789012345678901	LINEAR	0000000000000000:3fd9436e8ae037d8;402e400000000000:3fda93e93592f9b8;4032e00000000000:3fe3161fdebfb28f;403e200000000000:3fde7b6b6e229566;404b800000000000:3fe2c573faa21697	40422c39c7448357	bits	3fdf9add3746f65f			
rt-seed-1252	seeded	seeded-linear	0.25	LINEAR	0000000000000000:40637ba664f6d768;3fe0000000000000:407401adbfd7cc70;4016800000000000:4085a7798c10aa4b;403ee00000000000:4081fe6cd3ca481f;4041900000000000:408c4078bbb540e5	403f11c41b91af0a	bits	4082760000000000			
rt-seed-1253	seeded	seeded-linear	0.001	LINEAR	0000000000000000:407592f947cf1ed7;4037800000000000:408e93fce26166e6;4039400000000000:406f3725e5103a65;4046f00000000000:406fd86d9f864180;4051780000000000:4081809c54d2afcb	4029a3da7b23eb6b	bits	4085956c8b439581			
rt-seed-1254	seeded	seeded-linear	0.01	LINEAR	0000000000000000:3f560403e5d05200;3fe4000000000000:3fe51b7b43a86a42;4039800000000000:3fbe273e0e44b250;4040e00000000000:3fbd5a7564f7c3d8	404031bd4894b96b	bits	3fbeb851eb851eb8			
rt-seed-1255	seeded	seeded-linear	0	LINEAR	0000000000000000:4027605b92a2d05e;4022000000000000:404102c2826014fd;403c200000000000:4057eceb187ac6f7;404a400000000000:405c36811e8d33bc;4053080000000000:4050044d1b27789d	400fa3a0e02e94d4	bits	403580911d5a55a0			
rt-seed-1256	seeded	seeded-linear	0.123456789012345678901	LINEAR	0000000000000000:40577ea6a4472301;4034e00000000000:4059ccf4652530ca;4038000000000000:4039ea11be679146	402aad6b635be460	bits	4058f0328d9dfe67			
rt-seed-1257	seeded	seeded-linear	-1	LINEAR	0000000000000000:bfe97e700aaa3dd4;4038400000000000:3fa8fa66353e0180;4044800000000000:bfe0a55c38a1e6ae	40408ea5ecfd9256	bits	bfd0261a0c8dd88e			
rt-seed-1258	seeded	seeded-linear	0.2	LINEAR	0000000000000000:bfeb74b228d524fe;402d400000000000:3fe2daa86ac67f1a	3ff98184806eeb3a	bits	bfe999999999999a			
rt-seed-1259	seeded	seeded-linear	0.001	LINEAR	0000000000000000:c03b0c5e614a2384;4020800000000000:c0460d6e0731f0b0	0000000000000000	bits	c03b0c5e614a2384			
rt-seed-1260	seeded	seeded-linear	1E+3	LINEAR	0000000000000000:407ce084427b3aeb;4028c00000000000:4073783c50ad3a5f;4040b00000000000:4082ad0fb6ab0a7a	401e3603eadd6345	bits	408f400000000000			
rt-seed-1261	seeded	seeded-linear	-1	LINEAR	0000000000000000:bfc4b30087c71338;4038200000000000:bfebd9c3148adb96;4040200000000000:bfee44a8a505ff80;404cc00000000000:bfe4634f891c7ebe;4052600000000000:bfe38047d11b6576	404479e6055b0fd0	bits	bfeadced4fb0cad3			
rt-seed-1262	seeded	seeded-linear	0.00	LINEAR	0000000000000000:408791f28f73762c;4037c00000000000:405e37f733ddaaf7	402503536e26d58b	bits	407da0df0398a80f			
rt-seed-1263	seeded	seeded-linear	0.10	LINEAR	0000000000000000:bfe05a8395f786bc;4032600000000000:bfd5c4ba04af79cc;4043b00000000000:bfe0ba1538870e66;4049400000000000:3fefc82366fcc74e	4046fe0d848dad39	bits	3fd3333333333333			
rt-seed-1264	seeded	seeded-linear	0.25	LINEAR	0000000000000000:405253584f289a5a;402a800000000000:c00c54d276faedc0;403fe00000000000:403dfcdd20ad1220	4032f13a561eca03	bits	401a000000000000			
rt-seed-1265	seeded	seeded-linear	0.00	LINEAR	0000000000000000:bfd7425ea4f2ae44;4035200000000000:bfede9250e3326e4	3ffe932dd7e20bc5	bits	bfda910d702fcab9			
rt-seed-1266	seeded	seeded-linear	1	LINEAR	0000000000000000:bfcfcd37a7553ea0;4022000000000000:3fcf6b429ecd9560;4023000000000000:bfe94ea65831efe0;4024400000000000:3fe7a1d898feaf68	401c837223ec269b	bits	0000000000000000			
rt-seed-1267	seeded	seeded-linear	0.10	LINEAR	0000000000000000:40571b21de1245aa;4028800000000000:c052aefe94d02c68	401b57ebdb74c9b9	bits	bfe6666666666666			
rt-seed-1268	seeded	seeded-linear	0.001	LINEAR	0000000000000000:408d5be8685a9599;4037400000000000:407fa6a348513d5c	3feccf092e0a3052	bits	408cd5c28f5c28f6			
rt-seed-1269	seeded	seeded-linear	0.2	LINEAR	0000000000000000:3fd21bb8a14e2ee8;4023800000000000:3fe70ebd9ee5cfb3;4030600000000000:3fcf6b2213947900;4042800000000000:3fe72159a7aa5073;4048800000000000:3fe7323031cbd020	4048800000000000	bits	3fe7323031cbd020			
rt-seed-1270	seeded	seeded-linear	1E-7	LINEAR	0000000000000000:3f95083cda05d140;4007000000000000:3fb9e9c65efe1840	3ff9985924561428	bits	3fb0c03940936e06			
rt-seed-1271	seeded	seeded-linear	1E-400	LINEAR	0000000000000000:3fe0a215f13086b2;402f800000000000:3fbd629592622b80	40219c07d6563614	bits	3fd2c6b4075aea51			
rt-seed-1272	seeded	seeded-linear	1E+3	LINEAR	0000000000000000:4054788afac9a3cb;4001000000000000:40425177eeec45bd;402b000000000000:405acfe36a455c92	4039800000000000	bits	405acfe36a455c92			
rt-seed-1273	seeded	seeded-linear	1E+3	LINEAR	0000000000000000:bfe3a56337313b96;4021800000000000:bfccbc068ab6a750;403e000000000000:3fd409935fc39038;4047400000000000:bfe3f4581e41cd7a	4030594c7b8eaac9	bits	c08f400000000000			
rt-seed-1274	seeded	seeded-linear	0.00	LINEAR	0000000000000000:bfe79244856a3888;4009000000000000:bfe3baf4c3ef655a;4037a00000000000:3fe9dc8dfed07c00	403313c47f8b3f98	bits	3fdf7e9f2d1f7168			
rt-seed-1275	seeded	seeded-linear	0.001	LINEAR	0000000000000000:40560986d379caee;4033200000000000:c05271efba11f157;403ec00000000000:4037eec568864110	40262b122fb9d517	bits	c016cbc6a7ef9db2			
rt-seed-1276	seeded	seeded-linear	0.1	LINEAR	0000000000000000:3fc88fdb58b5c39c;4032600000000000:3fe30f17c656b3a1;4043b00000000000:3fdb3136bb768c60	4032600000000000	bits	3fe30f17c656b3a1			
rt-seed-1277	seeded	seeded-linear	5	LINEAR	0000000000000000:4055c1594642dc94;4014800000000000:40377c516815a6d3;4030200000000000:4054bd18287a9b31;4032000000000000:405299f51802afa1	400b2f78412de688	bits	4046800000000000			
rt-seed-1278	seeded	seeded-linear	0.1	LINEAR	0000000000000000:4063845be02c7be8;4033000000000000:407e1188ea7c7de9	4018147c137ee2c3	bits	4070300000000000			
rt-seed-1279	seeded	seeded-linear	0	LINEAR	0000000000000000:4046fe72f8519638;4007000000000000:403217d26762e63c	3fe1885eec1fac76	bits	4044560069f03692			
rt-seed-1280	seeded	seeded-linear	0.001	LINEAR	0000000000000000:3fef7cbd2475bfd6;401e000000000000:bfaa408a77d91ca0;4025800000000000:3fd99a2c1fde14f0;4041f00000000000:bfe30e5d8aebcc58;404a800000000000:bfd7bba4a4cf0014	4025800000000000	bits	3fd99a2c1fde14f0			
rt-seed-1281	seeded	seeded-linear	0.123456789012345678901	LINEAR	0000000000000000:4069969ca1f270c4;402b400000000000:4033506cf0dd51ed;4042b00000000000:407bac34b0c6a36b;4047400000000000:4072921bb3fdbf5b;4047e00000000000:407801c1b9faa853	40186db0e8ad01ce	bits	405e6e9e01b9d43b			
rt-seed-1282	seeded	seeded-linear	0.01	LINEAR	0000000000000000:408f2ec367672a29;4025400000000000:408dc2f4dc4212bd;4040900000000000:40876e9947c48d34	0000000000000000	bits	408f2ec367672a29			
rt-seed-1283	seeded	seeded-linear	1E-400	LINEAR	0000000000000000:403fe7ac36e3d3e7;4032800000000000:40533b20ab691230;4036200000000000:3fe19d13a144b1b3	0000000000000000	bits	403fe7ac36e3d3e7			
rt-seed-1284	seeded	seeded-linear	1E+3	LINEAR	0000000000000000:404601dcd989af30;401c800000000000:4043dbc8d3ec0711;4023800000000000:404f125927b52224;403c800000000000:404b7621a04c248c	403713d0dd0d4562	bits	408f400000000000			
rt-seed-1285	seeded	seeded-linear	0.01	LINEAR	0000000000000000:40891eb7e6db92a4;4024800000000000:4065de1ac58c918a;4040c00000000000:4086dcf8664f2390;404c500000000000:4066afd17aae9cf7;4051500000000000:408e0ead45a9ec52	40467bb14007200f	bits	407cad999999999a			
rt-seed-1286	seeded	seeded-linear	1E-7	LINEAR	0000000000000000:3fb0eebc1ab16c50;4034400000000000:3f93bdc288215460;4038c00000000000:3fead4ea639f73d6;4045b00000000000:3fd3682c578e8ac2	403fe3fc95e8a826	bits	3fe443d50c366f28			
rt-seed-1287	seeded	seeded-linear	0.01	LINEAR	0000000000000000:3fc57a95e3ca54c8;4036800000000000:bfc75229edcb7088;403ae00000000000:bf9cf5f8dcdc1dc0	4056b80000000000	bits	bf9cf5f8dcdc1dc0			
rt-seed-1288	seeded	seeded-linear	0.1	LINEAR	0000000000000000:bfe31fa6b2217950;4013800000000000:3fec2d9f338d4c52;403d800000000000:3fc3b449df703db0;4044700000000000:3fc0d6582cc42850;404a900000000000:3fb3865a11f1a720	40423159e232b862	bits	3fc999999999999a			
rt-seed-1289	seeded	seeded-linear	1	LINEAR	0000000000000000:4086935c9e5943be;4038a00000000000:4068c5ae81daa24f;403e600000000000:408a34b954f181ef	403d032723308427	bits	4085700000000000			
rt-seed-1290	seeded	seeded-linear	0.1	LINEAR	0000000000000000:3fdd85106653b21c;4034c00000000000:3fe7f5821cf5b47a	402dc74f88bc9b56	bits	3fe3333333333333			
rt-seed-1291	seeded	seeded-linear	5	LINEAR	0000000000000000:40834dea9e984d7c;3ff2000000000000:4089dfa049c7820b	0000000000000000	bits	40834dea9e984d7c			
rt-seed-1292	seeded	seeded-linear	-1	LINEAR	0000000000000000:c053c08e4af34f4b;4035800000000000:c04ac1e2806e8996;4046a00000000000:402f657a291bffe8;404d600000000000:405700d00cee641e;4054400000000000:402eda946aec3de0	403606e85949a7d9	bits	c049fd4f19567b8c			
rt-seed-1293	seeded	seeded-linear	0.10	LINEAR	0000000000000000:4084c41738a9d08d;401c800000000000:407a9ffb43f9983b;4030e00000000000:408bf63d7d273fe0;4043900000000000:4087873a5d1ee2f4;4044200000000000:40889b0c88ecd8b7	403b24f7a903ed9c	bits	4089ea6666666666			
rt-seed-1294	seeded	seeded-linear	0.123456789012345678901	LINEAR	0000000000000000:3f84ac36e43d5840;4034200000000000:3fe83fab315878d1;403e200000000000:3fe568a0644ffdfe;404ba00000000000:3fe23bb42309fe94	4043ce37022d7e00	bits	3fe7b425e97538c7			
rt-seed-1295	seeded	seeded-linear	1E+3	LINEAR	0000000000000000:4056b75f071eab32;402a800000000000:4036b54b75085fb0	40212b54ad196619	bits	408f400000000000			
rt-seed-1296	seeded	seeded-linear	1E-7	LINEAR	0000000000000000:4042e5c717c3778c;4031400000000000:4016a8a28b2c2171;4040a00000000000:40418deab5479f65;4049100000000000:4033bc862ad06f4d	401af8bbb5d0d722	bits	40393c4e46b4f037			
rt-seed-1297	seeded	seeded-linear	0	LINEAR	0000000000000000:4087dc7046d65864;4023800000000000:406aa618a0f11bad;4037200000000000:408ab3d82f3bd28d	403236b6a86e5725	bits	4083580011470f3e			
rt-seed-1298	seeded	seeded-linear	0.10	LINEAR	0000000000000000:3fe96c454fb64f01;4028800000000000:3feff3d8ba9c5005;403ec00000000000:3fdef384bddec49e	4035eeb0ee2b6dbf	bits	3fe999999999999a			
rt-seed-1299	seeded	seeded-linear	0.00	LINEAR	0000000000000000:3fec97dc74999224;4035200000000000:3fde5f397b8428f0;4042800000000000:3fee860098bd9b92	403153e2d919d7dc	bits	3fe198934f51a8ed			
rt-seed-1300	seeded	seeded-linear	0.123456789012345678901	LINEAR	0000000000000000:3fe345cc2e203f6a;4028800000000000:3fe81e9d8feac3aa;4040c00000000000:3fec97d43ca82723;4041400000000000:3fe9eb8eeff78817	402d22ec1a0570e4	bits	3fe7b425e97538c7			
rt-seed-1301	seeded	seeded-linear	0.00	LINEAR	0000000000000000:c020c40d6e628490;402c400000000000:c000bb0c61a384e0;4040200000000000:40565439d166885c;4042e00000000000:403dbf23d538b640	4042205a02acd374	bits	4046fb4668d53ebb			
rt-seed-1302	seeded	seeded-linear	0.10	LINEAR	0000000000000000:3fd8e2aa792b9344;4035200000000000:3feb1ee25c18b07a	402791409525d1d4	bits	3fe3333333333333			
rt-seed-1303	seeded	seeded-linear	0.01	LINEAR	0000000000000000:404670aeed4bc86a;3ffa000000000000:405d569fa17adb95;4008000000000000:40428c98afce9948;4033a00000000000:405c971128acdae8	4049d00000000000	bits	405c971128acdae8			
rt-seed-1304	seeded	seeded-linear	0.01	LINEAR	0000000000000000:bfd284589015f600;402e400000000000:3fd0873034288520;4038400000000000:bfedfd6ce2003e44;4047d00000000000:bfe6932c3b27f20e	403dfdd299f1e895	bits	bfec7ae147ae147b			
rt-seed-1305	seeded	seeded-linear	0.5	LINEAR	0000000000000000:3fe17dd70465ce2b;4020800000000000:3fd1f41a04701216;4038a00000000000:3fe260c09554f4e1;4045700000000000:3fcf761fcb825db4	4045700000000000	bits	3fcf761fcb825db4			
rt-seed-1306	seeded	seeded-linear	0.00	LINEAR	0000000000000000:bfdc9ed1bd3b5a98;4035600000000000:3fdc98db43a2f320	4045300000000000	bits	3fdc98db43a2f320			
rt-seed-1307	seeded	seeded-linear	0.01	LINEAR	0000000000000000:3fe39d3e72e294c6;4032a00000000000:3fdcbb936e1a3490;4045d00000000000:3fdd1b8869257f84;404e900000000000:3f8af11fbf4cb900;4051900000000000:3fd5dae5e20cb7be	0000000000000000	bits	3fe39d3e72e294c6			
rt-seed-1308	seeded	seeded-linear	0.2	LINEAR	0000000000000000:403eca5ee6fc1ec2;4006000000000000:4058a16856344375;4034800000000000:4049dd4d4ac84100	0000000000000000	bits	403eca5ee6fc1ec2			
rt-seed-1309	seeded	seeded-linear	0.2	LINEAR	0000000000000000:3feb2f014267c142;4029800000000000:3fc7496cbcd84d1c;4041700000000000:3f81d2aeb91e2a80;4043200000000000:3fe1fb6ffdbfe9a4	4016461879c61076	bits	3fe3333333333333			
rt-seed-1310	seeded	seeded-linear	0.2	LINEAR	0000000000000000:401ced516ecb0140;4032400000000000:c04cc28c2c98f3ba;403e600000000000:40375623dc67f118;4043000000000000:4058d1169526175e	4036dce9240750a4	bits	c03acccccccccccd			
rt-seed-1311	seeded	seeded-linear	1E+3	LINEAR	0000000000000000:408a8a7b63685c5c;402ac00000000000:408e7c23925c8ffc	4025d3c5f8d6db02	bits	0000000000000000			
rt-seed-1312	seeded	seeded-linear	1E-400	LINEAR	0000000000000000:408857c704fd2ae8;4032e00000000000:4051425f4f9246c2;4041800000000000:4087dcec7bfd1809;4048e00000000000:408e43f6dc0e14c9;404ce00000000000:408035751d651622	404ae6ba9c880bfa	bits	4087251071769ae8			
rt-seed-1313	seeded	seeded-linear	0.10	LINEAR	0000000000000000:c050fe8855c25968;4035400000000000:c04af6a9fb2b50d3;4036c00000000000:4012410f8fd08960;4043b00000000000:3ff15bd050a83c40;404c300000000000:c04c0559711594ea	0000000000000000	bits	c050fe8855c25968			
rt-seed-1314	seeded	seeded-linear	0.00	LINEAR	0000000000000000:405a5e22784646bf;402c800000000000:40564b6ad6b1d7b2	4050100000000000	bits	40564b6ad6b1d7b2			
rt-seed-1315	seeded	seeded-linear	1E-7	LINEAR	0000000000000000:bfe107076f387420;400d000000000000:3fda0dc9803571fc;4031a00000000000:3fbd6655f5467570;4045200000000000:3fe1f6e02b19d906;404cf00000000000:3fd87a62bfd4d648	404acad1348d778c	bits	3fdb9f5092bf8ac5			
rt-seed-1316	seeded	seeded-linear	1E-400	LINEAR	0000000000000000:3f659562336d7400;402f800000000000:bfc637860a6a20b0;403be00000000000:3fe6c3914076c236;403cc00000000000:3fe0cf46df4c28f6	4037bde7b5ecd83b	bits	3fda38bc374310c4			
rt-seed-1317	seeded	seeded-linear	0.5	LINEAR	0000000000000000:c036ffb2112971bc;4037e00000000000:c0586b5110ef7c1b	402ce8c85dfebbbb	bits	c050e00000000000			
rt-seed-1318	seeded	seeded-linear	0.5	LINEAR	0000000000000000:bfe5bef354c0d2a0;401e800000000000:bfdbc2494e67dafc;403f400000000000:3fe541c7e613a0da	0000000000000000	bits	bfe5bef354c0d2a0			
rt-seed-1319	seeded	seeded-linear	1E-7	LINEAR	0000000000000000:4051b933d0107db0;4027800000000000:405c976d2f345647;403fc00000000000:405e8f37cc0d7ed5	4022a6905bcdb0e6	bits	405a594c70f1daa3			
rt-seed-1320	seeded	seeded-linear	0.01	LINEAR	0000000000000000:405b921fce9a0852;3ff2000000000000:4054dcdeb9ae346f	3fe8b6f1df0cb7e2	bits	4056f7ae147ae148			
rt-seed-1321	seeded	seeded-linear	1E-7	LINEAR	0000000000000000:3fc95374868570a8;4032200000000000:bfd30d323dbd0b20;4036000000000000:bfdb8ab412210f08;4038400000000000:3fd014396020bbe0;4041c00000000000:3fde19d00c42f500	402ca0aa22c73c24	bits	bfc8c4014c305a3b			
rt-seed-1322	seeded	seeded-linear	0.001	LINEAR	0000000000000000:c0519c10d61927cb;4018000000000000:c0334ae0eb820598	4018000000000000	bits	c0334ae0eb820598			
rt-seed-1323	seeded	seeded-linear	0.25	LINEAR	0000000000000000:408807abeddcd55c;4030000000000000:408d0d0a3311251f;403bc00000000000:408b1a4ec2ad3a1d;4042d00000000000:4065a530c05b390f	4030000000000000	bits	408d0d0a3311251f			
rt-seed-1324	seeded	seeded-linear	1E+3	LINEAR	0000000000000000:3fd60839e97916a4;4033000000000000:3fc7ccfcf2460a4c;4036200000000000:3fd0c2dbaecebfde;403ca00000000000:3fed9c7b1f056f43;4041200000000000:3faaab1dc051c790	0000000000000000	bits	3fd60839e97916a4			
rt-seed-1325	seeded	seeded-linear	0.10	LINEAR	0000000000000000:3fd075528663960c;402b000000000000:3fca70031d42e180;4038400000000000:bfde44fa4a14cddc	0000000000000000	bits	3fd075528663960c			
rt-seed-1326	seeded	seeded-linear	1E-400	LINEAR	0000000000000000:405405ba64eed1e8;4035400000000000:40580f714824fed2;403d600000000000:4020dbdef2a82b78	4024db7666164657	bits	405601087ecb70eb			
rt-seed-1327	seeded	seeded-linear	0	LINEAR	0000000000000000:402598ec2214afb1;400f000000000000:4043f41411ca9606;4022400000000000:408a8bd03bb81170;4029c00000000000:407b2ab8a03997ff;4031a00000000000:4085346d4b7780c3	40242e69c9d9c2fe	bits	40873549f79f64d4			
rt-seed-1328	seeded	seeded-linear	1E-7	LINEAR	0000000000000000:3fd84889c1cb2c68;400a000000000000:3fe5e68366ff2c2c;4032600000000000:3fd83cdccb71683c	400a000000000000	bits	3fe5e68366ff2c2c			
rt-seed-1329	seeded	seeded-linear	0	LINEAR	0000000000000000:3fedf5cbc0addf1e;4025400000000000:3fd45c142bade6dc;403a800000000000:3fdc0713e1dff6dc;4044600000000000:3fef0941fca4615e;4046b00000000000:3fe23f9e64177389	4039e2ff06f8506e	bits	3fdbbb3dd13a0544			
rt-seed-1330	seeded	seeded-linear	0.2	LINEAR	0000000000000000:bfee8adca37f56ec;400f000000000000:bfedce7197e772ac	400b8fd0a46ef486	bits	bff0000000000000			
rt-seed-1331	seeded	seeded-linear	0.1	LINEAR	0000000000000000:404657e2c06b77d0;4030800000000000:c05838ddfb8a8bf6	4023b1721564c3ec	bits	c043e66666666666			
rt-seed-1332	seeded	seeded-linear	0.10	LINEAR	0000000000000000:c0528a5346a284af;401d800000000000:40509c40827d7f78	3ff1fd9bac1f95c0	bits	c04a59999999999a			
rt-seed-1333	seeded	seeded-linear	0.10	LINEAR	0000000000000000:403df7881d274d6f;4022800000000000:40151e19b4a69a8b;4033000000000000:4043e38b8f06be82;4041e00000000000:405019b57ad1d87b	4051700000000000	bits	405019b57ad1d87b			
rt-seed-1334	seeded	seeded-linear	0.01	LINEAR	0000000000000000:4069d0871466111d;4012000000000000:4081cc8ddb33f357;4033c00000000000:408b8f2933af129a;403e600000000000:4079438b6e0e531c	0000000000000000	bits	4069d0871466111d			
rt-seed-1335	seeded	seeded-linear	0.1	LINEAR	0000000000000000:4053b4848ff649b4;400b000000000000:c03b0676489c78ec;4028800000000000:c0222ea3783fc0d0;402e000000000000:40456e173cf1c750;4038e00000000000:4056f056daed2de0	4053780000000000	bits	4056f056daed2de0			
rt-seed-1336	seeded	seeded-linear	0.001	LINEAR	0000000000000000:40597e1ec4e65da5;4032200000000000:4045c695db27a960;4043300000000000:403b678ae460feb8;4045600000000000:404691294102f65e	40327189f3a59609	bits	4045a624dd2f1aa0			
rt-seed-1337	seeded	seeded-linear	0.001	LINEAR	0000000000000000:405a201ccec24197;402b000000000000:405e3c2d3a40ef05;403cc00000000000:405796f11d593675;4047000000000000:405cd0da672aefff;4051400000000000:4042f9ae2b2b10e4	402d5f6b0404e41d	bits	405db7df3b645a1d			
rt-seed-1338	seeded	seeded-linear	-1	LINEAR	0000000000000000:408e0885b4ed88a9;4030600000000000:407cc4262eb2fa91;403f800000000000:408b948f0202ad51;4049600000000000:4087f3233bd2e426	401ac8312ebeb84e	bits	4087a25809e13908			
rt-seed-1339	seeded	seeded-linear	1	LINEAR	0000000000000000:4086f9f744db107a;4021c00000000000:408492afe64ef58e;4038c00000000000:4063ef8badec7df8;4046a00000000000:4072251c1dbe6f85	4015667a8385446e	bits	4085880000000000			
rt-seed-1340	seeded	seeded-linear	0.001	LINEAR	0000000000000000:408cb81337808eab;4028800000000000:407216065199a1e4;4038800000000000:408c9fb26ff168f9	0000000000000000	bits	408cb81337808eab			
rt-seed-1341	seeded	seeded-linear	1E-400	LINEAR	0000000000000000:4056e3a55c2afd61;4036800000000000:403bc7abb5a10006	3ff43e2bff0eb61c	bits	4055fe21336d15ae			
rt-seed-1342	seeded	seeded-linear	-1	LINEAR	0000000000000000:40397ebe8dfea8ab;4023400000000000:4059c58e4c544866;4032a00000000000:402e0b4d7de9ab68;4045300000000000:404b32f92481818b;404d600000000000:404ba51284761f0e	40270eb41a7bf874	bits	40551d600c849e2f			
rt-seed-1343	seeded	seeded-linear	-1	LINEAR	0000000000000000:404abdebb4a678b0;4034200000000000:404e5acde5e47240;4041300000000000:c052c57960f65b7f;4046b00000000000:4055ad93dac552b8	404173b0951b2016	bits	c050d3a75b545732			
rt-seed-1344	seeded	seeded-linear	0.001	LINEAR	0000000000000000:3feb8ffec38a72a8;4030e00000000000:bfa2b17edc52d320;4035800000000000:bf991c51670a6f80	40254fc7102b298c	bits	3fd2e147ae147ae1			
rt-seed-1345	seeded	seeded-linear	0.00	LINEAR	0000000000000000:3fd942f14ac4c358;4019000000000000:bfc469cdb7d024b8	40155239404516b0	bits	bfb3f31e30f639b8			
rt-seed-1346	seeded	seeded-linear	0.5	LINEAR	0000000000000000:40750560080b4ea0;4039600000000000:4079ed7da2efcbb9;4041f00000000000:406495064e3b82a6	4041f00000000000	bits	406495064e3b82a6			
rt-seed-1347	seeded	seeded-linear	0.10	LINEAR	0000000000000000:40824f5fd62faa81;4021c00000000000:4068f85db928e1a7	401fb34d561fec15	bits	406e233333333333			
rt-seed-1348	seeded	seeded-linear	0.001	LINEAR	0000000000000000:3feb94a35a550137;4023800000000000:3fd33c247293ffd8;4033400000000000:3fd5271ba89f1baa;4038200000000000:3fe2d099e9067570;403ee00000000000:3fd3078c8fda039a	3ff4ab08de641b61	bits	3fe9374bc6a7ef9e			
rt-seed-1349	seeded	seeded-linear	1E-7	LINEAR	0000000000000000:bfd8762f0d4deefc;4033c00000000000:3fd956cdafb85df4	401b230b8533ae96	bits	bfbd6b60a12a8793			
rt-seed-1350	seeded	seeded-linear	0.2	LINEAR	0000000000000000:3fd98a0d70b4a160;402e000000000000:3feac38793e7303a;4035400000000000:3fef18c1f1871801;403c200000000000:3fde8a00fc224808;4042c00000000000:3fd9ad9ee2ba478e	4024ebef4fba35ef	bits	3fe3333333333333			
rt-seed-1351	seeded	seeded-linear	-1	LINEAR	0000000000000000:40868056ef65be78;401a800000000000:408ef9ff075c5779;403f000000000000:408a739600f58683;404bd00000000000:407469c34f5653f5;4050f80000000000:408e2a401a244da0	404eec42bf07b487	bits	4084578490a436bc			
rt-seed-1352	seeded	seeded-linear	0	LINEAR	0000000000000000:408c826b6af44eb6;4020000000000000:4084c286353ded90;4038a00000000000:4083b12fee842b19;4041a00000000000:406507cdc185c1a2;404d400000000000:4050a21a4216101e	4043aad24f9cc44e	bits	4062cc02dc9533b8			
rt-seed-1353	seeded	seeded-linear	1E-400	LINEAR	0000000000000000:c043f8174c463636;4018000000000000:c0420ccdb9c489ae	4048000000000000	bits	c0420ccdb9c489ae			
rt-seed-1354	seeded	seeded-linear	0.001	LINEAR	0000000000000000:40345006541e80c3;402d800000000000:4046eb2b57092a8d	0000000000000000	bits	40345006541e80c3			
rt-seed-1355	seeded	seeded-linear	1E+3	LINEAR	0000000000000000:3f85e003fb683f80;4027c00000000000:3feaead662a4e3b4;4039800000000000:3fc5779958edad70	4031f5698b10929e	bits	0000000000000000			
rt-seed-1356	seeded	seeded-linear	0.5	LINEAR	0000000000000000:4057be426e7e7358;400a000000000000:4047552d9b5c58f8	40082025b183fbeb	bits	4049400000000000			
rt-seed-1357	seeded	seeded-linear	0.1	LINEAR	0000000000000000:c04c5a2d0476a6a1;4030600000000000:c0540ba3d7e47208;4044500000000000:c010bbb3cf4e6f30;4048e00000000000:4020db247b7af5b0;4052280000000000:c04c2133b648b5f1	40382919c1e25fd5	bits	c04be66666666666			
rt-seed-1358	seeded	seeded-linear	1	LINEAR	0000000000000000:4052cde2c222f6a5;401f800000000000:405bfb7ddc68f586;403ee00000000000:4053c0840eefdf90	0000000000000000	bits	4052cde2c222f6a5			
rt-seed-1359	seeded	seeded-linear	1E-7	LINEAR	0000000000000000:405a4073f78ae382;4033c00000000000:4047c87c7ecfb90f;4035400000000000:405e73170a84f56f;403cc00000000000:40528e5676c21ba7;4048700000000000:403cd42baade22cb	4044b8106217e0e3	bits	4046cd553e1ff640			
rt-seed-1360	seeded	seeded-linear	0.1	LINEAR	0000000000000000:4064b738d5ca2ca6;4028c00000000000:406d96eadb36bb99	4022e43b162d019d	bits	406b7ccccccccccd			
rt-seed-1361	seeded	seeded-linear	0.5	LINEAR	0000000000000000:4010a488b621467f;4025c00000000000:4053fcc95923c53e;402d800000000000:4054a1b0f7c83610	402588549413d13d	bits	4053c00000000000			
rt-seed-1362	seeded	seeded-linear	1E-400	LINEAR	0000000000000000:4053c9c2c507e710;4020800000000000:408df941a4b1f289	3fed7068dd0bde3e	bits	406629113992a056			
rt-seed-1363	seeded	seeded-linear	0.00	LINEAR	0000000000000000:c0496c17ce6404fc;4013800000000000:404d3250dbb20114;4033200000000000:4035fcf496ebcb98;4038400000000000:4047a97b580b1c10	4055d00000000000	bits	4047a97b580b1c10			
rt-seed-1364	seeded	seeded-linear	0.00	LINEAR	0000000000000000:40502c2a610b3b04;4035000000000000:403c1d353025023f;4039200000000000:4054fa7f08e28331;4048800000000000:4058800c7b7dd020;404cd00000000000:40319e34601a4249	40295728a4e3daf0	bits	40454fa325a10dc8			
rt-seed-1365	seeded	seeded-linear	1E+3	LINEAR	0000000000000000:3fe9a294e34eecee;4001000000000000:3fd4f9f91635a278	3fecf6cc0c39816a	bits	0000000000000000			
rt-seed-1366	seeded	seeded-linear	1E-400	LINEAR	0000000000000000:c04e54a4d82c7ac3;402d400000000000:4044c60106db581c	402462a024c57460	bits	402524478d17c804			
rt-seed-1367	seeded	seeded-linear	1E+3	LINEAR	0000000000000000:405e03d94877aa0a;4020c00000000000:405f2f57b89da279	401c9391574a65b1	bits	0000000000000000			
rt-seed-1368	seeded	seeded-linear	0.5	LINEAR	0000000000000000:405a42190d6669da;4031800000000000:408d7f04a0cc06dc;403fa00000000000:40899321d4d44ac8;4048d00000000000:408c9d02b5a6c31a	4015e0bf8b3a791d	bits	4076f00000000000			
rt-seed-1369	seeded	seeded-linear	0.10	LINEAR	0000000000000000:4058ddd4a70e8386;402fc00000000000:4046ba48c14c382d;4033800000000000:402f05f7ebd4bdcc	4033800000000000	bits	402f05f7ebd4bdcc			
rt-seed-1370	seeded	seeded-linear	0.1	LINEAR	0000000000000000:405a56e0c586ebd3;4033e00000000000:40496ca9271b94f3;4045800000000000:4052e7fbf2b71d27;404d900000000000:404aef7c9988d691;4051e00000000000:405e574abfc379be	405148f710a7fe6e	bits	405b19999999999a			
rt-seed-1371	seeded	seeded-linear	0.1	LINEAR	0000000000000000:c011089f6e9fe430;4027000000000000:c042fc4804aa7d32;4036a00000000000:c040ab5c4ff2ac18	40352c595ab0a3ed	bits	c041000000000000			
rt-seed-1372	seeded	seeded-linear	-1	LINEAR	0000000000000000:3fe4d97f098235ae;4011800000000000:3fd8dd3aa0a6327e;401f000000000000:3fc071c43936c43c;4034000000000000:3fe6c9d63c9f9e43;4041900000000000:3fd16d9b14892f92	403f788f36745554	bits	3fd83a8700f1eada			
rt-seed-1373	seeded	seeded-linear	0.5	LINEAR	0000000000000000:3fe79ab2b648f746;4035400000000000:3fad40d9f9bd6060;4038e00000000000:3fcd2c51d4050cd0	40256a37060a9a43	bits	3fe0000000000000			
rt-seed-1374	seeded	seeded-linear	1E-7	LINEAR	0000000000000000:c057f9c27c8dc669;402fc00000000000:403df638345026c8;4043300000000000:403c15d7237c5330;404e100000000000:c0497596eba028c9;4050f80000000000:c04b72ec3a37e650	0000000000000000	bits	c057f9c27c8dc669			
rt-seed-1375	seeded	seeded-linear	-1	LINEAR	0000000000000000:3feae0ac461a0a66;4030e00000000000:bfd48262a99a35d8;4044f00000000000:bfeb95af82cdf5bc	0000000000000000	bits	3feae0ac461a0a66			
rt-seed-1376	seeded	seeded-linear	0.25	LINEAR	0000000000000000:4085d8de63533c51;4038c00000000000:4083ff58c05e2832;4047600000000000:4059f2313363b330;4051c80000000000:4065e61fb3a7767a	403a8542e917a6b6	bits	4082a80000000000			
rt-seed-1377	seeded	seeded-linear	5	LINEAR	0000000000000000:c057c8687d260260;3ff4000000000000:404afe464d0d3c7c;4031400000000000:c03339f901df4ddc	402bf5ea674532a5	bits	0000000000000000			
rt-seed-1378	seeded	seeded-linear	0.25	LINEAR	0000000000000000:4054c57c25e9d628;4035a00000000000:4045d43c691e93bb;4041400000000000:4040fac11aa657eb;404c200000000000:40505b8ed33efd38;4053280000000000:404aa2f9538ca634	404d8b7b653224d9	bits	404fe00000000000			
rt-seed-1379	seeded	seeded-linear	0.2	LINEAR	0000000000000000:4025b9dbc53bad8b;4037e00000000000:405bef01bb946f84;4045000000000000:40234c0de08d66f4	403f6d6008ccf613	bits	40514ccccccccccd			
rt-seed-1380	seeded	seeded-linear	0.123456789012345678901	LINEAR	0000000000000000:bfa50693ceed8d80;402ac00000000000:bfe513c9701add04;403ec00000000000:3fdc5573f9d3f2a4;4045600000000000:3fdf5a0fcfae50c8	40421830eb6f8c91	bits	3fd7b425e97538c7			
rt-seed-1381	seeded	seeded-linear	0.10	LINEAR	0000000000000000:bfeb55cbcc27bbae;402d000000000000:bfdd66281abe1338;403e000000000000:bfd103c56e159f3c;4043900000000000:bfc4e4f23f73ea38;4045500000000000:3fc4f80469e8f500	403e000000000000	bits	bfd103c56e159f3c			
rt-seed-1382	seeded	seeded-linear	1	LINEAR	0000000000000000:4062ca2c89b0170a;4020c00000000000:40862397365a3e5a	4017ba8fcf4ad0fe	bits	4081080000000000			
rt-seed-1383	seeded	seeded-linear	0.1	LINEAR	0000000000000000:400a78d6a5b939e9;4015800000000000:405ed02792515a5c;403d600000000000:403b27368fef0a98;4042800000000000:4021107a79fc9567;404b900000000000:401188a95a7fca33	402f7aa139e5100d	bits	4054733333333333			
rt-seed-1384	seeded	seeded-linear	0.123456789012345678901	LINEAR	0000000000000000:40464ec0b231ca0d;4038600000000000:404a124f86095c89;4046b00000000000:405bbc2643f2b9be	4031667c62bb6ae7	bits	4048f0328d9dfe67			
rt-seed-1385	seeded	seeded-linear	0.001	LINEAR	0000000000000000:4077782d4614efa9;4024000000000000:4078c317bf504e68;403b000000000000:408334d4771cc859	402f7501fe10faf8	bits	407d5ca7ef9db22d			
rt-seed-1386	seeded	seeded-linear	0.5	LINEAR	0000000000000000:bfdf59fa765ba8e4;4003000000000000:3fe193698132370e;4033800000000000:3fd7bcdd98dcc574;403a800000000000:bfd65f449fa484d4;403c600000000000:bfad96dfe4292080	0000000000000000	bits	bfdf59fa765ba8e4			
rt-seed-1387	seeded	seeded-linear	0	LINEAR	0000000000000000:40791e560e01ef3d;401b000000000000:408ed94e8c967ca3;4034e00000000000:407eee83e73491a5;4044000000000000:4088f86ce8671f9e	402500bd43011c52	bits	408ac3678b4369a5			
rt-seed-1388	seeded	seeded-linear	1E-400	LINEAR	0000000000000000:c058010a4a584fe9;4024000000000000:c050664a32c990c0;4025000000000000:c03e4dfc57de16c0;4036200000000000:404763fa996f6ad4	402f5159b474a575	bits	400f3b9a6fc9bad0			
rt-seed-1389	seeded	seeded-linear	1E-7	LINEAR	0000000000000000:3fe6b357d1c2860b;4017000000000000:3fe79b4bb23820f3	40109606c446101e	bits	3fe75a9c6378755d			
rt-seed-1390	seeded	seeded-linear	0.10	LINEAR	0000000000000000:c026e27796989990;4038e00000000000:c0488b85cf99010e;403de00000000000:c05092de256784b9;4041a00000000000:c042c1c45e2fafa2;404c300000000000:402d775bebfa1fd8	4048060f1c4f8ca1	bits	c017333333333333			
rt-seed-1391	seeded	seeded-linear	0.001	LINEAR	0000000000000000:3fdcbb48277531d4;4031400000000000:3fe3418816e6550f;4044700000000000:3fd556ec4423ffc4;404c000000000000:3fe81ebb00e4ce7d;404d800000000000:3fbc2648ab4f7068	4054c00000000000	bits	3fbc2648ab4f7068			
rt-seed-1392	seeded	seeded-linear	5	LINEAR	0000000000000000:3fcca7e916f1fae4;4035800000000000:3fa3f4f654f41610;4036200000000000:3fd7fc45d02ebc16;4040400000000000:3fd53bf95a160c66	403d92ff0e8d5c99	bits	4014000000000000			
rt-seed-1393	seeded	seeded-linear	0	LINEAR	0000000000000000:3fd6e2d4c6fc4170;4030800000000000:3fea380d87a31d94;403c800000000000:bfd4d665f2c283ec;404aa00000000000:3fc9085357562970;404df00000000000:bfb83f3ffb8b5e70	4030509166d99c84	bits	3fea0d93b3f5d6f8			
rt-seed-1394	seeded	seeded-linear	1E-7	LINEAR	0000000000000000:3fe1a70762ddf588;4031c00000000000:3fe46714b4b878be;4041600000000000:3fea338d41a8b721;4048700000000000:3fe9725706699061	40188e317582eb9a	bits	3fe29a86940357a3			
rt-seed-1395	seeded	seeded-linear	1E-7	LINEAR	0000000000000000:3fea33d9d7c1e594;401c800000000000:3fd0522d0aed83ac;4033200000000000:bfcb97ceb1c07118;4039c00000000000:bfee61e34f789ecc;4046000000000000:3fe1188468aa02ce	0000000000000000	bits	3fea33d9d7c1e594			
rt-seed-1396	seeded	seeded-linear	0.5	LINEAR	0000000000000000:4082509821a6af04;401b000000000000:407ba6b985e9525a;403a800000000000:407d1a27d13f9054;4041e00000000000:407bc55c3775c2ef	0000000000000000	bits	4082509821a6af04			
rt-seed-1397	seeded	seeded-linear	0.10	LINEAR	0000000000000000:bfbd501b0ee7c810;4026000000000000:bfda5a5c12713910	4013ffed3ce004c1	bits	bfb999999999999a			
rt-seed-1398	seeded	seeded-linear	1E-400	LINEAR	0000000000000000:3fd7ac9d4f9ad7c2;4011000000000000:3fa91fc091422770	4008c928f4617bd0	bits	3fc1691b8955d4c6			
rt-seed-1399	seeded	seeded-linear	0.2	LINEAR	0000000000000000:408257ea5ca77218;4022c00000000000:4080cd1218cd4e49;4034e00000000000:40509a932a5dde21	400c99be007f29bc	bits	4081c1999999999a			
rt-seed-1400	seeded	seeded-linear	1E+3	LINEAR	0000000000000000:405c2510b1046256;3ff8000000000000:404dbda648658a7c	3feb3783821c3d44	bits	408f400000000000			
rt-seed-1401	seeded	seeded-linear	0.10	LINEAR	0000000000000000:40519a1f5af470f7;4032000000000000:4056b9c9f9b87d83;4034800000000000:4032aba2a7890e73	401618b6cde5187f	bits	4053266666666666			
rt-seed-1402	seeded	seeded-linear	0.001	LINEAR	0000000000000000:3fdc0a48307326fe;401a000000000000:3fe14b5952c12ffb;403e800000000000:3fea7ac2b7927c2b;404be00000000000:3fd8114f44e0ac32	401a000000000000	bits	3fe14b5952c12ffb			
rt-seed-1403	seeded	seeded-linear	0.001	LINEAR	0000000000000000:c052bc416fe92852;401e000000000000:4053072960053db6	4016b57f63527fe7	bits	4043b33333333333			
rt-seed-1404	seeded	seeded-linear	-1	LINEAR	0000000000000000:3fb2a684e7492e78;4030c00000000000:3fc531bf73d12108;4043000000000000:3fe0c2972a36cb75;404b000000000000:3fdbc17290525de6;4051480000000000:3fc0faa55001cb44	405d480000000000	bits	3fc0faa55001cb44			
rt-seed-1405	seeded	seeded-linear	0.123456789012345678901	LINEAR	0000000000000000:4086341f53d986b0;401a000000000000:40795aebfd205598;4033800000000000:408edf42c442e240;4043200000000000:408df247a59cbf76	4033ded8057ca964	bits	408edb425a27d829			
rt-seed-1406	seeded	seeded-linear	0.1	LINEAR	0000000000000000:40528522b698f43d;4014800000000000:4040f727e5852b41;4017000000000000:4057b14949270086;4031c00000000000:405154645218524b;4033c00000000000:40517e791a32be81	0000000000000000	bits	40528522b698f43d			
rt-seed-1407	seeded	seeded-linear	1E-7	LINEAR	0000000000000000:3fc393853cf35ec8;400c000000000000:3fe7694934eafe29	40033cd6c94cf315	bits	3fe19dd16c6ebe24			
rt-seed-1408	seeded	seeded-linear	0.25	LINEAR	0000000000000000:4032da22d4c1a668;402f800000000000:40470ee6a2ee1890;4041300000000000:c055160eb6c6fd0e;4041c00000000000:c0243f09e42c2948;4043500000000000:c057c391818f6560	4031dff59ecb2ab2	bits	403f400000000000			
rt-seed-1409	seeded	seeded-linear	0.25	LINEAR	0000000000000000:4012e38bf47d5360;4002000000000000:c02338c221da6160;402b000000000000:40425ef9c2edef90;403ea00000000000:c0424e9174f7de5f;4048900000000000:c03a9253ffe0b0a8	40335a3f1b597b57	bits	4027800000000000			
rt-seed-1410	seeded	seeded-linear	0.123456789012345678901	LINEAR	0000000000000000:bfe68f368e27a958;4014000000000000:3fd44e0b86651b88	3ff0d819a74391ce	bits	bfd7b425e97538c7			
rt-seed-1411	seeded	seeded-linear	0.123456789012345678901	LINEAR	0000000000000000:c034b646f5e883d0;4020400000000000:c0469d5c26ffab47;4021800000000000:4035bcbe95f5f788;4022800000000000:c01d4f51dfa0b180	4021800000000000	bits	4035bcbe95f5f788			
rt-seed-1412	seeded	seeded-linear	0.5	LINEAR	0000000000000000:405e3ebefb73c99b;4034600000000000:4038fcfc268981ad;4041800000000000:4059b957b48ec904;404aa00000000000:404f1fb2dfcf26f5;4050a80000000000:4057ae894e237a1f	40338d796c510a65	bits	403d000000000000			
rt-seed-1413	seeded	seeded-linear	0.001	LINEAR	0000000000000000:bfb666e263e48800;401e000000000000:bfe4d56f9c3bda16;4036a00000000000:bfbf1144aedf2140;4043500000000000:bfe01df97a4d5c0a;4045000000000000:bfe681bf702c1c90	40408053f43fa687	bits	bfd79db22d0e5604			
rt-seed-1414	seeded	seeded-linear	0.10	LINEAR	0000000000000000:c0542f83fa7e548b;402b000000000000:c0465f313b2cf363;4031400000000000:400fa82a8738d900;4043300000000000:c0286b35939f3e40	403f94eaaa586b45	bits	c01b99999999999a			
rt-seed-1415	seeded	seeded-linear	1E+3	LINEAR	0000000000000000:40587a1e7d4013fe;4037600000000000:40569036a8d4a0c2;4042b00000000000:405755bf45b34002;404c400000000000:c041a552d3daf36c;404f600000000000:4050bafd524bfe1a	404f35696eb18d39	bits	0000000000000000			
rt-seed-1416	seeded	seeded-linear	1E-7	LINEAR	0000000000000000:3fddd40c44be62e0;4022800000000000:3fe2106544b7890e	400f6c8be027e954	bits	3fe04072b6d6c142			
rt-seed-1417	seeded	seeded-linear	1E+3	LINEAR	0000000000000000:3fd7459c3b4b28a4;402c000000000000:3fd0f84e23fec458;403e400000000000:3fc01a196843ee60	4013dbff068d9131	bits	0000000000000000			
rt-seed-1418	seeded	seeded-linear	0.001	LINEAR	0000000000000000:404f1adf3ae3bce8;4037400000000000:c052a5389d3dbc47;403fc00000000000:c051d283c6c1ab43;4043e00000000000:c022f5109cf1dcd8	4033dea2d6dbe4ab	bits	c04b58b439581062			
rt-seed-1419	seeded	seeded-linear	1E+3	LINEAR	0000000000000000:3fb530c5d80cd230;4035800000000000:bfed9ac39da8d6c2	40167032e1e417a5	bits	0000000000000000			
rt-seed-1420	seeded	seeded-linear	0.2	LINEAR	0000000000000000:4078b9392980b8c2;4036600000000000:408942fb70a9d687;4047200000000000:40700e544a25b60e;404b900000000000:40819963322c3422;4052300000000000:4039cf0e6bd5c4b4	403aeed191c55072	bits	4085f9999999999a			
rt-seed-1421	seeded	seeded-linear	0.123456789012345678901	LINEAR	0000000000000000:3fd35203f8361fbc;4037800000000000:3fdd2f51ccf011aa;4040a00000000000:3fe672aaf6fbcc6a;4043000000000000:3fdf310ce84a5cdc;404d600000000000:3fefb0062fcdda61	40495e543f046d96	bits	3fe7b425e97538c7			
rt-seed-1422	seeded	seeded-linear	0.01	LINEAR	0000000000000000:401c5344248fd170;401b800000000000:c039cc55f1c02cf8	400a34d797af9e96	bits	c02128f5c28f5c29			
rt-seed-1423	seeded	seeded-linear	0.00	LINEAR	0000000000000000:404135a783069a37;4014800000000000:406b0354b1fbebcf;403a200000000000:408c070736441463	401f1f20611e7722	bits	4072e2fb11b5bd54			
rt-seed-1424	seeded	seeded-linear	1	LINEAR	0000000000000000:4050a68e67ce0b32;402f400000000000:401d5542201efef7;4037600000000000:4046fe24d606f3f9;4042100000000000:4057cd26eaade1da;4047100000000000:405a1102a472856f	403f04e370868cbd	bits	4052c00000000000			
rt-seed-1425	seeded	seeded-linear	0.123456789012345678901	LINEAR	0000000000000000:40013d3b6ef559e0;4022c00000000000:c052559ae626a6bc;403ac00000000000:40570609141464c6	403878f5db5c39c2	bits	405197b423450024			
rt-seed-1426	seeded	seeded-linear	1E-7	LINEAR	0000000000000000:bfe6e4697bb6fc34;402ac00000000000:bfe0cf0ec1d7eca8	400568fec24f4df2	bits	bfe5accb3a2595bc			
rt-seed-1427	seeded	seeded-linear	-1	LINEAR	0000000000000000:bfe4587b9319511a;401b000000000000:bfb18cd1d2b5fa20;403f600000000000:bfea199b8471d71c	4018a2db4f4a7e24	bits	bfbe437b780f6fe8			
rt-seed-1428	seeded	seeded-linear	5	LINEAR	0000000000000000:408edf3001285e19;4013000000000000:406c6267f9498945;4034c00000000000:408a791d50612203;403f000000000000:408ccda6e264ae88	0000000000000000	bits	408edf3001285e19			
rt-seed-1429	seeded	seeded-linear	0.25	LINEAR	0000000000000000:404903be25a86e2f;4027c00000000000:405d8c9121653244;4040a00000000000:40514fbc92944240;4048700000000000:405d3de46d26bb80;4050500000000000:405afdf079d095bd	4059d00000000000	bits	405afdf079d095bd			
rt-seed-1430	seeded	seeded-linear	1	LINEAR	0000000000000000:40894b68c0f74d3d;4021400000000000:4075ca272e148818;403c600000000000:40808e0eb74afdf3;404ad00000000000:4087ff2487fa4612	40479db962a9cb3f	bits	4086180000000000			
rt-seed-1431	seeded	seeded-linear	5	LINEAR	0000000000000000:408dcc8bf18442c1;4032c00000000000:406935143ef3dc29;4040300000000000:4087368ffc71f5be	40368101ba8d4547	bits	4075e00000000000			
rt-seed-1432	seeded	seeded-linear	1E+3	LINEAR	0000000000000000:3fe77bcff450c95b;3ffc000000000000:3fe4f6f40b88a8d6	401b000000000000	bits	3fe4f6f40b88a8d6			
rt-seed-1433	seeded	seeded-linear	1E+3	LINEAR	0000000000000000:3fde848ec1ab6f66;4027800000000000:3fc6829205641d00;4042100000000000:3fe560075aba3ed1;404df00000000000:3fe112ee9510d2bf	404df00000000000	bits	3fe112ee9510d2bf			
rt-seed-1434	seeded	seeded-linear	0.123456789012345678901	LINEAR	0000000000000000:404baf8b1ac1cc68;400c000000000000:4056aa7284157184	3fbe1bd457671500	bits	404c4587e2727a63			
rt-seed-1435	seeded	seeded-linear	1E-400	LINEAR	0000000000000000:3fc2033e2c4b2f34;4036e00000000000:3fedb53c24e1b8c0;4047700000000000:3fb845ac92d7e200;404fb00000000000:3fd86e77bed5995c	40432b9942f9c976	bits	3fd909db8e27ab7a			
rt-seed-1436	seeded	seeded-linear	0.5	LINEAR	0000000000000000:3feaae0bd83c3727;4032400000000000:40542aa2fc7a985a	402a64ce94b41ec4	bits	404d400000000000			
rt-seed-1437	seeded	seeded-linear	0.01	LINEAR	0000000000000000:407745af1cc58864;4031a00000000000:40797a75d0dee018;4044000000000000:407b269cfaf7f284	4044000000000000	bits	407b269cfaf7f284			
rt-seed-1438	seeded	seeded-linear	0.001	LINEAR	0000000000000000:c04e2e4d64bae328;4018000000000000:c050874f006a6b08	0000000000000000	bits	c04e2e4d64bae328			
rt-seed-1439	seeded	seeded-linear	0.25	LINEAR	0000000000000000:3fe2c3d76bd90f02;402b800000000000:3fd02cae3eab46a2;4042500000000000:3fd79ce982d789e6	4040fabb41d21328	bits	3fd0000000000000			
rt-seed-1440	seeded	seeded-linear	5	LINEAR	0000000000000000:405cd85875c1faa1;4012800000000000:40377bfe343ec90f;4038400000000000:4049660cb5ce8fc6	4027fbe45680df8b	bits	403e000000000000			
rt-seed-1441	seeded	seeded-linear	1E-400	LINEAR	0000000000000000:40554447975c134f;4025400000000000:405aefd2e95fb525;4040200000000000:4050e627d48b6fe0;4043800000000000:404e67da9682c7af;404ba00000000000:402baa5959296ef2	0000000000000000	bits	40554447975c134f			
rt-seed-1442	seeded	seeded-linear	0.123456789012345678901	LINEAR	0000000000000000:405953bea5d579ff;4023c00000000000:404a7c5316b589fa	0000000000000000	bits	405953bea5d579ff			
rt-seed-1443	seeded	seeded-linear	0	LINEAR	0000000000000000:3fc98d8c79e8f2b8;4031200000000000:3febabac8d39345e;403fa00000000000:bfe8c34b222509ea;4044500000000000:3fe62aa9b8400116;404f800000000000:bfed4ede6341db6c	4043d1763bd51940	bits	3fe1030634582274			
rt-seed-1444	seeded	seeded-linear	0.5	LINEAR	0000000000000000:4077500b38f9d79c;4023c00000000000:408c12c5935efa5c;4035200000000000:4060f78b5400e2d3	4034c971ec1691bd	bits	4063e00000000000			
rt-seed-1445	seeded	seeded-linear	0.10	LINEAR	0000000000000000:404dc51214cf88b8;4031200000000000:404f5f4a75b8bdc1;403a800000000000:40500094c6d98561;403b200000000000:4048776180c6e8c4;4041200000000000:4043050729d38ee1	4015584271461d26	bits	404e400000000000			
rt-seed-1446	seeded	seeded-linear	0.2	LINEAR	0000000000000000:404ece520939751e;4033200000000000:4050b2fa9c0fa03d;403b200000000000:401e1f2c0eb5ea21;4046000000000000:40537a8f5828d588;4051200000000000:4056e20da39d53bf	4043e310efcc05ef	bits	404e19999999999a			
rt-seed-1447	seeded	seeded-linear	0.2	LINEAR	0000000000000000:404aa31787a9c224;3ff4000000000000:4057e615e7727d08;401e800000000000:4040d69a87357bc1;4032e00000000000:405f5c3409774704;403fa00000000000:4042f316e9296274	4054a80000000000	bits	4042f316e9296274			
rt-seed-1448	seeded	seeded-linear	1	LINEAR	0000000000000000:c0584744c0813d2f;400c000000000000:403ac43bc4056e84;402dc00000000000:c03dcd72c92fb514;403f800000000000:404284a092cc15b4;404a700000000000:40321ede15380be8	4058b80000000000	bits	40321ede15380be8			
rt-seed-1449	seeded	seeded-linear	1E+3	LINEAR	0000000000000000:3f801cd68b7df580;4026000000000000:3fd4d29ae4be4314;403b400000000000:3fe75d904d052ad0;4045f00000000000:3feea881c80cb7ab	4026000000000000	bits	3fd4d29ae4be4314			
rt-seed-1450	seeded	seeded-linear	0.123456789012345678901	LINEAR	0000000000000000:3fe52a4a5bc743b7;4035400000000000:3fecf7e2b0b4d284;403e800000000000:3fd292d2dd03ebda	40381b8261687736	bits	3fe7b425e97538c7			
rt-seed-1451	seeded	seeded-linear	1E-7	LINEAR	0000000000000000:bfdd5c997721d750;4035e00000000000:3fe77e8f17f5707c;4042400000000000:bfe477f932ff5a38;404dd00000000000:bfed4ab2734a1422;4052d80000000000:3fe7ec300bde9f74	40374f6c46a37b31	bits	3fe32e1445316279			
rt-seed-1452	seeded	seeded-linear	0.25	LINEAR	0000000000000000:bfe368e1fbc0e512;4035e00000000000:3fe047a153e5e48e;403a800000000000:3fbd61fd911c43b0;4049700000000000:bfeb93c11c3547ae;4051d00000000000:bfd52770135826bc	4050c789eff33a94	bits	bfd0000000000000			
rt-seed-1453	seeded	seeded-linear	-1	LINEAR	0000000000000000:4042a1b5e5e19f02;401e800000000000:40536096c4b89200;4030c00000000000:405cdc31bae9f355	3fb2597886a42f0e	bits	4042d222dbd6ca35			
rt-seed-1454	seeded	seeded-linear	0.01	LINEAR	0000000000000000:3fed89bc32c4230b;4037a00000000000:3fdae7e54312621c;403bc00000000000:3fe29ce30f6b64bc;4041800000000000:3fab2f2c29901310;4046400000000000:3fdaecd8bf96d972	403b6041ec318069	bits	3fe1eb851eb851ec			
rt-seed-1455	seeded	seeded-linear	0.10	LINEAR	0000000000000000:405e77aa27831769;400e000000000000:4084d6cce88ccaeb;4032a00000000000:40629d94c78696a4;4037a00000000000:408ee36ce09035d7	4034b72502229c04	bits	407f3e6666666666			
rt-seed-1456	seeded	seeded-linear	1	LINEAR	0000000000000000:c0386b0efa58b628;401d000000000000:402e46d1cd8ce218	401bdcb28f02d78a	bits	402a000000000000			
rt-seed-1457	seeded	seeded-linear	1E-7	LINEAR	0000000000000000:bfd5ce5c480cf018;4026c00000000000:3fe29d22722adfb2;4036800000000000:3fdcdea643ec0b88	4046c00000000000	bits	3fdcdea643ec0b88			
rt-seed-1458	seeded	seeded-linear	0.25	LINEAR	0000000000000000:405a724c008649ad;3ffc000000000000:404ce5c635f924ac	3ffa7f4d083efe6b	bits	404e400000000000			
rt-seed-1459	seeded	seeded-linear	0.5	LINEAR	0000000000000000:404b413779309308;4034c00000000000:c043c83a8bdfccd6;4043400000000000:4048b37682406f6c;4045700000000000:4035f1a1f5da65dc;4050880000000000:c055c443398355f2	4034c00000000000	bits	c043c83a8bdfccd6			
rt-seed-1460	seeded	seeded-linear	0.123456789012345678901	LINEAR	0000000000000000:c051c24641917a08;4036e00000000000:403ace05ec4f9c1c	40267a21308fb081	bits	c036f684ba298f01			
rt-seed-1461	seeded	seeded-linear	5	LINEAR	0000000000000000:bfed61f1a9db56e2;4019000000000000:3fe5c781db94bf7a;403a400000000000:bfe175702016cc90;4045600000000000:3fd2ef1549920784	40194ec8d8cab9ee	bits	4014000000000000			
rt-seed-1462	seeded	seeded-linear	0	LINEAR	0000000000000000:404b64f3a2eb3adc;4012000000000000:40408ed6872ff009;403a000000000000:40401c1423cc04dc	4031dc6928e31897	bits	40404785987f1c30			
rt-seed-1463	seeded	seeded-linear	0.123456789012345678901	LINEAR	0000000000000000:3fe20d1873c46c2d;4009000000000000:3fe4cdca5c13c8d0;4036200000000000:3fc5b25a2434e91c	4047100000000000	bits	3fc5b25a2434e91c			
rt-seed-1464	seeded	seeded-linear	0.01	LINEAR	0000000000000000:3fd6fbd970e59a6c;4015800000000000:3fe31732d3c0da40;4022400000000000:bfed0e0d2b55cb94;4039e00000000000:3fbb4da71173d340;4042300000000000:3fe07a4fd38fa5e8	4022400000000000	bits	bfed0e0d2b55cb94			
rt-seed-1465	seeded	seeded-linear	1E-400	LINEAR	0000000000000000:c01b8496226fc6b0;4005000000000000:c0580ab8d2b76951	40002cf2c9a75871	bits	c052e9eb8f3fcbf0			
rt-seed-1466	seeded	seeded-linear	0.01	LINEAR	0000000000000000:4034a80585d87c6d;4032200000000000:405f31723cb871e8	402ed14ae5cdea09	bits	405b4a3d70a3d70a			
rt-seed-1467	seeded	seeded-linear	0.10	LINEAR	0000000000000000:403861a5e72fb716;4033200000000000:4041244852f0f842;4038400000000000:405810d6481a8ec3;4039600000000000:4054d0f7ab828ee4;4049600000000000:4049fd443df192a0	4048b19a4c87c4ef	bits	404ad9999999999a			
rt-seed-1468	seeded	seeded-linear	0.25	LINEAR	0000000000000000:405017d9d91eac4a;4022000000000000:404b26e598c6cd07;4031c00000000000:404241a19ccbcc05	402b0856ca2adecd	bits	4046a00000000000			
rt-seed-1469	seeded	seeded-linear	0.001	LINEAR	0000000000000000:c05651822300ebad;402b000000000000:404ae79cd4c6453c;4039000000000000:c03db906871cde20	4043000000000000	bits	c03db906871cde20			
rt-seed-1470	seeded	seeded-linear	5	LINEAR	0000000000000000:40503f5eae3f0e94;400c000000000000:4042ccc878abdece;4027000000000000:40598397bd3c9f6e;402b000000000000:404cf1740a752dcc	0000000000000000	bits	40503f5eae3f0e94			
rt-seed-1471	seeded	seeded-linear	1E-7	LINEAR	0000000000000000:bfdb9ccc765e2b70;4038c00000000000:3fd69336dd4a053c	401051a01dbaed3a	bits	bfd356f90b1938b6			
rt-seed-1472	seeded	seeded-linear	-1	LINEAR	0000000000000000:bfd35dc7e7cffe3c;4032000000000000:bfdddf40c4c81f78	4022a985c93623ae	bits	bfd8cffcf4f37b7b			
rt-seed-1473	seeded	seeded-linear	0	LINEAR	0000000000000000:404c02f87a1750df;401a000000000000:402a162211457c6f	4029000000000000	bits	402a162211457c6f			
rt-seed-1474	seeded	seeded-linear	0.5	LINEAR	0000000000000000:3fec4e402f33c1cd;402a000000000000:3fc6510c2bfbedec;402fc00000000000:3faaaaaa8c4a22c0	402a2c0ca8999f10	bits	3fe0000000000000			
rt-seed-1475	seeded	seeded-linear	0.25	LINEAR	0000000000000000:3fd3dfbc5dd64a88;4002000000000000:bfda0a7ca7371f1c;4022c00000000000:bfd88f08c9772c68	3fe6277d77c7393c	bits	3fd0000000000000			
rt-seed-1476	seeded	seeded-linear	0.2	LINEAR	0000000000000000:4052f4b6753da395;402e000000000000:405c44393e5d5a44;4040f00000000000:403533ea0dbfe75a	0000000000000000	bits	4052f4b6753da395			
rt-seed-1477	seeded	seeded-linear	1E-7	LINEAR	0000000000000000:407769c9691c0415;4007000000000000:407644d7faa17811;4038000000000000:40593239f8ab78ac;4039e00000000000:4081cf032c5b8d96	401a1cbe3cfb7f83	bits	407381defd362124			
rt-seed-1478	seeded	seeded-linear	0	LINEAR	0000000000000000:bfa5582ce27594c0;4009000000000000:bfe14839334722c4	40069c0687c79cdd	bits	bfdf83a9211cac15			
rt-seed-1479	seeded	seeded-linear	0.00	LINEAR	0000000000000000:4066baa886d0f3d0;4031c00000000000:4086b5ff039548c7;403ba00000000000:407bf61452137f92	4033fb37b93cbbd1	bits	4084bcfe57e9ce4b			
rt-seed-1480	seeded	seeded-linear	1E+3	LINEAR	0000000000000000:3fd64fc62539d690;402cc00000000000:3feb76e2700451fe	401d6fa86496f7e6	bits	0000000000000000			
rt-seed-1481	seeded	seeded-linear	0	LINEAR	0000000000000000:405e9cf101205520;4024000000000000:3fee3da758558ffe;402a400000000000:40575e541ae78f80;4042b00000000000:4051d9b012abbf1f	4026eaaba66ae75a	bits	4046100c8162930f			
rt-seed-1482	seeded	seeded-linear	5	LINEAR	0000000000000000:4058bf1c8446e8c5;4036000000000000:405c8f58c749d3d1;4046200000000000:404ba3370fb82f88	4046a00000000000	bits	404ba3370fb82f88			
rt-seed-1483	seeded	seeded-linear	-1	LINEAR	0000000000000000:3fe0c8cc8f6557d9;4021400000000000:3febb0ce9116a146;403e800000000000:3fe9dd7fa3a551e1;4042300000000000:3fdb0f2e2425015a;404e300000000000:3fe513d6eae80b81	404769ad5be9f685	bits	3fe0d0f8e619f3f2			
rt-seed-1484	seeded	seeded-linear	0.2	LINEAR	0000000000000000:405a397b4b5f3470;4028000000000000:404b229583567fc3;4037400000000000:40416ad6af7c5255	0000000000000000	bits	405a397b4b5f3470			
rt-seed-1485	seeded	seeded-linear	0.5	LINEAR	0000000000000000:4003631b0eb6b5a0;401f800000000000:4055f28ef9f5866e;4040700000000000:c053b3e5d3d812ca	403be29965a9ec6c	bits	c046800000000000			
rt-seed-1486	seeded	seeded-linear	0.1	LINEAR	0000000000000000:404075e20acf2d7d;4034400000000000:405cc58fc9946cd8;4044000000000000:402a83ac4ad6079a;404e700000000000:405a6768d1e85d21;4053280000000000:3f90e689a6ff8e00	403199e7e4471118	bits	405a133333333333			
rt-seed-1487	seeded	seeded-linear	0.2	LINEAR	0000000000000000:4055af74a4998bc5;4024000000000000:404e44dae0debc4a;402ec00000000000:4037a9225d44f75b;4041400000000000:40301cc96375a676;404dd00000000000:404618bda11c2e74	3fcf3cbb86e84ec4	bits	40558ccccccccccd			
rt-seed-1488	seeded	seeded-linear	0.25	LINEAR	0000000000000000:4035c944a72cc5c0;4031c00000000000:4044a25f85ffe77c;4041600000000000:4032954eacb3c8e6;404a500000000000:4057aba0bb89f7cf	403cc9c84c722a1d	bits	403ac00000000000			
rt-seed-1489	seeded	seeded-linear	0.01	LINEAR	0000000000000000:bfdf022c0cb130f8;4033a00000000000:3fc3de1bc9d3ab50;403f400000000000:bfe16b4cd3e23b94;4049700000000000:bfd51992411256c8	404883b28d859d09	bits	bfd6666666666666			
rt-seed-1490	seeded	seeded-linear	0	LINEAR	0000000000000000:40562928cb1b0d32;402f800000000000:404313726d0c9180;4041e00000000000:c04ac222f9f4fc44;4046900000000000:c057c6750691effc	403ddaca0c0ee9f8	bits	c03a7ee8e5d03d50			
rt-seed-1491	seeded	seeded-linear	0.001	LINEAR	0000000000000000:408789588bb5e537;4034400000000000:40888f6fbcbbc29c	3ff28b9757d2eb06	bits	4087985810624dd3			
rt-seed-1492	seeded	seeded-linear	0.001	LINEAR	0000000000000000:40821ff4628ad931;4033200000000000:408f224a27dcb386;403ba00000000000:4061101292c97236	4033ca5b993d5489	bits	408d07cccccccccd			
rt-seed-1493	seeded	seeded-linear	0.00	LINEAR	0000000000000000:bfcd5b0d06665228;4037e00000000000:bfcfbc3177a0a950	0000000000000000	bits	bfcd5b0d06665228			
rt-seed-1494	seeded	seeded-linear	0.5	LINEAR	0000000000000000:40808bea81c6cb3c;4039600000000000:407e58b6ad6a8c4b;4046000000000000:407f56672f799e05	402c09a6ce18753f	bits	407f980000000000			
rt-seed-1495	seeded	seeded-linear	0.01	LINEAR	0000000000000000:4080b2e6d08b3bfa;4036c00000000000:4043a2dbff5861ba;403b200000000000:407990a29ff83f95;4046c00000000000:407c5e323e96812f;4049900000000000:408372908b6da91c	403dd26b80e67d25	bits	4079f9eb851eb852			
rt-seed-1496	seeded	seeded-linear	0.123456789012345678901	LINEAR	0000000000000000:4036025003ec26b9;4013800000000000:405944201fff3299;4039800000000000:3fcd6dc32afc46d4	3ff6fcdfbbeb9b96	bits	404697b42283ba1e			
rt-seed-1497	seeded	seeded-linear	0	LINEAR	0000000000000000:3fe8ed0fc2900c18;4020400000000000:3fd90fdd3057270c;4023800000000000:3fe0382593eb3d0d	401ff7d9f3c4fb7c	bits	3fd977b6dd345e28			
rt-seed-1498	seeded	seeded-linear	0.123456789012345678901	LINEAR	0000000000000000:3fe03d48f523e559;400f000000000000:3fef9675368f12c5;4027800000000000:3fd454067e1dc8e6;4034a00000000000:3fba700ec804d598;4038600000000000:3fefdfaca9186fc5	0000000000000000	bits	3fe03d48f523e559			
rt-seed-1499	seeded	seeded-linear	0.01	LINEAR	0000000000000000:4074841a895ac0a6;4023800000000000:408574a7cb16a685;402bc00000000000:4062f9d78d84b015;4039400000000000:4027faa5ade0832a;4046300000000000:408689dbd9d91018	402dfd1bd324b782	bits	406141999999999a			
rt-seed-1500	seeded	seeded-linear	0.2	LINEAR	0000000000000000:bfde04d75639a27c;402a800000000000:bfdb2d66b24e0e9c;403c600000000000:3fd6560910865238;4046d00000000000:3fe503a34a6d7990	4012a364aec7b0d8	bits	bfd999999999999a			
rt-seed-1501	seeded	seeded-linear	1E-400	LINEAR	0000000000000000:3feee82bf6848bce;4038400000000000:bfe5945703cb981c	40379bb94e4338e3	bits	bfe430c8668f47d2			
rt-seed-1502	seeded	seeded-linear	0	LINEAR	0000000000000000:405ceaa1ba4cf6ba;401f800000000000:404d10cd7d4fa532;4032600000000000:4018c1a5b2f28665	402206543ce800de	bits	404a40a03334a3d5			
rt-seed-1503	seeded	seeded-linear	0.001	LINEAR	0000000000000000:405ce6eb6ca8341d;4024400000000000:405ef470d5cce36d;4037e00000000000:40358ee6f45556c8;4045f00000000000:4018ff13ff30a4eb	403487715a0f46b5	bits	404738b439581062			
rt-seed-1504	seeded	seeded-linear	1E-400	LINEAR	0000000000000000:3fa17b37af5266d0;4039600000000000:3fe6f48b933dec75;403f000000000000:3faca858aeec6370;4049300000000000:3feaffc4042bf33e	403e3c0d1e8fa78a	bits	3fc2af20cec199a4			
rt-seed-1505	seeded	seeded-linear	0.10	LINEAR	0000000000000000:3fed182cc4378718;4022800000000000:3fd0a8c2c82945f0;403d200000000000:bfe33840b76c9efe;4044200000000000:3fe4924534bde4e8;404f500000000000:3fed16c659c585d0	4036bad12b005eff	bits	bfc999999999999a			
rt-seed-1506	seeded	seeded-linear	0.2	LINEAR	0000000000000000:3fe7ccf59d1a1401;4012800000000000:3fed44dcc9423ea5	3ff53d65763a9b3d	bits	3fe3333333333333			
rt-seed-1507	seeded	seeded-linear	0.5	LINEAR	0000000000000000:405527e3158b1fe0;4014800000000000:404777b669f1e6b4	3ff6abbce2ef1f1f	bits	4052a00000000000			
rt-seed-1508	seeded	seeded-linear	5	LINEAR	0000000000000000:4076b4e8e03fb0c0;402fc00000000000:406a4660e86c096f;4042400000000000:4060c07f2297e1fb	3ffc881e92b046f8	bits	4075e00000000000			
rt-seed-1509	seeded	seeded-linear	0.5	LINEAR	0000000000000000:407dd8d0f1b36ee0;4038800000000000:4076f0a299d1c4e6;4043300000000000:408261ef53779cbe;404d200000000000:408d40d87e0a04aa;4050980000000000:4087d15b8be6f37e	405d580000000000	bits	4087d15b8be6f37e			
rt-seed-1510	seeded	seeded-linear	0.25	LINEAR	0000000000000000:3fe376fecb6abd42;4026c00000000000:bfe28b65028b1948;403e400000000000:bf936d188a5b1540;4049f00000000000:bfc5a9411af263a8	402079cfcd1adbb3	bits	0000000000000000			
rt-seed-1511	seeded	seeded-linear	1E+3	LINEAR	0000000000000000:c0572854fe3df27f;4024800000000000:40509b671591950a;4028800000000000:4044dda550d76830;403b000000000000:4043dc496d97e948;4046700000000000:404fb27d19a0db04	401bf6b8fb729c2c	bits	0000000000000000			
rt-seed-1512	seeded	seeded-linear	0.10	LINEAR	0000000000000000:408382d33b9a2a4c;4029000000000000:406587beb8b2465d;403b800000000000:40591b52c2451e1b;4042e00000000000:4067b300ab7f4e82	402a7f05c7501ce1	bits	4065166666666666			
rt-seed-1513	seeded	seeded-linear	0.2	LINEAR	0000000000000000:403513e63f9898ab;3ff4000000000000:40275f7a0b6e5e6b;401c800000000000:405eaf7e3597091f;4032200000000000:400aaf843d47a461	402b7ce8bc4a74ce	bits	4049800000000000			
rt-seed-1514	seeded	seeded-linear	1E-7	LINEAR	0000000000000000:3fdfb78ce884f664;4034e00000000000:bfc304bca6168528;4045d00000000000:3fcda1ef09ef1770	4040d7e66852af57	bits	3fb0c2480e8c8abd			
rt-seed-1515	seeded	seeded-linear	0.5	LINEAR	0000000000000000:3fd4037c61d77cea;4014000000000000:3fd61615b654d0d2;4032600000000000:3fd9ce20de8777f8;4045200000000000:3fe3d386fbccf8b8	4011340e1e916791	bits	0000000000000000			
rt-seed-1516	seeded	seeded-linear	1	LINEAR	0000000000000000:403342b27fe311b8;4010800000000000:4029d5a03a287646;403c400000000000:4047a41d0ee9bcc9;4049800000000000:40502915701ebb9d;4051c80000000000:404d7326c81ea36b	4050e1bd05470a95	bits	404e000000000000			
rt-seed-1517	seeded	seeded-linear	5	LINEAR	0000000000000000:40847864ace97c1f;4025000000000000:406cb1f73770ba0b	40124955f036bae5	bits	407d600000000000			
rt-seed-1518	seeded	seeded-linear	0.1	LINEAR	0000000000000000:3fec1514cde3df88;4033600000000000:3fd6d22bcffd2828;403f200000000000:bfed2b9a710abe3e	3f93a278b77e09d4	bits	3feccccccccccccd			
rt-seed-1519	seeded	seeded-linear	0.5	LINEAR	0000000000000000:404529ebfcb3610a;4037000000000000:4032e10d852e5298;4041000000000000:404884e5ad3e94db	403ffebfe1d8e54c	bits	4045c00000000000			
rt-seed-1520	seeded	seeded-linear	1E+3	LINEAR	0000000000000000:408716ad376f5995;4032400000000000:4083952afacca3ed;4043f00000000000:408393f92970cc86	4042401f37fdfc32	bits	408f400000000000			
rt-seed-1521	seeded	seeded-linear	0.001	LINEAR	0000000000000000:3fd3c7dd35832d14;4035a00000000000:bfcd15f24ac43808;4044b00000000000:bfa75e0082db4360;404d200000000000:bfe2f8d7772323cc	4041d280d4d46f3a	bits	bfb95810624dd2f2			
rt-seed-1522	seeded	seeded-linear	0.001	LINEAR	0000000000000000:3fea963a740af968;3fe4000000000000:3fd4f35cdbaf358a;4039e00000000000:3fe22a0e53095f57;4043900000000000:3fe953ac00d73544;4044d00000000000:3fa4731347bae1d0	4043900000000000	bits	3fe953ac00d73544			
rt-seed-1523	seeded	seeded-linear	0.1	LINEAR	0000000000000000:c047ae130fcd76ca;4032000000000000:c053b3d17e8e7d8c	4022f52bd61a700a	bits	c04ff33333333333			
rt-seed-1524	seeded	seeded-linear	0.1	LINEAR	0000000000000000:4016ec62ed80295f;4033400000000000:4042ee995d3b2290;4040300000000000:405dd538bd0c58f6;4048c00000000000:403606fc80f0874b	0000000000000000	bits	4016ec62ed80295f			
rt-seed-1525	seeded	seeded-linear	0.25	LINEAR	0000000000000000:3fed50e2fa6d2726;401d000000000000:3fdb8e12ecc65380;403d400000000000:3fdff358137418a0	3fe521223b264ff7	bits	3ff0000000000000			
rt-seed-1526	seeded	seeded-linear	0.10	LINEAR	0000000000000000:40691ecb534d7777;4033a00000000000:4025c30c30ddc61c;4045a00000000000:4030c10c605b7158;4046c00000000000:408e9e22d2749ed2	404ac00000000000	bits	408e9e22d2749ed2			
rt-seed-1527	seeded	seeded-linear	1	LINEAR	0000000000000000:402a9583af775d28;4016000000000000:c0506084d7ebfaa4;4038c00000000000:c052c771ea27dc0a;4041300000000000:404cb4ce3af37dd0	40202fe0f4a3fbc8	bits	c050800000000000			
rt-seed-1528	seeded	seeded-linear	0.123456789012345678901	LINEAR	0000000000000000:c03139ea66417e9c;4020800000000000:c0467c186b021dee;4040100000000000:c01bf9843ccc41b0;4041900000000000:c047142571a5f36d	3ff8db2b3391d407	bits	c03638e38adde53b			
rt-seed-1529	seeded	seeded-linear	0.2	LINEAR	0000000000000000:404fbb084e4633e4;4037e00000000000:404c3dbfba3e84a8;4045800000000000:c055ed4f2623444d	3fe977ef526e73ce	bits	404fb33333333333			
rt-seed-1530	seeded	seeded-linear	0	LINEAR	0000000000000000:408060db764ce6a7;401d000000000000:406a120e8742686e;402a400000000000:40469523d8b571fa;4040300000000000:407a6a6341598c0b;4046900000000000:408cc0adfc3c509a	403ee8d548e0dc38	bits	40789e958779ef7b			
rt-seed-1531	seeded	seeded-linear	1E-400	LINEAR	0000000000000000:c03654fd00a80718;4013800000000000:c020b3d9fc7c9ab0;401b000000000000:c050392431824bb9;403ce00000000000:c02badc3dffb43f8;4042a00000000000:c03ff5d2b9df09c0	40317bf6ba1ad801	bits	c0440fd19f439dfa			
rt-seed-1532	seeded	seeded-linear	-1	LINEAR	0000000000000000:4035d159d4ef8434;4037200000000000:c04835d761af192a;4041e00000000000:4053d2ab3baf4992;4042600000000000:c057b98b8e779e84	403b86175d8519a9	bits	c00f62b0cf5c9380			
rt-seed-1533	seeded	seeded-linear	0.10	LINEAR	0000000000000000:bfed2278747072d6;4020400000000000:3fd46c10382b69d8;403d200000000000:bfe18672818cc4f0	403b7cec15f64fff	bits	bfd3333333333333			
rt-seed-1534	seeded	seeded-linear	0.001	LINEAR	0000000000000000:3fddf7ff4a8c927e;4019000000000000:3fe0038b71bfc50b;403c000000000000:3fd19ce02eaaee1c;4040f00000000000:3fd67a927799c162	4018336c3e75f657	bits	3fdfef9db22d0e56			
rt-seed-1535	seeded	seeded-linear	0.001	LINEAR	0000000000000000:3fd4c6389f7a92fc;4026000000000000:bfd103d96c317f00	3ffd0279a5f235d6	bits	3fcd2f1a9fbe76c9			
rt-seed-1536	seeded	seeded-linear	1E+3	LINEAR	0000000000000000:40822df9326698a7;402bc00000000000:406b59f1e6145c35	4029270ba6b6669d	bits	408f400000000000			
rt-seed-1537	seeded	seeded-linear	0.001	LINEAR	0000000000000000:406d4801948addfd;4031800000000000:408cba1c6b6b66b5;4044000000000000:408dd81ffe30c949;4044a00000000000:4082a8a9ef226250;4048b00000000000:4081fdb7dc1d4326	4037e28115f422ab	bits	408d0b45a1cac083			
rt-seed-1538	seeded	seeded-linear	0.25	LINEAR	0000000000000000:4053b2cfe837cea4;400f000000000000:c02589c2bdbde228;4033000000000000:405426407edecbb2;4045700000000000:c042c845e3179c3c	4029ea92003e31e9	bits	4046000000000000			
rt-seed-1539	seeded	seeded-linear	0.2	LINEAR	0000000000000000:404d697b3ee89f6c;4011000000000000:4055680541490998;4031400000000000:404b9acc4c56d46c;4036600000000000:40433985b83b75f4	4022a203d40f1e1b	bits	4052733333333333			
rt-seed-1540	seeded	seeded-linear	0.123456789012345678901	LINEAR	0000000000000000:c046540cebd42aee;4010000000000000:40557f5b0f308dbe;402f800000000000:c04e4752c5ee86a6;4032400000000000:404382eab7001408	4010000000000000	bits	40557f5b0f308dbe			
rt-seed-1541	seeded	seeded-linear	1	LINEAR	0000000000000000:3fe67c89baca7ef2;402c800000000000:bfdb818bd880e1b0;4043300000000000:3fd52ef65f72695c;404e300000000000:3fd19aae516172f4;4050180000000000:bfa1328058fe4260	40068739d7c9a326	bits	3ff0000000000000			
rt-seed-1542	seeded	seeded-linear	0.123456789012345678901	LINEAR	0000000000000000:bfde746204c17bd0;400c000000000000:bfdb61e452d05de0	3ff19c718a6ce6be	bits	bfd7b425e97538c7			
rt-seed-1543	seeded	seeded-linear	1E+3	LINEAR	0000000000000000:4042e3dd258b50e4;4016000000000000:405961a8a241789a;4035400000000000:4041bb0f5e9400c6;4039200000000000:405f9c00b7cd3d0e	40229ca4ebd7fbc1	bits	408f400000000000			
rt-seed-1544	seeded	seeded-linear	0.10	LINEAR	0000000000000000:405d240ad0622762;4004000000000000:4059a64701ffdd72	3ffa9e1b4e4c2488	bits	405ad33333333333			
rt-seed-1545	seeded	seeded-linear	-1	LINEAR	0000000000000000:3fd5c4c2b8cf61b2;4019800000000000:3fde9ece5322a65c;4021000000000000:3fd56a7a4a503636;403ae00000000000:3fc052437ba1bcbc	4022c1e7a62eddff	bits	3fd4c833e62c8b56			
rt-seed-1546	seeded	seeded-linear	0.25	LINEAR	0000000000000000:40697b278daca44e;4022000000000000:40835416340eb36c;4036200000000000:407c232037c1267c;4044f00000000000:4088da8626710a8f;404ba00000000000:4085b0c994bbf36e	400ee831105207bf	bits	4077dc0000000000			
rt-seed-1547	seeded	seeded-linear	0.123456789012345678901	LINEAR	0000000000000000:4050ae1c2dc6b70d;4022000000000000:40325e25cfa3bb0b;4033600000000000:4052e9254546ddf7;403ac00000000000:405aed3a6d106136	4018c3e59ae4d331	bits	4040ba7816c20f67			
rt-seed-1548	seeded	seeded-linear	1	LINEAR	0000000000000000:4054a1f9b9e3db7a;4030600000000000:c047a1083bfa8109;4041200000000000:c03eb4f5ad3f7414	40323c8b207e149a	bits	c047000000000000			
rt-seed-1549	seeded	seeded-linear	0.00	LINEAR	0000000000000000:3febeb126353a5cc;3fe4000000000000:3fe854552d23f3a7;402e000000000000:3fe69f7818cbe2c7;4044200000000000:3fe5e2c96ce1e7b1	40439fed80ba66ca	bits	3fe5ea437b75c9da			
rt-seed-1550	seeded	seeded-linear	5	LINEAR	0000000000000000:4042d30a7ee503de;4036200000000000:403049a7e3486b9f	40164ac42149e4ec	bits	4041800000000000			
rt-seed-1551	seeded	seeded-linear	0	LINEAR	0000000000000000:3ff9cf51cc5b0f0b;4033c00000000000:4055302fed1829a1;4045b00000000000:40517b88060ea8df;4050180000000000:404edc2acb215e7a	402863f912bcad00	bits	404a79a707c40ff4			
rt-seed-1552	seeded	seeded-linear	1E-7	LINEAR	0000000000000000:bfec1c82f37ce4fc;3fec000000000000:3fe1cebc9e6ee97a;4031a00000000000:bfe957d464493ad6	402bf60f319e02a6	bits	bfdfe8b347c088f2			
rt-seed-1553	seeded	seeded-linear	0.10	LINEAR	0000000000000000:4059bb82865a333b;3ff0000000000000:404583af4b23393d;402b000000000000:4054d6fa4de78ff0	4000e1df925c9c96	bits	40474ccccccccccd			
rt-seed-1554	seeded	seeded-linear	5	LINEAR	0000000000000000:4052a6bc105d5e78;4036a00000000000:4057f3958f394edf;4042c00000000000:404c3f30a546dcec;4047f00000000000:40596e9941bf23c6;404db00000000000:4051157fbf8bcddf	4057180000000000	bits	4051157fbf8bcddf			
rt-seed-1555	seeded	seeded-linear	1E-7	LINEAR	0000000000000000:407144ca68c1f0f5;4012800000000000:40888b53238db32b	3ffcefd71b4bfdff	bits	407db62358298cc1			
rt-seed-1556	seeded	seeded-linear	5	LINEAR	0000000000000000:bfe6d0e734f3f284;4037800000000000:3fe9974816714874;4047800000000000:bfb72c77a4f23b60	4009f9bfe0719881	bits	0000000000000000			
rt-seed-1557	seeded	seeded-linear	1E-400	LINEAR	0000000000000000:3fe6d39ac73c7d15;4032a00000000000:3fe583d3c851f763;4045500000000000:3faad8d8949cfe60;4047300000000000:3feeec2ccc6219c9	4027fbfa33dec9c8	bits	3fe5fb680fd7fc31			
rt-seed-1558	seeded	seeded-linear	1	LINEAR	0000000000000000:403f72a26eb33b23;4035400000000000:4010aaa9930c0202;4044700000000000:40577d279dcbbedb;404ae00000000000:40556e5036cf8c28	4049fb29dc6c4c0c	bits	4055c00000000000			
rt-seed-1559	seeded	seeded-linear	1E+3	LINEAR	0000000000000000:bff573b0bded6e40;4021400000000000:404a45dd39dae80c	401b53957bf08b47	bits	0000000000000000			
rt-seed-1560	seeded	seeded-linear	0.001	LINEAR	0000000000000000:4040ea009345da26;4030e00000000000:4020a2b8f5a614e1;403b000000000000:405122a369956601	402b159d55189e8b	bits	402ab6c8b4395810			
rt-seed-1561	seeded	seeded-linear	1E-7	LINEAR	0000000000000000:3fc98f161542a078;4031a00000000000:3f81530056a02040;4034000000000000:3fc6ffda4119d594	403283347a11b154	bits	3fb28bb25049c46f			
rt-seed-1562	seeded	seeded-linear	1E-7	LINEAR	0000000000000000:404ae661e15c60f0;401f000000000000:40261a64694580c8;4029000000000000:c057ad96de0e9bec	40194630c0bc4e42	bits	4032f283dd6fb240			
rt-seed-1563	seeded	seeded-linear	1E-7	LINEAR	0000000000000000:40647ed25e08b0c6;3ffc000000000000:406cd87f551fc128;403a200000000000:4072dada78b4ae72;4040900000000000:408f3dfcd55e922c;404c900000000000:407e61f8255e9b83	4012e8ce5d28b417	bits	406dedad121c6236			
rt-seed-1564	seeded	seeded-linear	0.10	LINEAR	0000000000000000:c04986a85dc150c2;4032e00000000000:405006ec0646f3de;403ac00000000000:405133a5d402ce7e	40239afe145af7f0	bits	4021666666666666			
rt-seed-1565	seeded	seeded-linear	0.01	LINEAR	0000000000000000:c0586a4d3be3b04b;4033800000000000:4030db141ec375a4;4044900000000000:c03dc40a5736a88c;4046000000000000:c04ae57997ae3d16	4045c82e48adeaa9	bits	c04911eb851eb852			
rt-seed-1566	seeded	seeded-linear	0.10	LINEAR	0000000000000000:3fe0c6bdfb59171c;4001000000000000:3feb7bc436b5f51e;4036200000000000:3fd1a312ac93357c;4040500000000000:bfa7796d3fd2a6a0	403f84eb08016fd6	bits	0000000000000000			
rt-seed-1567	seeded	seeded-linear	1E-400	LINEAR	0000000000000000:40514b01752201e9;4037c00000000000:40346fa7ded22604;4047900000000000:40532c8d4c546948;404af00000000000:4050aaa48408aeae	404941ef3c7423fd	bits	4051ea28f891c949			
rt-seed-1568	seeded	seeded-linear	0	LINEAR	0000000000000000:4050209fdf10158a;4019000000000000:c0403d9f3f8e4246;4038000000000000:40574e17a4d203e0	4036967f4f01f3e3	bits	4054ce1254bd76a2			
rt-seed-1569	seeded	seeded-linear	0.25	LINEAR	0000000000000000:3fe4f4c6a50e1534;4006000000000000:3fe447cd837542b6;4012800000000000:3fe2bf67669a6976;403de00000000000:3fe1a4e736d94580	404f700000000000	bits	3fe1a4e736d94580			
rt-seed-1570	seeded	seeded-linear	0	LINEAR	0000000000000000:4056133ecb0921b2;4032c00000000000:404867f8028dea40	402ecdfacc53e56a	bits	404bee6c17508bc8			
rt-seed-1571	seeded	seeded-linear	1E-400	LINEAR	0000000000000000:407d5e6eed6731a3;4037c00000000000:40620175f657f44f;403ca00000000000:404b4e39a4bfdd79;4043b00000000000:407f818654a8041a	4037c00000000000	bits	40620175f657f44f			
rt-seed-1572	seeded	seeded-linear	0.1	LINEAR	0000000000000000:40371fb7202bcdc0;400b000000000000:c05156bfcbba76cd;4038400000000000:c04b2c4c487dace2;403f800000000000:c028ec65a86b1e98;4040a00000000000:4023a7b1c70146a0	403248a8ca258be9	bits	c04d59999999999a			
rt-seed-1573	seeded	seeded-linear	0.1	LINEAR	0000000000000000:403c2cdfe18184a0;402f800000000000:c05033da6b39eaec	4050700000000000	bits	c05033da6b39eaec			
rt-seed-1574	seeded	seeded-linear	5	LINEAR	0000000000000000:3fd21884b82ccfc6;401f800000000000:3feab262e3b4649d;403e800000000000:3fdbc4f41ccb44c2	403f800000000000	bits	3fdbc4f41ccb44c2			
rt-seed-1575	seeded	seeded-linear	5	LINEAR	0000000000000000:c05774bdc8aa06ff;4015800000000000:c046d28e44c7e244	4011e3b6ee70c4df	bits	c049000000000000			
rt-seed-1576	seeded	seeded-linear	0.10	LINEAR	0000000000000000:3fd28f5422e23bda;4032c00000000000:3fe7038384050ec1;4041a00000000000:3fecb942681bad59;4045d00000000000:3fd9485a4f9b35d4;4047300000000000:3fdc354e7d6b76c4	4017488e80b6c667	bits	3fd999999999999a			
rt-seed-1577	seeded	seeded-linear	0.25	LINEAR	0000000000000000:4085c08a4d1b5044;4024000000000000:4080f9aa2cb47c24;4034000000000000:408869fc7f1118a6;403f800000000000:40671382a9b1f3ae	40074241a2e7bfb6	bits	40845e0000000000			
rt-seed-1578	seeded	seeded-linear	1E-7	LINEAR	0000000000000000:4052f19b0889766e;4009000000000000:4051327c5cec5d2a;403a200000000000:c008280a4d1b07e0;4044500000000000:4046dce8ec08f0ec;4049800000000000:c052dfdae212e78e	4045a05be4437b22	bits	402e0b4bca02edf1			
rt-seed-1579	seeded	seeded-linear	5	LINEAR	0000000000000000:3fd19ef5f2817058;4023800000000000:bfb10a8a394cca80;4033800000000000:bfecc53a409cb098;4045a00000000000:bfd714c3930fcf00	40321bd8de50f301	bits	0000000000000000			
rt-seed-1580	seeded	seeded-linear	0.00	LINEAR	0000000000000000:4080b6485f8308e4;4028000000000000:404e60b21e333e1a	404e000000000000	bits	404e60b21e333e1a			
rt-seed-1581	seeded	seeded-linear	-1	LINEAR	0000000000000000:40575ef74918461c;400c000000000000:c04ece3199606dd3;4038200000000000:c026626a779f4768	3ffe6c126864904c	bits	402274d66a8af938			
rt-seed-1582	seeded	seeded-linear	0.01	LINEAR	0000000000000000:408b4961603c7829;4034e00000000000:408a1a76fb5d14e9;4040100000000000:4088a547c53dd741	400f2db33b8f3a9a	bits	408b10e147ae147b			
rt-seed-1583	seeded	seeded-linear	0.001	LINEAR	0000000000000000:bfe815190858bada;4022400000000000:3fd4f8d72e8341ec;403ee00000000000:bfeb081bd781ffc8;404b200000000000:bfe1064200d84e70;404f200000000000:3fd82f11ac04bc04	404584f2d239fd07	bits	bfe5db22d0e56042			
rt-seed-1584	seeded	seeded-linear	0.001	LINEAR	0000000000000000:c051a8fcbd96ca37;4038400000000000:c013428b6d03abb0;4042800000000000:4046f1645937af5c;4044e00000000000:40465bfc61a2a4c0;4049700000000000:404bd6652843796c	0000000000000000	bits	c051a8fcbd96ca37			
rt-seed-1585	seeded	seeded-linear	1E-400	LINEAR	0000000000000000:bfd4bd023f9c94ac;4038c00000000000:3fe5d131e3704336;4047f00000000000:bfda991df7331280	0000000000000000	bits	bfd4bd023f9c94ac			
rt-seed-1586	seeded	seeded-linear	5	LINEAR	0000000000000000:3ff32dcf3aea48eb;4026000000000000:4022d1d07b58883b	40015295631de85a	bits	0000000000000000			
rt-seed-1587	seeded	seeded-linear	0.01	LINEAR	0000000000000000:c001614c0630c8a0;4002000000000000:c0452ecab2fd498e;402e800000000000:4021c9f9c5db0d58	4029b0de3a157b40	bits	bfe2e147ae147ae1			
rt-seed-1588	seeded	seeded-linear	5	LINEAR	0000000000000000:3fde9cd0852ebd04;4034200000000000:3fc0db2c8660d53c;4046200000000000:3fd4dd277ae9c6a0	40407ed0e396f38f	bits	0000000000000000			
rt-seed-1589	seeded	seeded-linear	0.01	LINEAR	0000000000000000:c03d68910daf3114;402e400000000000:4017f3096b827be0;4030400000000000:40569603a3118614;4035400000000000:4040f477f218df08;4046600000000000:c0380e704b7357b8	0000000000000000	bits	c03d68910daf3114			
rt-seed-1590	seeded	seeded-linear	1	LINEAR	0000000000000000:bfb0eb9343b6b750;402e800000000000:bfdfbe7e36ac4d14;4038200000000000:bfedc1551fcd8ba4;4041700000000000:bfec1631c25d4486	401d23f835a375e8	bits	0000000000000000			
rt-seed-1591	seeded	seeded-linear	0.25	LINEAR	0000000000000000:c0586ea6366d54d2;4020800000000000:c03379c8e8bdd730;403e000000000000:40533fdc0128d83e;4046900000000000:405684d1d70979ac	40132af054602aa7	bits	c04a200000000000			
rt-seed-1592	seeded	seeded-linear	0.2	LINEAR	0000000000000000:405ecc2f36aecb9f;4011000000000000:404655b3c5901397;4025400000000000:402c6e4fbaf7e54e;4038200000000000:40447abf95130a21	40313bf5edb332b5	bits	403b333333333333			
rt-seed-1593	seeded	seeded-linear	5	LINEAR	0000000000000000:3fe4dd77c4ffb1d6;4031600000000000:bfd333ff682bcab8;403a000000000000:bfcaa646e2df89a0	402e538e22f8765e	bits	0000000000000000			
rt-seed-1594	seeded	seeded-linear	0.001	LINEAR	0000000000000000:404d2dc097f0af6c;4012000000000000:403ce4752242a5c8;4035e00000000000:4056310e89fc9872;4045900000000000:c057a038caa97f1c	403c7ae28325c124	bits	403fcd4fdf3b645a			
rt-seed-1595	seeded	seeded-linear	0.5	LINEAR	0000000000000000:bf9e76f6b07ca440;4013800000000000:bfbd1e7de08a8230;401c800000000000:3febd7eb1342d1fa;4024800000000000:3fe503de85d04586;4025c00000000000:3fdeb2f6cccbd330	401115d225242fbd	bits	0000000000000000			
rt-seed-1596	seeded	seeded-linear	0.10	LINEAR	0000000000000000:bfefab319317333c;4029400000000000:3fb13903efc0b370	40288d19886c51b0	bits	0000000000000000			
rt-seed-1597	seeded	seeded-linear	0.123456789012345678901	LINEAR	0000000000000000:c022fea99e148190;4034200000000000:4057e33e6112f1e6;4040100000000000:c052ad718d7ce676;4043d00000000000:c046461f3cd2311b;404d000000000000:403b985398fcc7c4	4049e1553ce77268	bits	4008b0fcd32f707a			
rt-seed-1598	seeded	seeded-linear	5	LINEAR	0000000000000000:40524a45b124a8dc;402fc00000000000:4053bb74f7e46c40	4035e00000000000	bits	4053bb74f7e46c40			
rt-seed-1599	seeded	seeded-linear	0.1	LINEAR	0000000000000000:bf889e18ec640c00;4037a00000000000:3fe5fd644faf4dbc;403e400000000000:bfd618c5d03cfe5c	40280078ebed8f7f	bits	3fd3333333333333			
rt-seed-1600	seeded	seeded-linear	-1	LINEAR	0000000000000000:40585e6f40a3a300;4037000000000000:404d07edb1307940;4043200000000000:4052178c86ba1002;4043600000000000:c0420213a3f466ea;404ed00000000000:40527bfc45231c74	3ff155ab8f04df58	bits	4057e79d11ce1a69			
rt-seed-1601	seeded	seeded-linear	0.123456789012345678901	LINEAR	0000000000000000:408c8a06b035c6f7;4031400000000000:4087d4bbec7f4954;4032200000000000:4084168fc068f8ca;4044100000000000:4045588683f24d53;4044e00000000000:408114cae013b4e2	402acb6c6737c3ec	bits	4088e25eccd5cf5b			
rt-seed-1602	seeded	seeded-linear	0.123456789012345678901	LINEAR	0000000000000000:bfa03895b220aac0;4024800000000000:3fe47eb1ff9a3508	4018172994373c8f	bits	3fcf9add3746f65f			
rt-seed-1603	seeded	seeded-linear	0.2	LINEAR	0000000000000000:4057b3998e099176;4024800000000000:4044ed62473985f8	4020151b59e85b43	bits	404ab33333333333			
rt-seed-1604	seeded	seeded-linear	0.01	LINEAR	0000000000000000:405697cf28553eab;4037000000000000:4052585065c93fee;403ac00000000000:4018f3e2e6307946	4013d98b9d6a4763	bits	4055ad70a3d70a3d			
rt-seed-1605	seeded	seeded-linear	1E-7	LINEAR	0000000000000000:402c650691875dd9;3ffa000000000000:403aa1dda07b2ac6;4034600000000000:402b9a2eb49f1225;4044600000000000:403acf3426447499	40415ebbb20bb65d	bits	4036f8f082b47ac6			
rt-seed-1606	seeded	seeded-linear	0	LINEAR	0000000000000000:4057ace3dd880ca5;4033800000000000:404aafee6738bd17;4043000000000000:405cc9021b5b26bb	4043000000000000	bits	405cc9021b5b26bb			
rt-seed-1607	seeded	seeded-linear	0	LINEAR	0000000000000000:404203f5c3169a1c;4021c00000000000:405a470e09f0f965;4040000000000000:405c0f0fac533832	40358b531c6ad3e5	bits	405b40e1ca40ead6			
rt-seed-1608	seeded	seeded-linear	1	LINEAR	0000000000000000:406c7293079437b5;3ffc000000000000:4071ae2770786e95;4017000000000000:404f3f3526a5c4f8;4033c00000000000:407e1d8187771068;403fc00000000000:40834b9c3d38f1d8	3fe65e624e8d09b0	bits	406f200000000000			
rt-seed-1609	seeded	seeded-linear	0.001	LINEAR	0000000000000000:40470902ecef9b90;4031e00000000000:404150acedadc0d8;403a200000000000:404a3edd72ebe98c;4044400000000000:c057c67651ab7a95	402f24cb7ca57456	bits	40420d70a3d70a3d			
rt-seed-1610	seeded	seeded-linear	0.5	LINEAR	0000000000000000:404c1fb673a02ccf;4033400000000000:405cba8a80732306;4043e00000000000:401cb9d4897efa34	3fd9b99e1cd02ace	bits	404c800000000000			
rt-seed-1611	seeded	seeded-linear	0.5	LINEAR	0000000000000000:40540cfadc521c74;402fc00000000000:40872e2fdf8acc4d	402f4afc3cf5dcfc	bits	4086e00000000000			
rt-seed-1612	seeded	seeded-linear	0.123456789012345678901	LINEAR	0000000000000000:c03458295f4a7814;4032400000000000:c05280f4501ce292;403ea00000000000:c0279279fcd26718	402900ecac6389f0	bits	c04c74f02e4564d5			
rt-seed-1613	seeded	seeded-linear	1	LINEAR	0000000000000000:4045b4705441100c;4035800000000000:40529170086006ea	4033350744bde1f7	bits	4051800000000000			
rt-seed-1614	seeded	seeded-linear	0.123456789012345678901	LINEAR	0000000000000000:405ccc09ba1908b2;4036400000000000:401de39f17a04e58;4043f00000000000:403745bbeb81ad37;404c200000000000:4021a367110fb029	0000000000000000	bits	405ccc09ba1908b2			
rt-seed-1615	seeded	seeded-linear	0.1	LINEAR	0000000000000000:403d9a29c80d12e8;4038200000000000:4054564994cd4b04	400b05f80537bf61	bits	4042666666666666			
rt-seed-1616	seeded	seeded-linear	0.01	LINEAR	0000000000000000:3fe3f3c184b07f7b;4028c00000000000:3fde453efb60b78a;403da00000000000:3fe4279a006c5b6a	401ea7e139ad42c3	bits	3fe147ae147ae148			
rt-seed-1617	seeded	seeded-linear	0.01	LINEAR	0000000000000000:40510582547e57e7;4012800000000000:4052c4809c094148	40075a61d818ad32	bits	40521f5c28f5c28f			
rt-seed-1618	seeded	seeded-linear	0.00	LINEAR	0000000000000000:3fdf9ae9c765c430;3fe0000000000000:3fee9186cc384cec;4032600000000000:bfb9a38370caee10;4034c00000000000:3fc33db196286370;403d000000000000:bfdd6b384d6829a4	0000000000000000	bits	3fdf9ae9c765c430			
rt-seed-1619	seeded	seeded-linear	0.25	LINEAR	0000000000000000:408524c87e91cf96;402d400000000000:4087dc1f27f4ef00;403ca00000000000:408651a65f907d2e	0000000000000000	bits	408524c87e91cf96			
rt-seed-1620	seeded	seeded-linear	5	LINEAR	0000000000000000:4039fa961dafe02e;4027000000000000:403f27d2d3aa8deb;4039e00000000000:405e73ffd3eab127	0000000000000000	bits	4039fa961dafe02e			
rt-seed-1621	seeded	seeded-linear	0.5	LINEAR	0000000000000000:3fe9d08ae27bac18;400c000000000000:3f985540431a2cc0;4024000000000000:3fe3ba80fc1dac6c;4040300000000000:3fc2f92095b8a030	4035a1559ad29aa1	bits	3fe0000000000000			
rt-seed-1622	seeded	seeded-linear	1E-400	LINEAR	0000000000000000:40472f19e10c01d0;4027800000000000:c04f06157e4d9f8a	40260840772c92d4	bits	c04ba3573c6ddade			
rt-seed-1623	seeded	seeded-linear	0.123456789012345678901	LINEAR	0000000000000000:407d5bca0f1d2b78;4033800000000000:407603e6639ac2e8	3fffd87f93a8a2f8	bits	407c9c71c2ca7d89			
rt-seed-1624	seeded	seeded-linear	0.123456789012345678901	LINEAR	0000000000000000:3fe742a5047d2f92;402f800000000000:3fb718435dce9650;4037e00000000000:3fe8586d4787307b	4037e00000000000	bits	3fe8586d4787307b			
rt-seed-1625	seeded	seeded-linear	1E-400	LINEAR	0000000000000000:408aa062e0762aed;4035c00000000000:4014079b68b86676	4020dae5780ce927	bits	40805ebe8eaf0cc4			
rt-seed-1626	seeded	seeded-linear	0.123456789012345678901	LINEAR	0000000000000000:40705100613377e4;4033000000000000:40888a3fe1b7dcbf;403c600000000000:407cdf1983b5d5e1	0000000000000000	bits	40705100613377e4			
rt-seed-1627	seeded	seeded-linear	0.2	LINEAR	0000000000000000:40887aac8b915b21;4013000000000000:407a5028f622b663;403da00000000000:408ea1e17e7eef80;4040200000000000:40887700b52f5f67;4048300000000000:408b5e66637cee34	40480fa08b3576dd	bits	408b51999999999a			
rt-seed-1628	seeded	seeded-linear	0.123456789012345678901	LINEAR	0000000000000000:4038ce5875dc7215;4008000000000000:40441d6472c3a1ad	3ff83a8fe28e2a92	bits	40403c0ca1e4f38e			
rt-seed-1629	seeded	seeded-linear	0	LINEAR	0000000000000000:bfe20eabacaac2fc;4036a00000000000:3fb91d5e3501bf90	3febefd06f21f4f6	bits	bfe13d4934d51bcc			
rt-seed-1630	seeded	seeded-linear	0	LINEAR	0000000000000000:403b33a7d1272ac8;4012800000000000:402f86909ac39dfa;403d400000000000:403c0cebff30a127;4044c00000000000:405dd43c6c8b8145	0000000000000000	bits	403b33a7d1272ac8			
rt-seed-1631	seeded	seeded-linear	0.5	LINEAR	0000000000000000:4081c4f442f7046a;4036000000000000:407f962b51b60cac	40206b6acc6ee26d	bits	40810c0000000000			
rt-seed-1632	seeded	seeded-linear	1E-7	LINEAR	0000000000000000:404c381f3fa33981;4027400000000000:404dcda19c31dd95;403ba00000000000:405e77e3a7c7d519;4041300000000000:405e0dfd728dc96b	4048b00000000000	bits	405e0dfd728dc96b			
rt-seed-1633	seeded	seeded-linear	0.001	LINEAR	0000000000000000:c045270d85ccb3fa;401a800000000000:401d21aca8736580;4024400000000000:c01b9c7c9ce10680;4040900000000000:c04b5f531536f42c;404b100000000000:4054335e6f55a6b0	404342dc0fdc8784	bits	c033e83126e978d5			
rt-seed-1634	seeded	seeded-linear	1E-7	LINEAR	0000000000000000:408db417b58a05c8;401d800000000000:407466bb4c60881e;403a000000000000:40735e4289c27184;4046300000000000:403b5e6cdfeea3a2;4049a00000000000:408d7cc67bd4ca9a	404380f5401c92be	bits	405b795e4316d605			
rt-seed-1635	seeded	seeded-linear	1E-7	LINEAR	0000000000000000:4076521df690f9be;4025400000000000:4043df42a4facaa0	0000000000000000	bits	4076521df690f9be			
rt-seed-1636	seeded	seeded-linear	0	LINEAR	0000000000000000:c00a6021c03a96a0;4026800000000000:c04f8226415a0076;4035400000000000:c04cae441573159f;4037800000000000:404d68155ff8a848;403ac00000000000:c03fa06fadc09bc8	4017908176d5030a	bits	c04148e6acf43f7e			
rt-seed-1637	seeded	seeded-linear	0.01	LINEAR	0000000000000000:c057baa11f440668;4031800000000000:c052ef53792bf4f5	40112a93e0e9201f	bits	c0568e147ae147ae			
rt-seed-1638	seeded	seeded-linear	0.001	LINEAR	0000000000000000:c02b5ab852f948b0;3fe4000000000000:4057f8205ca4df6c;4007000000000000:c058ec02ec8c7025;402b400000000000:403738badad53664	4007000000000000	bits	c058ec02ec8c7025			
rt-seed-1639	seeded	seeded-linear	1	LINEAR	0000000000000000:3fca69957621c660;4035200000000000:3fe80cfd119ea039;403fa00000000000:3fb7a4811f4ee5a0;4046600000000000:3fd83a9ea975028c	40446bb79b0b4d08	bits	0000000000000000			
rt-seed-1640	seeded	seeded-linear	0.00	LINEAR	0000000000000000:3fc1fc4b187814e8;4023c00000000000:3fd792bbf82cf62c;4041200000000000:3fd4d75b214c233c;404cd00000000000:3fdf7904336a7598	4037daa5337752ea	bits	3fd601a3e5405d75			
rt-seed-1641	seeded	seeded-linear	0.01	LINEAR	0000000000000000:bfd9f331a4bc50a8;402b000000000000:3fd39f6884a223c4;4043300000000000:3fd794f6cdc53f74;404f400000000000:bfef9f0e12d4fc12;4051680000000000:bfc7e97cd1df5df8	402390b6297dbb83	bits	3fbc28f5c28f5c29			
rt-seed-1642	seeded	seeded-linear	0.00	LINEAR	0000000000000000:4086f9ec0c8e0951;4029400000000000:4071c213b365c795	4029400000000000	bits	4071c213b365c795			
rt-seed-1643	seeded	seeded-linear	1E+3	LINEAR	0000000000000000:c04af87a157bc16a;4010800000000000:c0543b166d2b1dee;4035a00000000000:403d6d42a3178910	0000000000000000	bits	c04af87a157bc16a			
rt-seed-1644	seeded	seeded-linear	0.001	LINEAR	0000000000000000:3fabc4750a063d90;4030200000000000:3fe28419bad8a0c3;403c600000000000:3fec26027694d916;4041f00000000000:3fec183716cf096e	403efeb25a3b4c1f	bits	3fec28f5c28f5c29			
rt-seed-1645	seeded	seeded-linear	1E-400	LINEAR	0000000000000000:40852c8d33cd15ce;4025800000000000:408000a0d046a697	404c600000000000	bits	408000a0d046a697			
rt-seed-1646	seeded	seeded-linear	1E-400	LINEAR	0000000000000000:404fbcc6dc06daf4;4036a00000000000:c0213f02c73a0ab8	4025a1ca5605ac4d	bits	403d020fef1880b0			
rt-seed-1647	seeded	seeded-linear	0.00	LINEAR	0000000000000000:4044f5a3e973bea4;402fc00000000000:404cae850f36feb8	3ffa647520f3b03a	bits	4045c30d5a9c0024			
rt-seed-1648	seeded	seeded-linear	0.10	LINEAR	0000000000000000:404cf3956b9e0718;4038000000000000:408eafbc53962d5f;4040300000000000:408492558334ae1f	0000000000000000	bits	404cf3956b9e0718			
rt-seed-1649	seeded	seeded-linear	0.10	LINEAR	0000000000000000:40852b73e5c381c3;4036200000000000:408e0b76df072955;403ac00000000000:408259d35ab85002;4045c00000000000:4061cf746d9d0ad6	403cddbe0a94a3b3	bits	408098cccccccccd			
rt-seed-1650	seeded	seeded-linear	0	LINEAR	0000000000000000:4064b4cd5c3b8c33;4010000000000000:4059a774e79488ca;401b800000000000:405dee92f0d2ba38	400e14796c353229	bits	405a99822197b46e			
rt-seed-1651	seeded	seeded-linear	-1	LINEAR	0000000000000000:3fc8dd26eccf4af0;401f800000000000:3fe834c1220d1110;403b000000000000:bfe564fa7dffa91c	401a4779d7c756e3	bits	3fe5397241845196			
rt-seed-1652	seeded	seeded-linear	1E-7	LINEAR	0000000000000000:4046f82f7d722264;4034200000000000:404efe8e91caab23	40194c60553e45e0	bits	40497dcd8706efde			
rt-seed-1653	seeded	seeded-linear	0.2	LINEAR	0000000000000000:404c462054565df3;4032c00000000000:4041b64c2466bc79;4041500000000000:4051ee9191323985;4048300000000000:40515f78c587f5e7;404a800000000000:40281bd48c8b22e3	402957f6714ff2fe	bits	4045333333333333			
rt-seed-1654	seeded	seeded-linear	0.1	LINEAR	0000000000000000:402c687cc31d5298;4036000000000000:c04a75e646e6b55c;403c800000000000:4056732d27020fb6;4049c00000000000:c01f08fbe3c327b0;404f700000000000:c043f4edd1a73374	401b44edb6a472b0	bits	c01a000000000000			
rt-seed-1655	seeded	seeded-linear	-1	LINEAR	0000000000000000:40811698eab8baf4;4026400000000000:40817d6f7ad4eadb;403fe00000000000:4078c41824360a4d;4040700000000000:4087d5b693f3f4e7	0000000000000000	bits	40811698eab8baf4			
rt-seed-1656	seeded	seeded-linear	0.123456789012345678901	LINEAR	0000000000000000:4080bfeca4041297;4027400000000000:408b96a0f439a203;4032e00000000000:4084bb6509d812f0;4040f00000000000:408cc3a927b6b030;404bc00000000000:404b510c41feba21	404bc00000000000	bits	404b510c41feba21			
rt-seed-1657	seeded	seeded-linear	0.5	LINEAR	0000000000000000:40396f2588f62c8c;3ff4000000000000:403b1a71f0b44e38	3fbfb939691b258a	bits	4039800000000000			
rt-seed-1658	seeded	seeded-linear	0.10	LINEAR	0000000000000000:bfb55bd4639c1eb0;4006000000000000:3fea8782a636dc26;4038c00000000000:3fea4c097bd0f34a	4050f00000000000	bits	3fea4c097bd0f34a			
rt-seed-1659	seeded	seeded-linear	0.00	LINEAR	0000000000000000:405fc79c075bfcba;4000000000000000:4083f9129bc19fb0;4030c00000000000:40468beaef4c9f4f	402efb971e305f69	bits	4057f213556633b8			
rt-seed-1660	seeded	seeded-linear	0.01	LINEAR	0000000000000000:40309bd473496394;402e400000000000:4050f3c4225af46e;4039a00000000000:405e4b87c31b5470;403bc00000000000:4050bb024cef67f7	4022f4c86f4ff545	bits	40485851eb851eb8			
rt-seed-1661	seeded	seeded-linear	-1	LINEAR	0000000000000000:3fd9d5c2e0ed57fc;402d400000000000:3fea83fe608b78f9	40130be587da0378	bits	3fe158438bc7ee7f			
rt-seed-1662	seeded	seeded-linear	5	LINEAR	0000000000000000:3fe0a3f2ba3e13d6;4019800000000000:3fee01b534c2760e;403ce00000000000:3fd0b997ebea1162	400420567cdf917a	bits	0000000000000000			
rt-seed-1663	seeded	seeded-linear	0.001	LINEAR	0000000000000000:405cae588a750ada;4038c00000000000:40413d967b6c5744	401af3ea78c3a0fb	bits	4057383126e978d5			
rt-seed-1664	seeded	seeded-linear	1E-7	LINEAR	0000000000000000:3fe452f2581be412;3ff0000000000000:3fe56806803d0caa	3fc22c66f3b71684	bits	3fe47a493c89f40a			
rt-seed-1665	seeded	seeded-linear	1E+3	LINEAR	0000000000000000:3fd9e28ec9cc36c4;4030000000000000:3fee3e802f162724;403b400000000000:3fe9d08cbf125ef5	0000000000000000	bits	3fd9e28ec9cc36c4			
rt-seed-1666	seeded	seeded-linear	1E-7	LINEAR	0000000000000000:3fd2aaee58887200;4034e00000000000:bfc4fcd811057600;4043f00000000000:c057d1a1827c99cc;4047800000000000:c04a4c2c6ba3e757;4048000000000000:402d53710a849370	4023345cc6bdb17d	bits	3fb503cdead9fe0e			
rt-seed-1667	seeded	seeded-linear	-1	LINEAR	0000000000000000:3fe08fbbcbbeccaa;4022400000000000:3fd9fdd8e3267670;402dc00000000000:3fc243cbc845973c	4028a9a81677ca17	bits	3fd09727481cb2ac			
rt-seed-1668	seeded	seeded-linear	0.001	LINEAR	0000000000000000:3fdcfee36a778d4c;402d400000000000:3fdde3ee13357534;403f000000000000:3fea19482ebeabac;4042700000000000:3fe726321621a5de	0000000000000000	bits	3fdcfee36a778d4c			
rt-seed-1669	seeded	seeded-linear	1E-7	LINEAR	0000000000000000:3fef010263026fc4;4034800000000000:3fa57203fa6df5c0	40194b75fe2ef8e1	bits	3fe5da80ea762b00			
rt-seed-1670	seeded	seeded-linear	0	LINEAR	0000000000000000:c03fb63d5edb3eac;4039600000000000:c010032301a2b7c0	402defa3a9a72b60	bits	c02ebbfe569408e6			
rt-seed-1671	seeded	seeded-linear	0.001	LINEAR	0000000000000000:40773b0c6530d53d;4030a00000000000:4085f9f01d24f04c;4042100000000000:408f29269a8d341d;4044d00000000000:408a23566c15b620	3fdd2debdfcca31d	bits	4077cc872b020c4a			
rt-seed-1672	seeded	seeded-linear	0.2	LINEAR	0000000000000000:4052b82bebac5771;4022400000000000:3feb6a9709a4f882;403ce00000000000:402ff1ce58fcf54e;403ea00000000000:405c982e567e4a5c	40323ecf6927c2e3	bits	401f333333333333			
rt-seed-1673	seeded	seeded-linear	5	LINEAR	0000000000000000:c0494d80e9fa47c5;4023000000000000:403c8120d910f818	4023000000000000	bits	403c8120d910f818			
rt-seed-1674	seeded	seeded-linear	1E-400	LINEAR	0000000000000000:403350fe56cdb198;3ffe000000000000:4044ffa6215a0fc6;402d800000000000:404a502f8ce568ed;403e800000000000:405f31dd601bfcb9	40302137bc0626eb	bits	404d7940ab9e9e73			
rt-seed-1675	seeded	seeded-linear	-1	LINEAR	0000000000000000:c0492df735555b9e;4029000000000000:404bb78480492d68;402d400000000000:c0537bcedecda1fd;4034a00000000000:c0337daee4378d48	3ffa45b2ba03262f	bits	c0423b23907c74b8			
rt-seed-1676	seeded	seeded-linear	1E-7	LINEAR	0000000000000000:c0412b0422cb0aa0;4011800000000000:c050be8b7115e9b7;4025000000000000:c031655badebc78c	4047400000000000	bits	c031655badebc78c			
rt-seed-1677	seeded	seeded-linear	-1	LINEAR	0000000000000000:3fc7f84890eaeab0;4034800000000000:3feee9e34ed4d788	402b7aafc0eb7090	bits	3fe6b1fc9bd8d95d			
rt-seed-1678	seeded	seeded-linear	0.10	LINEAR	0000000000000000:404adf3c1956041b;4030400000000000:40490b117c1c63bb;4033600000000000:405eb7c60b776b71	401c8f347a43f49d	bits	404a19999999999a			
rt-seed-1679	seeded	seeded-linear	0.001	LINEAR	0000000000000000:406861344e70136e;4036a00000000000:40824f586e9983a2;403d800000000000:4077438168b5603b	4055a00000000000	bits	4077438168b5603b			
rt-seed-1680	seeded	seeded-linear	0.2	LINEAR	0000000000000000:401a7f0109844629;4038200000000000:4050cad461bd6036;4041800000000000:4049f96d2c83ef7d	4040bb3ad8a28515	bits	404b19999999999a			
rt-seed-1681	seeded	seeded-linear	0.01	LINEAR	0000000000000000:c0182d5d17a6bec0;402d400000000000:c0420fb9deaa063e;4042700000000000:c04e092e422da2a0	402d400000000000	bits	c0420fb9deaa063e			
rt-seed-1682	seeded	seeded-linear	0.1	LINEAR	0000000000000000:3fe679a5bc4396f5;402dc00000000000:3fe78acece3d2829	40250946921e4d89	bits	3fe6666666666666			
rt-seed-1683	seeded	seeded-linear	0.2	LINEAR	0000000000000000:408618d29f43608f;401c800000000000:408a8aafa96070c7	0000000000000000	bits	408618d29f43608f			
rt-seed-1684	seeded	seeded-linear	0.01	LINEAR	0000000000000000:bfeda017f591e37a;4031600000000000:bfdfc409fdaefd64;4032800000000000:bfe2d43ae20500d2;4037400000000000:bfcd87b5ff696bf0;403c000000000000:bfea03b4a8b9d324	4038a5dcc9becb61	bits	bfd999999999999a			
rt-seed-1685	seeded	seeded-linear	0.01	LINEAR	0000000000000000:4068daafb7b40a24;4036200000000000:4087d20110ac20de;4045300000000000:4066eb79637e7aaa;4045900000000000:4063460668aa0c03	4052480000000000	bits	4063460668aa0c03			
rt-seed-1686	seeded	seeded-linear	0.01	LINEAR	0000000000000000:403fcb0d920c8bb0;4015000000000000:40463824a76fcd44;401d000000000000:c03c58499ab68ef4;4032e00000000000:403ab2951bdb863c;4034c00000000000:40404b60e755cee0	4029fe57b794bcc0	bits	bff23d70a3d70a3d			
rt-seed-1687	seeded	seeded-linear	1	LINEAR	0000000000000000:40582f6c76a5494f;4036400000000000:405df2db699e322a;4045a00000000000:4045f47574f97346;4047f00000000000:405ea86da4efda61;404f800000000000:405430998be6c94c	404e5314fe320c94	bits	4056000000000000			
rt-seed-1688	seeded	seeded-linear	0.2	LINEAR	0000000000000000:bfb3a2345263a6e0;3ff8000000000000:3fe2556742ac4a92	0000000000000000	bits	bfb3a2345263a6e0			
rt-seed-1689	seeded	seeded-linear	0.10	LINEAR	0000000000000000:406aa6148fa6741f;4030400000000000:4081a6c050a804d2	402338ce158a47dc	bits	407a51999999999a			
rt-seed-1690	seeded	seeded-linear	5	LINEAR	0000000000000000:4087c767f1736018;401a800000000000:40858737aef687e2	3ff4750422ead8cf	bits	4087700000000000			
rt-seed-1691	seeded	seeded-linear	0.2	LINEAR	0000000000000000:c035b2b910f424a0;4031800000000000:c042fe34d1d17c9f;4042800000000000:403ca7ff5e0fca18	0000000000000000	bits	c035b2b910f424a0			
rt-seed-1692	seeded	seeded-linear	0.001	LINEAR	0000000000000000:4037e013c6351820;4034e00000000000:404d466b9a0c01d4	3ff08682d8fe41cb	bits	4039970a3d70a3d7			
rt-seed-1693	seeded	seeded-linear	1	LINEAR	0000000000000000:4085db5061a29362;4025c00000000000:407cfe12c02937e9;4038000000000000:40882971082801c7	40256388bd1675ac	bits	407d400000000000			
rt-seed-1694	seeded	seeded-linear	0.5	LINEAR	0000000000000000:405c8663c713b57e;4028800000000000:401566bee8cbc1ec;4042900000000000:4056dfefc8c94f1f;404de00000000000:40391227668f0676;4054480000000000:404c37090959ee65	402334a4c7cabb8b	bits	403d000000000000			
rt-seed-1695	seeded	seeded-linear	0.2	LINEAR	0000000000000000:401245fd0d0e3890;3ff6000000000000:40370f23e8137ac4	3fef6087ecdfbd8a	bits	403199999999999a			
rt-seed-1696	seeded	seeded-linear	-1	LINEAR	0000000000000000:4071d436d5c1e2a7;4008000000000000:407c52233b5f96e8;4020800000000000:4079fb531c1b058a;4034000000000000:40888d043993669a	40328c112c8131f6	bits	40871f193a1b902e			
rt-seed-1697	seeded	seeded-linear	0.25	LINEAR	0000000000000000:407a9ab2f3b880c4;4030400000000000:407388144d561427;403d000000000000:407b2f53a72223d7;4048000000000000:4039dfdfc1b49396;404ee00000000000:4062277864898746	404a77173d323fe2	bits	4051200000000000			
rt-seed-1698	seeded	seeded-linear	0.1	LINEAR	0000000000000000:c02935d8097a0410;4030600000000000:4055140e53353788;4038400000000000:c0223aacc96b29c0	3fec1c71ed33cd0d	bits	c01e000000000000			
rt-seed-1699	seeded	seeded-linear	1E-400	LINEAR	0000000000000000:c04fc476ad0624e7;402bc00000000000:4056b91d2609c4ea;4034c00000000000:40373637e5c4eb18;4040300000000000:c05254866358f74d;4049000000000000:c0538a3795001b60	4056800000000000	bits	c0538a3795001b60			
rt-seed-1700	seeded	seeded-linear	5	LINEAR	0000000000000000:408943cb2c4fb89e;401e000000000000:408ad123f782ee53	4003ca10da362dda	bits	4089a00000000000			
rt-seed-1701	seeded	seeded-linear	0.123456789012345678901	LINEAR	0000000000000000:3fea085f35ca1a71;400e000000000000:3fdf6d65400fe6ce;403a200000000000:3fdfde67e372705c;4048b00000000000:3fbecb90a2a72318;404ed00000000000:3fe68585c3bfcead	4030ea88b58732ae	bits	3fdf9add3746f65f			
rt-seed-1702	seeded	seeded-linear	-1	LINEAR	0000000000000000:3f91dc33c213f600;401a000000000000:bfed26f8f6515052;403a600000000000:3fd506abddc00354	4056980000000000	bits	3fd506abddc00354			
rt-seed-1703	seeded	seeded-linear	0.01	LINEAR	0000000000000000:40440428ea0d6370;402d400000000000:404d62eeb57edef8	0000000000000000	bits	40440428ea0d6370			
rt-seed-1704	seeded	seeded-linear	1E+3	LINEAR	0000000000000000:404abac96b9d693b;402fc00000000000:403981ad300a0da6	0000000000000000	bits	404abac96b9d693b			
rt-seed-1705	seeded	seeded-linear	0.01	LINEAR	0000000000000000:3fefa409947eb739;4035200000000000:3fc7505e8186be7c;4041f00000000000:3fe78bb57dd5162d	3fed85ff4e14f87a	bits	3feeb851eb851eb8			
rt-seed-1706	seeded	seeded-linear	1E-400	LINEAR	0000000000000000:3fede8aeba311384;402f000000000000:3fc7ccdbf42f2f60;4032200000000000:bfe1bd7cdbfca812	4031fb61f324397f	bits	bfe073056a68cede			
rt-seed-1707	seeded	seeded-linear	0.001	LINEAR	0000000000000000:405658521b95612f;4014800000000000:405347b0cffdfaab;403ba00000000000:4057f7fcb6280d4d	4014800000000000	bits	405347b0cffdfaab			
rt-seed-1708	seeded	seeded-linear	1E+3	LINEAR	0000000000000000:c0526750d749f6a8;402a000000000000:40501419db69d76e;402d400000000000:4050f9e8c7639ec2;4043c00000000000:c053a3c2bf81e356;4044900000000000:3ffc5cf66adfa4c0	404142da3f421db1	bits	0000000000000000			
rt-seed-1709	seeded	seeded-linear	1E-400	LINEAR	0000000000000000:3fcb38e34a8d9c7c;4028800000000000:3fefeef55a1ca105;4038c00000000000:3fcbdd77bf3684c4;403ac00000000000:3fb56467eef80638	4026b3ed667a3b08	bits	3fee17185deedbd7			
rt-seed-1710	seeded	seeded-linear	0.25	LINEAR	0000000000000000:3fdbadc4e3796688;4022000000000000:bfd11a5b4d8998dc	401bf7b46fb7dcb9	bits	0000000000000000			
rt-seed-1711	seeded	seeded-linear	1E-7	LINEAR	0000000000000000:c052e4f4fc04c6fc;402cc00000000000:c0245674e2909df0;4042600000000000:c039228345716350;404be00000000000:4053157e69bae72c	40489aeeafdb6c8c	bits	4044b493b5540a43			
rt-seed-1712	seeded	seeded-linear	0.01	LINEAR	0000000000000000:3fd39d1296bea7de;4029000000000000:3fec3ab52e166ccc;4039c00000000000:3f5a67d19136dc00;4046000000000000:3fe7fd52ed6a9f5d;404f200000000000:3fd957d7a9df719a	4040a0b8a85a4add	bits	3fd3333333333333			
rt-seed-1713	seeded	seeded-linear	0.25	LINEAR	0000000000000000:3fe923995715d3a4;4023000000000000:bfe887f97b86bbac;402f400000000000:3fed5e349ed33a26	40006482e489820f	bits	3fe0000000000000			
rt-seed-1714	seeded	seeded-linear	1E+3	LINEAR	0000000000000000:3fcb69062653dbf0;4036000000000000:bfe43c2a9a3d8d9e	400fb3d85f23fdaf	bits	0000000000000000			
rt-seed-1715	seeded	seeded-linear	5	LINEAR	0000000000000000:bfdcd664eff13388;4036a00000000000:bfbd63112078bb30;4046200000000000:3fe1b6a6ecd52fb4;404dc00000000000:bfd0603e06b93248;4051b00000000000:3fea56be3c5da3c0	40201d4d9b4b144c	bits	0000000000000000			
rt-seed-1716	seeded	seeded-linear	-1	LINEAR	0000000000000000:406ea89a2aca246d;4036c00000000000:4085c1e158fee008;4037600000000000:40821db10cc83541;403dc00000000000:407ca75b817042ec	4057700000000000	bits	407ca75b817042ec			
rt-seed-1717	seeded	seeded-linear	0.5	LINEAR	0000000000000000:404a20135b5c8370;4032200000000000:c02995e67ed17238;4038a00000000000:c0517c1491ec78ae	4045500000000000	bits	c0517c1491ec78ae			
rt-seed-1718	seeded	seeded-linear	0.123456789012345678901	LINEAR	0000000000000000:408629b4d53c0d52;4033000000000000:406ff63349e4bbfe	40094826332e79aa	bits	4083ce9e03548907			
rt-seed-1719	seeded	seeded-linear	0	LINEAR	0000000000000000:4056ed9e2534803e;4023800000000000:400d8d986d471d13	4016aa5e5fc3b2b2	bits	404447963f0a3c20			
rt-seed-1720	seeded	seeded-linear	-1	LINEAR	0000000000000000:3fd88991d2e4ebe4;4034600000000000:3fe5f324b5e47814;4042700000000000:bfd95168aec71e48	402c2ea12caee5df	bits	3fe2f6c8b22bea55			
rt-seed-1721	seeded	seeded-linear	1E-7	LINEAR	0000000000000000:4018ca1249b0d362;4033800000000000:4055177e9e1a2fc7;4043100000000000:4035cf86018a742a;4045a00000000000:40217bad4067dcca;4049200000000000:4052ab439c368e41	40248ac1d22f86c4	bits	4047af7636be022f			
rt-seed-1722	seeded	seeded-linear	0.001	LINEAR	0000000000000000:40419622b73aa5fc;4030c00000000000:c018627bf721a510;4045000000000000:c05200acc0a27a8e;404ca00000000000:401fd9f2cb1e1d20	4031a69c9cedf56c	bits	c020e4dd2f1a9fbe			
rt-seed-1723	seeded	seeded-linear	0.10	LINEAR	0000000000000000:bfdfb1d0b0bdfb68;4039200000000000:bfef4d75683196dc;403d200000000000:3fe65aa3d611a184;4049300000000000:bfe8fd2447a1b66a	404613939bf5de27	bits	bfc999999999999a			
rt-seed-1724	seeded	seeded-linear	0.1	LINEAR	0000000000000000:3fd31debe4d471d6;4001000000000000:3fb44b26de0e7f30	3fe14e0f4f1b6671	bits	3fd3333333333333			
rt-seed-1725	seeded	seeded-linear	5	LINEAR	0000000000000000:bfa6de6a7c645fe0;4038e00000000000:bfede2db59a4af56;4041700000000000:bfd2d421a78f5588;404c000000000000:bfe38fab09ad5d14	4046a0c8de7cccaa	bits	0000000000000000			
rt-seed-1726	seeded	seeded-linear	1E+3	LINEAR	0000000000000000:3ffcd0f08bb1f480;4028800000000000:403b4326780eea84	0000000000000000	bits	3ffcd0f08bb1f480			
rt-seed-1727	seeded	seeded-linear	1E+3	LINEAR	0000000000000000:4078bd714383e431;400f000000000000:40550d4f6eeb563f;4015800000000000:4083f0448fb29d32;4039400000000000:4020736df0a8e4f4;4042200000000000:40821c6c04c18ce2	0000000000000000	bits	4078bd714383e431			
rt-seed-1728	seeded	seeded-linear	0.5	LINEAR	0000000000000000:405011da498ab9db;402a000000000000:4032f4205ded541b;4040b00000000000:405c78a62926073c	403b7424f32d0968	bits	4055800000000000			
rt-seed-1729	seeded	seeded-linear	1E-400	LINEAR	0000000000000000:4045641468b911ba;4031c00000000000:402bde17034f9e02	404ee00000000000	bits	402bde17034f9e02			
rt-seed-1730	seeded	seeded-linear	0.5	LINEAR	0000000000000000:3fe67333c8be880b;3ffc000000000000:3fec86d58994f5e3;4026000000000000:3fcd350944ff9de4;4040e00000000000:3fe22fb2e517d4af;4046400000000000:3fec9bae8d853a5f	4054200000000000	bits	3fec9bae8d853a5f			
rt-seed-1731	seeded	seeded-linear	0.001	LINEAR	0000000000000000:3fda0831e05b8068;4024c00000000000:bfd593aa35f6ff90	402276e1ff38d54c	bits	bfd051eb851eb852			
rt-seed-1732	seeded	seeded-linear	0.01	LINEAR	0000000000000000:3fe868de545b1d39;4024400000000000:3fef5ad4ddc5b3c2;4041500000000000:3fcda28832eeaa28;404a000000000000:3fe4edb6f817d36a	40302c1f0b5fdded	bits	3fe999999999999a			
rt-seed-1733	seeded	seeded-linear	0	LINEAR	0000000000000000:3fdeb512231de166;401e800000000000:3fd2a7a8029cb5a4;4027c00000000000:3fe69ebc10766131;403c600000000000:3feb5c405a0b3e1d;4045600000000000:3fd74dec31e202ac	4048e00000000000	bits	3fd74dec31e202ac			
rt-seed-1734	seeded	seeded-linear	0.123456789012345678901	LINEAR	0000000000000000:404a6ebad66f378c;3ff6000000000000:4049f6c10b95994c;4004000000000000:c0555e4f6ac18153;403be00000000000:4025d22a65e3c8c0	402c3049a78be869	bits	c044add3bdaaee33			
rt-seed-1735	seeded	seeded-linear	1E+3	LINEAR	0000000000000000:4053bb74a9d4700e;4030800000000000:c031002e71f404f8;403ee00000000000:40537c36559d0852;4048500000000000:c03cc826dc232d54;4050700000000000:c00819937697ee00	0000000000000000	bits	4053bb74a9d4700e			
rt-seed-1736	seeded	seeded-linear	0.00	LINEAR	0000000000000000:3fe4be4657d0c86a;4035200000000000:3fd161f4909bc6ee;403cc00000000000:3fdd66b61452d1ea;403f200000000000:3fed51f2eaac4516;4045b00000000000:3fcd744389ea8d3c	0000000000000000	bits	3fe4be4657d0c86a			
rt-seed-1737	seeded	seeded-linear	0	LINEAR	0000000000000000:405632c971ab5a8d;4028000000000000:405e6cc5ae60a6e5;4038800000000000:40368cf5400843ea;4046800000000000:405f00d0be54043f	3fd45c80b892fac8	bits	40566a9f011b852f			
rt-seed-1738	seeded	seeded-linear	0.00	LINEAR	0000000000000000:403d0f6399a7e1a0;4038400000000000:403a2ebcfcaee044;4046200000000000:c0153ca696239ff0	402cca2b29dba1e3	bits	403b5a1c7d759422			
rt-seed-1739	seeded	seeded-linear	-1	LINEAR	0000000000000000:bf6f03f9f5541e00;400b000000000000:3fd93fb0d7845d04	3ffe15db7b263b82	bits	3fcbeb6032d551f1			
rt-seed-1740	seeded	seeded-linear	0.001	LINEAR	0000000000000000:bfe6838a66bf89cc;4008000000000000:3fe34c55df7f04a0	4050400000000000	bits	3fe34c55df7f04a0			
rt-seed-1741	seeded	seeded-linear	0.123456789012345678901	LINEAR	0000000000000000:404309230e56122e;4022c00000000000:4054d69b0796101b	0000000000000000	bits	404309230e56122e			
rt-seed-1742	seeded	seeded-linear	5	LINEAR	0000000000000000:bfc45ac518398ce8;4029800000000000:bfab12d3968fdf80;402c800000000000:3fd8bc757915dc68;4036a00000000000:3fee117b3f34fbbe	4029d8e45d13ad05	bits	0000000000000000			
rt-seed-1743	seeded	seeded-linear	0.5	LINEAR	0000000000000000:3fea82add6d721e0;4032600000000000:bfed353743563926	4052580000000000	bits	bfed353743563926			
rt-seed-1744	seeded	seeded-linear	0.01	LINEAR	0000000000000000:4046d5866ea7e336;402f000000000000:4044f13c4f6c27e1;4037a00000000000:405c90a99bdde8d0;4042b00000000000:40573735e30068a5;404b900000000000:404c035bf3dbf4bc	40431c28252fba4d	bits	4056c70a3d70a3d7			
rt-seed-1745	seeded	seeded-linear	5	LINEAR	0000000000000000:3fd30192ddc39554;4024800000000000:3fe322345de2f24f;4025800000000000:3fe6565a9b9dad40;402e400000000000:3fef8b461374b4ad;403c800000000000:3fd54c8a5e4bf64a	4031494f382fa5a7	bits	4014000000000000			
rt-seed-1746	seeded	seeded-linear	1E+3	LINEAR	0000000000000000:bfe27831cdf764b6;4037600000000000:3fc4652ac1c0e9a8;4045800000000000:bfed52b2d75cee4e	402a53491b14cfe5	bits	c08f400000000000			
rt-seed-1747	seeded	seeded-linear	-1	LINEAR	0000000000000000:3fe74c5b8a92ad16;4034600000000000:3fc4eb656abc4110;4036400000000000:3fdaf1ae458042c0;4047200000000000:bfe361fff71d9430	4041ec4a92946419	bits	bfc48fa37c46f5d0			
rt-seed-1748	seeded	seeded-linear	1E+3	LINEAR	0000000000000000:3fe12c602dc9b1b5;4032600000000000:3febcc1e820a0ddc;4037400000000000:3fe76ed9d547d400;4037e00000000000:3fb242fe3304f8e0;403ae00000000000:3fe7c7cae524ee0f	4011cfe088aa7c5d	bits	0000000000000000			
rt-seed-1749	seeded	seeded-linear	0.123456789012345678901	LINEAR	0000000000000000:3fe31cbb82db3a38;4005000000000000:3fea3d89cbd2a09a;4024c00000000000:bfe864698db9c124;4027800000000000:bfe481acec7ddc92;4042600000000000:bfbbabd1187b73a0	4007826b125b2107	bits	3feba781905e1793			
rt-seed-1750	seeded	seeded-linear	0	LINEAR	0000000000000000:4047885fdac59a45;4020000000000000:405c86435da21533	4015f1c016b4be54	bits	40574226e9ca6736			
rt-seed-1751	seeded	seeded-linear	0.01	LINEAR	0000000000000000:404461801a5a69d8;402bc00000000000:4047811984ce5de8;4036000000000000:c045a04d25aa1f41;403ce00000000000:c0314b0c6fa81f7c;4045700000000000:c05768c61d81d9eb	0000000000000000	bits	404461801a5a69d8			
rt-seed-1752	seeded	seeded-linear	0.01	LINEAR	0000000000000000:40805307ef1cbd9b;4037400000000000:407450f4574ec480;403ee00000000000:4076d5a230607c8b;404b600000000000:4086afae8ed82e09;4050600000000000:408de7bbd489fab4	402926566d87ded8	bits	4079fa8f5c28f5c3			
rt-seed-1753	seeded	seeded-linear	1E+3	LINEAR	0000000000000000:c0460125dc2323ea;4030000000000000:c04a8aaf97e6b803;4036400000000000:3fe3439d62484e00;4037c00000000000:4057c204b7316b62	0000000000000000	bits	c0460125dc2323ea			
rt-seed-1754	seeded	seeded-linear	0.25	LINEAR	0000000000000000:3fea3853a106e635;4034600000000000:3fca5b4f30dd31fc;4039600000000000:3fe88fbce1bde7af;4049500000000000:3fd83a8561d4f516	4037ddcd88d63224	bits	3fe0000000000000			
rt-seed-1755	seeded	seeded-linear	0.25	LINEAR	0000000000000000:3fe5c4eaebd28fcc;4021c00000000000:3fe16bc3ade7430c	3ffe4ff7a972e0cd	bits	3fe8000000000000			
rt-seed-1756	seeded	seeded-linear	0.01	LINEAR	0000000000000000:4078f6acbe1cfb7c;4035e00000000000:4040213844905b4a;4047700000000000:408e5fa9736f5295;404f200000000000:40719f6e3592b505	404e67022c1cf4bc	bits	4075ad47ae147ae1			
rt-seed-1757	seeded	seeded-linear	0	LINEAR	0000000000000000:3fe92245b146fdea;4030600000000000:3fa3b32c2110a750;403d400000000000:3fd82bd4bd9686fe	400c286ac7dda93e	bits	3fe3ff0102731527			
rt-seed-1758	seeded	seeded-linear	5	LINEAR	0000000000000000:3fd1900246bff828;4024400000000000:3fdde5ec99909a1c;403b000000000000:3fa0770484d76330	4030d8fc9d6135be	bits	4014000000000000			
rt-seed-1759	seeded	seeded-linear	0.2	LINEAR	0000000000000000:bfe85b70c397ea50;4039400000000000:bfa60e9f4d7b0100;4041100000000000:3feee3d5e1f14360;4048700000000000:bfc9d479728f8c58;4052900000000000:bfdcd9c6ddab7c08	4047d00399862407	bits	0000000000000000			
rt-seed-1760	seeded	seeded-linear	1E-7	LINEAR	0000000000000000:40483d458ec1e62c;4014800000000000:404fdc62095325b4;4034c00000000000:c058ee8b2edd7f61	401d04ed52d0d009	bits	4044b89ed46bfd7f			
rt-seed-1761	seeded	seeded-linear	1	LINEAR	0000000000000000:4055fb6f1c5bcd0f;4031200000000000:405412d588371da7	4029ca29a497853d	bits	4054c00000000000			
rt-seed-1762	seeded	seeded-linear	1E+3	LINEAR	0000000000000000:c04524fc4008bfa9;402c800000000000:4048d9a12b308e28;4036e00000000000:40542a4956cf579c;403f400000000000:c04c870c8881c9c5;4042300000000000:c0180af295f50d80	401974aade40c3d0	bits	c08f400000000000			
rt-seed-1763	seeded	seeded-linear	0	LINEAR	0000000000000000:bfa34a04b659f280;400a000000000000:bfdbf19a898a7a48;403a600000000000:bfea8e931747a87a;403e400000000000:bfd68e433bdf4124	40315f4fbfa2aeed	bits	bfe5a8521dd37ddc			
rt-seed-1764	seeded	seeded-linear	1E+3	LINEAR	0000000000000000:404639f2db9262f4;4010800000000000:403eb4ca12be1278;4028400000000000:4056215ce29c47c4;4031c00000000000:405632a09dff6624	3febe0c089eefdc2	bits	408f400000000000			
rt-seed-1765	seeded	seeded-linear	0.00	LINEAR	0000000000000000:405c1d196cac3f79;4032000000000000:4036e9dcaa3ea2d6;4038200000000000:403717cef277ef6b;4048700000000000:403a3cb45f862d48;4050180000000000:4055462c36ad7f70	4040fd6ee4177820	bits	4038584d3b06f9f2			
rt-seed-1766	seeded	seeded-linear	1	LINEAR	0000000000000000:3fe022f449abecb5;4016000000000000:3fdcc24f2145187e;4038000000000000:3fe2b948127a78ac;403dc00000000000:3fed1ba720392e63	403a967ac4bce4dd	bits	0000000000000000			
rt-seed-1767	seeded	seeded-linear	5	LINEAR	0000000000000000:404577b651e265f8;4010800000000000:4052170a1ae9f06e;403c800000000000:40553a49fc99d9f8	403b973277342777	bits	4054000000000000			
rt-seed-1768	seeded	seeded-linear	0.1	LINEAR	0000000000000000:bfede415d716516e;402bc00000000000:bfeacc039cde1a3c;4042f00000000000:bfef0f5dbcaaa57e;404f600000000000:3fd634990e72e9b0	4045ae95330795f1	bits	bfe6666666666666			
rt-seed-1769	seeded	seeded-linear	0.2	LINEAR	0000000000000000:3fe1aeb4958e01f3;402b800000000000:3fdf4b352d1708d4;4040900000000000:3fed40978a2053e2;4049100000000000:3fea580ae6d15e3a;404d500000000000:3fbc71b65380f750	0000000000000000	bits	3fe1aeb4958e01f3			
rt-seed-1770	seeded	seeded-linear	0.123456789012345678901	LINEAR	0000000000000000:405dad47f29c5383;4025400000000000:4082b4eb2154f75e;4041a00000000000:407a979f43745fd8	4042a00000000000	bits	407a979f43745fd8			
rt-seed-1771	seeded	seeded-linear	1E+3	LINEAR	0000000000000000:bfea47d552286346;400d000000000000:bfcacd0451f52320;4034800000000000:3fd89430a56f98d8;4044700000000000:bfd8404bd7424e08	4043c407d5b55eb9	bits	0000000000000000			
rt-seed-1772	seeded	seeded-linear	-1	LINEAR	0000000000000000:c0478a64fddcc217;402a800000000000:4023e208317accf0	0000000000000000	bits	c0478a64fddcc217			
rt-seed-1773	seeded	seeded-linear	0.1	LINEAR	0000000000000000:4052c88e6aa5f7b8;402c800000000000:4042614f35f9e8de;4036a00000000000:403ff71c69632b69;4045e00000000000:404fd2626b583a34	4040fab18f56fca7	bits	4048733333333333			
rt-seed-1774	seeded	seeded-linear	0.10	LINEAR	0000000000000000:c0430ca13fcef4e3;4016800000000000:c052977ea921daf4;403a600000000000:c057384cf55f9067;403bc00000000000:c05021188755455b	4029e6000d727869	bits	c054333333333333			
rt-seed-1775	seeded	seeded-linear	0.01	LINEAR	0000000000000000:bfb42558547c1bb0;4036a00000000000:bfc773452290bf10;4040100000000000:3fe7a5a92d2f31ce	4025a1171be928d6	bits	bfbeb851eb851eb8			
rt-seed-1776	seeded	seeded-linear	1E+3	LINEAR	0000000000000000:405dc3db37a5a2a7;4014800000000000:405f650c53710fc4;4034a00000000000:4024156448ee8416;4047000000000000:40221e3c052049da;4051980000000000:4053e0e865d2d48f	404ee05f8cc9c084	bits	0000000000000000			
rt-seed-1777	seeded	seeded-linear	-1	LINEAR	0000000000000000:3fcd2133e158e8cc;3fe0000000000000:3fe6cf78d3f6e8dd;4012800000000000:3fd03009057588ba;4036200000000000:3fe2618facd122f2	3ffb2cde3dd56a73	bits	3fe288e5aa98be53			
rt-seed-1778	seeded	seeded-linear	0.25	LINEAR	0000000000000000:3fe04e479c4ead8d;4017800000000000:3fdafc29632bdca0	3fd0be084c4e99df	bits	3fe8000000000000			
rt-seed-1779	seeded	seeded-linear	1E-7	LINEAR	0000000000000000:3feba4b1c858f989;4032000000000000:3fcdc08126805578;4034000000000000:3fec73324bcecdcf;4044c00000000000:3fbe0fc5b8a62098;404fc00000000000:3fdd16f6626192c2	4053e00000000000	bits	3fdd16f6626192c2			
rt-seed-1780	seeded	seeded-linear	1	LINEAR	0000000000000000:4081f99bbdd7b091;4037200000000000:40857c10a3b33e6f;403e000000000000:408307793952cf5d;4048700000000000:408b6b9516ef885e;404e500000000000:405b8c7f21f0edab	404b7b1b8df24b8a	bits	407e000000000000			
rt-seed-1781	seeded	seeded-linear	0.1	LINEAR	0000000000000000:401b2b70255c0920;4038e00000000000:403e8994be825a18;4043800000000000:40519a242d04b970;4047700000000000:40344b6d65d80308	4014bfca9ca15899	bits	4027666666666666			
rt-seed-1782	seeded	seeded-linear	1E-400	LINEAR	0000000000000000:402cd6dc9bde3ae9;402b000000000000:40440cb38bee95b0;403be00000000000:40437f3c58d95bef;403d000000000000:405ca7587f2def84;404a200000000000:405b91e5a24cd764	40386ca33067cb3a	bits	4043a1319834a210			
rt-seed-1783	seeded	seeded-linear	5	LINEAR	0000000000000000:404b96f2592d92c8;400b000000000000:c051871e2a63fd02;4020400000000000:c05164783fb3e2e8;4038000000000000:c05114605a599ec2;4044800000000000:4058592da597a42c	403c461c8d65373a	bits	c039000000000000			
rt-seed-1784	seeded	seeded-linear	0.5	LINEAR	0000000000000000:4076ec705a524dc5;402c000000000000:407fe3d78a7b6bc3;4043200000000000:408f31fbe7125e86;404d200000000000:408958c28d83fd02;4054b80000000000:40496b8325f4ae51	4058b80000000000	bits	40496b8325f4ae51			
rt-seed-1785	seeded	seeded-linear	0	LINEAR	0000000000000000:3fe8582991fcefad;4034000000000000:3f958ba265f79480;4044e00000000000:3f5c5719e8477c00	404199fbbb687e7e	bits	3f7ee4e3ed8ff48c			
rt-seed-1786	seeded	seeded-linear	0	LINEAR	0000000000000000:3feebfd4a3014faf;4030a00000000000:3fc356b1183c3798;4044300000000000:3feeb290a3ac7eaf	400ab858c04dfa4b	bits	3fe98b0217a17694			
rt-seed-1787	seeded	seeded-linear	1E-7	LINEAR	0000000000000000:408d747baa80c7d5;4027c00000000000:3ff875a2f03d30bc;403b200000000000:408d69a0fdb564ba	40223aace24f3a9a	bits	406b88d4baa227de			
rt-seed-1788	seeded	seeded-linear	1E-7	LINEAR	0000000000000000:3fe54694e7fcd53e;4027000000000000:bfe6bf8fa87db4ba;4028800000000000:3feb41211461347a;403d200000000000:3feb3d4fc0a40ebc	0000000000000000	bits	3fe54694e7fcd53e			
rt-seed-1789	seeded	seeded-linear	0.1	LINEAR	0000000000000000:40439f217bcc472f;4037600000000000:405bc93835918961	4051980000000000	bits	405bc93835918961			
rt-seed-1790	seeded	seeded-linear	1E+3	LINEAR	0000000000000000:4079c277cbd1e6dd;4035400000000000:4075478edf872fc8;4047200000000000:4081427b4df74dd3;404ff00000000000:40654e501c5f1adc	402f34b3a0b42cab	bits	408f400000000000			
rt-seed-1791	seeded	seeded-linear	1E-400	LINEAR	0000000000000000:3fd8940b990bafc6;4030600000000000:3fd9a890c32817de	402056e95bbd941e	bits	3fd91e01716b2eb1			
rt-seed-1792	seeded	seeded-linear	0.123456789012345678901	LINEAR	0000000000000000:3fea775f460a2e4a;4030000000000000:bfc37682babf0440;403c800000000000:bfd0864036d64290;4048000000000000:bfcadb32989e1990;4050e80000000000:bfcb0536962b53c0	4050e80000000000	bits	bfcb0536962b53c0			
rt-seed-1793	seeded	seeded-linear	-1	LINEAR	0000000000000000:4033b42c60fea0e4;4036c00000000000:c0215bd5c5db1318;4045d00000000000:404af42b4a7a92d8;4050480000000000:4055fc3b97b5b104;4053980000000000:c04eb678e3693aa4	4037f21c303a438e	bits	c0146094d7ce80b5			
rt-seed-1794	seeded	seeded-linear	1E-7	LINEAR	0000000000000000:404998a99613f5e2;4036400000000000:40889a39de4888e1;4043900000000000:400aa1a7450a41ac;404e100000000000:402668e25e0e0f46;4053f80000000000:406396752ed20b01	4046b2f8efea6d11	bits	4016ba0677e945a9			
rt-seed-1795	seeded	seeded-linear	0.2	LINEAR	0000000000000000:3febf0046ab8c161;4028400000000000:3fe4c7d7a3bc16c2;4040300000000000:3fd6aa6885334eb0;404b200000000000:3fe1c186a785da88;404be00000000000:3fd2ff851bad49a2	404d600000000000	bits	3fd2ff851bad49a2			
rt-seed-1796	seeded	seeded-linear	0.001	LINEAR	0000000000000000:405549b85ec825f6;4012000000000000:c053f8bb2eec23c2	0000000000000000	bits	405549b85ec825f6			
rt-seed-1797	seeded	seeded-linear	0.123456789012345678901	LINEAR	0000000000000000:3fec75c42d656a81;401f000000000000:3fdefac9a1719fcc;403e400000000000:3fe71bbc6182f369;4040800000000000:3fb6fee143c80fb0;4041100000000000:3fee2219c2f50930	3fe395f3039492a7	bits	3feba781905e1793			
rt-seed-1798	seeded	seeded-linear	0	LINEAR	0000000000000000:bfc838be0bcb99f0;4022800000000000:bfe1ddb2efe6b08c;4039800000000000:bfd03abdea9a82e0	40309dcc55f1fdf2	bits	bfdae42488832722			
rt-seed-1799	seeded	seeded-linear	0.123456789012345678901	LINEAR	0000000000000000:407437b198c4d3c1;4030c00000000000:4077a5f23dc9e416;403a400000000000:4085d49d20ef9246	4031240814fa4abf	bits	407877b4223b3fdc			
rt-seed-1800	seeded	seeded-linear	0.25	LINEAR	0000000000000000:3fe8e7cc90bfde5b;402d000000000000:3fe56f8ecc1142de;4031c00000000000:3fdd28e1455f79b6;4040f00000000000:3fdf6d238385131a;404bb00000000000:3fb25bf8671bc2e0	4037dff3063492bb	bits	3fd0000000000000			
rt-seed-1801	seeded	seeded-linear	0.00	LINEAR	0000000000000000:406d2c863813d566;4011800000000000:407816c52823e5b0;4019000000000000:405c7cb96d7085e3;403f800000000000:407f5732fee73c96	4041c00000000000	bits	407f5732fee73c96			
rt-seed-1802	seeded	seeded-linear	0.00	LINEAR	0000000000000000:bfe01d50690d4776;4009000000000000:bfd71f7e6d6449b4;4022c00000000000:3fd14c5d32ec7524	402051132bc7480b	bits	3fc2dc03e85da2d0			
rt-seed-1803	seeded	seeded-linear	1E+3	LINEAR	0000000000000000:3fd7edaa1582227a;401f800000000000:3fe9a1978cd90179;403d200000000000:3fb83299fb2c1fb8	401f800000000000	bits	3fe9a1978cd90179			
rt-seed-1804	seeded	seeded-linear	0.00	LINEAR	0000000000000000:403644dec79eeb5c;4037c00000000000:405adc4b17f7aa5a;4040b00000000000:404a55da0932ae31	4045b00000000000	bits	404a55da0932ae31			
rt-seed-1805	seeded	seeded-linear	1E-400	LINEAR	0000000000000000:3fe485b1b2a4c176;4027000000000000:3fa2fa0d424b7480;403ec00000000000:3fef6d729429dc0e;4042800000000000:3fd4f0238f92a994;4043700000000000:3fd055f622690818	0000000000000000	bits	3fe485b1b2a4c176			
rt-seed-1806	seeded	seeded-linear	-1	LINEAR	0000000000000000:408929738be7dc89;4032c00000000000:4074ce5bbe12d3dc;4033800000000000:404b4557bb4cf32f;4034e00000000000:40835fb726151c55;4043000000000000:4088e183eeb16bd2	4042fe81e61201e8	bits	4088e08e2e6a8877			
rt-seed-1807	seeded	seeded-linear	1E-400	LINEAR	0000000000000000:3fa38153ba0c7c40;4035c00000000000:bf98c84e2f125a80;4041a00000000000:bfec2622aefd441a;4044b00000000000:3fe8daa7ca9f85ea	4035c00000000000	bits	bf98c84e2f125a80			
rt-seed-1808	seeded	seeded-linear	0	LINEAR	0000000000000000:40545bcd7609c298;401c000000000000:40521432ffdc1fcd;4020800000000000:4040f240eff8421b;4038c00000000000:405b2c7df940ad49;403e000000000000:40565d392eb1dcaf	40364816ae5dc32f	bits	4058604d155a8bfd			
rt-seed-1809	seeded	seeded-linear	-1	LINEAR	0000000000000000:3fdcfe4cdfe311ac;401d000000000000:3fd92532f08eac96;402c000000000000:3feb34d12efcbed3;4041700000000000:3fe52f4936157946;4047300000000000:3fd55baf7dc07028	4040be017dc89349	bits	3fe595f974f1fdda			
rt-seed-1810	seeded	seeded-linear	5	LINEAR	0000000000000000:407101b994ebb766;400e000000000000:408b0e326437b306;402f800000000000:40709400caa34abb	402f800000000000	bits	40709400caa34abb			
rt-seed-1811	seeded	seeded-linear	1E+3	LINEAR	0000000000000000:3fcfacb5ec404c70;4031600000000000:bfd1234bb94110b8	4023bead8c38354d	bits	0000000000000000			
rt-seed-1812	seeded	seeded-linear	1E-7	LINEAR	0000000000000000:40467d53eef0b7c4;4030a00000000000:4042df3f3ec55458;403d200000000000:405652ebd24691d2	40383569512598ff	bits	4051414725587f1d			
rt-seed-1813	seeded	seeded-linear	1E-7	LINEAR	0000000000000000:405ca3af695ef5b3;4037200000000000:4040ca5d27f518c3	402e3371053d2014	bits	404ed7170351c418			
rt-seed-1814	seeded	seeded-linear	0.2	LINEAR	0000000000000000:4041e3b1227026c8;4035600000000000:4077a5f4e772f4e9;4043000000000000:407ccebec8698091;404aa00000000000:408934777232f297;404c200000000000:40785c9cab260103	4038d6d229f954a1	bits	4078b66666666666			
rt-seed-1815	seeded	seeded-linear	-1	LINEAR	0000000000000000:3fe6c50012c26392;4026400000000000:3fad4e180ec00b50;4040300000000000:3f9a26ef475d4e80;4042d00000000000:3fd47135d3e7ffc8	403e8c1dbd2bde8f	bits	3f9cf198f02a09cc			
rt-seed-1816	seeded	seeded-linear	0.001	LINEAR	0000000000000000:408295f23421bbb4;4001000000000000:406757500c18fc64;4027000000000000:408a3fa4a73fe38b	3fe936c5a469e66c	bits	407bb747ae147ae1			
rt-seed-1817	seeded	seeded-linear	0.00	LINEAR	0000000000000000:404dd5e1636c7f3f;4029000000000000:403dc268788337ac;4037000000000000:40577f712cb3fdaf;4047200000000000:4037c0978f69c431	3fe9f60eea3527a4	bits	404cdd635f67fc2b			
rt-seed-1818	seeded	seeded-linear	0.01	LINEAR	0000000000000000:bfe4dda85c195ca6;3ff0000000000000:bfe06fddcbed42fa	3fb706089ff241f0	bits	bfe47ae147ae147b			
rt-seed-1819	seeded	seeded-linear	0.123456789012345678901	LINEAR	0000000000000000:bfc6303eb2622c68;4027c00000000000:bf9a6981375d9d00	40016e92c0ffeb99	bits	bfbf9add3746f65f			
rt-seed-1820	seeded	seeded-linear	0	LINEAR	0000000000000000:3fed0d993e7677c8;401d800000000000:bfb3dce377704860;403b200000000000:bfc1782d4c047bb0;4043700000000000:bf76a4eb0eb94a00;4045400000000000:bfcbfe5993454868	4028a360320f6f70	bits	bfb7a30b1664539c			
rt-seed-1821	seeded	seeded-linear	-1	LINEAR	0000000000000000:bfcd69d25b2ebd00;4036800000000000:bfef72c5744df23c;403ca00000000000:bfd66da5bed7317c	4035afa247bbc118	bits	bfee93a26ffb6bdf			
rt-seed-1822	seeded	seeded-linear	1E-400	LINEAR	0000000000000000:3fc0780fcac3c058;4034a00000000000:3febbd024b8760d4;403e600000000000:bfe7f2da748cf29a;4048400000000000:bfd33b5830110b14;404cc00000000000:bfc2bd4e7fa2bb18	404c4d091c4486d9	bits	bfc4b5365644f2e6			
rt-seed-1823	seeded	seeded-linear	0.00	LINEAR	0000000000000000:401b51065c457de4;4033800000000000:4025e7fbe7581e3d;4042600000000000:4042ba65e83b8676	0000000000000000	bits	401b51065c457de4			
rt-seed-1824	seeded	seeded-linear	1E-400	LINEAR	0000000000000000:c02cd65e40ed4928;4020000000000000:4048f64a1cc036bc	4019a33c6c00b91b	bits	404290cd034e4a1d			
rt-seed-1825	seeded	seeded-linear	0.10	LINEAR	0000000000000000:40432a813aec8406;4035400000000000:407b7394954bbd03	402149e83d8fbae0	bits	40692ccccccccccd			
rt-seed-1826	seeded	seeded-linear	1E-400	LINEAR	0000000000000000:3fd8eb18e4b5f678;4032000000000000:3fe98d08b330b5e8;4044900000000000:3fee3b2c2e70406e;404aa00000000000:3fecf1fd1f31fd6e	4044900000000000	bits	3fee3b2c2e70406e			
rt-seed-1827	seeded	seeded-linear	0.25	LINEAR	0000000000000000:3fd452e988cd3340;4026400000000000:3fe2d7822eb95648;402f000000000000:3feaf10ded193855;403b600000000000:3fe448f60f29e728;4042b00000000000:3fe09671ba1b5630	40023b94173ff6aa	bits	3fd0000000000000			
rt-seed-1828	seeded	seeded-linear	1	LINEAR	0000000000000000:3fcf5db0fce8a8cc;4038e00000000000:3feb2db44f157aa6;4042100000000000:3fe74d332486e193;404ac00000000000:3fe6b3a811a3a263;4053300000000000:3fe1758e86c8114e	403f3702dcc3b7dc	bits	3ff0000000000000			
rt-seed-1829	seeded	seeded-linear	0.5	LINEAR	0000000000000000:3fea77272db1ce8f;4018000000000000:3fae20fcf6447b20;4021400000000000:3fef5e30d37fb2b0	4014671e16a3fc43	bits	3fe0000000000000			
rt-seed-1830	seeded	seeded-linear	0.1	LINEAR	0000000000000000:c015e08c471932b0;402ec00000000000:40585c14524e708c	3ff623bd2e371be6	bits	400d99999999999a			
rt-seed-1831	seeded	seeded-linear	0.10	LINEAR	0000000000000000:3fcad2305fe712c0;4026000000000000:bfd7793c0dbdfcac;4034000000000000:3fe8e934eb8e69b4;4042100000000000:3fc046c000beda50;4046b00000000000:bfdbd584adc42524	3fe2303272defb04	bits	3fc999999999999a			
rt-seed-1832	seeded	seeded-linear	5	LINEAR	0000000000000000:4044f8ac287b33e4;3fe4000000000000:40523cbf008a926e;4023800000000000:c05357d587454986;4033e00000000000:c03f34a1a7d88350;4043c00000000000:c044c7ad05c3b41b	403fba20be994ff6	bits	c03e000000000000			
rt-seed-1833	seeded	seeded-linear	5	LINEAR	0000000000000000:3fd5b6bf2d13f41e;401e800000000000:3f9fef914d839620;402bc00000000000:3fd8527f45ec6592;403dc00000000000:3fe5df46c964cef7	401460b939ed38c1	bits	4014000000000000			
rt-seed-1834	seeded	seeded-linear	0.10	LINEAR	0000000000000000:3fe72eefc8767573;4014800000000000:3fef5a4b1dadd67d	3ff7ad3b4c776b26	bits	3fe6666666666666			
rt-seed-1835	seeded	seeded-linear	0.1	LINEAR	0000000000000000:3fc58c5f353b726c;4033000000000000:3fe080c7f933e435;4043c00000000000:3fc4ac4b0ee5822c;4049800000000000:3fe682fad880b669;404a800000000000:3fba95a33ada7600	40003159546de36c	bits	3fc999999999999a			
rt-seed-1836	seeded	seeded-linear	0.01	LINEAR	0000000000000000:403ef89a8af0c129;4023400000000000:401c8f814e0b2b55;4031400000000000:405647d373ae4ff6	4002769ac1a32f24	bits	4039428f5c28f5c3			
rt-seed-1837	seeded	seeded-linear	0.00	LINEAR	0000000000000000:3fee8e6d9192cc98;4022400000000000:bfc29461b823d5b8;403d000000000000:bfd9b99c450ec67c	4034e6f1c3acb269	bits	bfd30756b2b7f42c			
rt-seed-1838	seeded	seeded-linear	-1	LINEAR	0000000000000000:406180e73f461830;4020800000000000:40686d09896fed25;402fc00000000000:4071aa13e599306e;403c600000000000:40813e9c03f9b387	0000000000000000	bits	406180e73f461830			
rt-seed-1839	seeded	seeded-linear	1E-400	LINEAR	0000000000000000:3feab1ef2b12793f;401b800000000000:3fc36c8d3d8e5114;4032800000000000:3fc740214ca61d4c	4012106c50251433	bits	3fd8b2ec5380c9d8			
rt-seed-1840	seeded	seeded-linear	0	LINEAR	0000000000000000:40458e80e5114ec0;401e000000000000:c04367c269332eef;403fc00000000000:c05723f5b0b999ca	400ea35ea4b0066f	bits	3ff47ade56b21820			
rt-seed-1841	seeded	seeded-linear	0.123456789012345678901	LINEAR	0000000000000000:3fd77a5729d8aeb0;402ac00000000000:3fe605691f70db51;4040500000000000:3fec151676e2811f;404a300000000000:3fe311bb196ee0e9;4052880000000000:3fe64e410c82c1f2	40383bd9a3527a7a	bits	3fe7b425e97538c7			
rt-seed-1842	seeded	seeded-linear	0.10	LINEAR	0000000000000000:404db9e0664dd995;4014000000000000:403fc45355188628;401d800000000000:405a066e5f48348d	401c8ebcd41ca399	bits	405839999999999a			
rt-seed-1843	seeded	seeded-linear	0	LINEAR	0000000000000000:4045d8c7821fa4e0;4018000000000000:405bdcef4c97a9bd;403b000000000000:4044f1e10291e5f1;4048100000000000:4049f259f8d9ec1f	404647bf687c794d	bits	40491a4b5743497a			
rt-seed-1844	seeded	seeded-linear	1E-7	LINEAR	0000000000000000:bfb2d3243208d690;4035c00000000000:bfeb7c2b1f65207c;403a000000000000:3f9a6d9ca4857040;4043600000000000:bfde2eb0b5957484	0000000000000000	bits	bfb2d3243208d690			
rt-seed-1845	seeded	seeded-linear	1	LINEAR	0000000000000000:3fe07edaaf72dfe4;4032800000000000:3fed6c7c1f5c8a0e;4035600000000000:bfd7f5c57044dcec	4030bf38a0979690	bits	0000000000000000			
rt-seed-1846	seeded	seeded-linear	0	LINEAR	0000000000000000:402fd22df3007628;4035400000000000:400b79de448a2c40	40163767fd9df6d0	bits	40294c9fe2d418b9			
rt-seed-1847	seeded	seeded-linear	1E+3	LINEAR	0000000000000000:4047cc442055cb34;4034400000000000:40404273513b04b6;4041b00000000000:404903720d9bc969;4046c00000000000:404eba3f4484209a	403afef53632978f	bits	0000000000000000			
rt-seed-1848	seeded	seeded-linear	0.01	LINEAR	0000000000000000:4056517716a1728e;402cc00000000000:4052da58412be55c;4034c00000000000:40596a056307b9a6;4038a00000000000:402487cbc57dd324	4054680000000000	bits	402487cbc57dd324			
rt-seed-1849	seeded	seeded-linear	1E+3	LINEAR	0000000000000000:405d4d091ed192f1;401e000000000000:403668c4645081df;403e400000000000:403ad74e21ab4832;403f600000000000:405b7717990fe43e;4043b00000000000:40519019a75bf0e8	4031fbc025ba6019	bits	0000000000000000			
rt-seed-1850	seeded	seeded-linear	1E-7	LINEAR	0000000000000000:3fe1a4a144895379;4035a00000000000:3fb6f1996f0fc9c0;403b400000000000:3fe561b8a01ed8cd	0000000000000000	bits	3fe1a4a144895379			
rt-seed-1851	seeded	seeded-linear	1E-7	LINEAR	0000000000000000:3fe3d7c71e6f8329;4016000000000000:3fe1de7407fc1169	403d800000000000	bits	3fe1de7407fc1169			
rt-seed-1852	seeded	seeded-linear	0.10	LINEAR	0000000000000000:bfd74ed0805248f8;4008000000000000:bfee6c2e1c1fa438;401c800000000000:3fd38b254424e7b0	0000000000000000	bits	bfd74ed0805248f8			
rt-seed-1853	seeded	seeded-linear	1	LINEAR	0000000000000000:c0582bba996c8138;4004000000000000:405449b0cb8a888a;403b000000000000:4036ebe8be9af158	0000000000000000	bits	c0582bba996c8138			
rt-seed-1854	seeded	seeded-linear	0	LINEAR	0000000000000000:40836644585b17f4;4030600000000000:408cbefa05ef8f73;403b200000000000:40871e6ce6cc79b3;4040b00000000000:406fc403e6e9f3c1	4020eb49bca96d98	bits	40883a5f8b9d9ac9			
rt-seed-1855	seeded	seeded-linear	0.001	LINEAR	0000000000000000:3fe21ac8b832c868;4038800000000000:3fe50e3d854db6da	4053200000000000	bits	3fe50e3d854db6da			
rt-seed-1856	seeded	seeded-linear	0.5	LINEAR	0000000000000000:405b6e41a6eff39a;402e800000000000:404e08c0fb0c650b	4053900000000000	bits	404e08c0fb0c650b			
rt-seed-1857	seeded	seeded-linear	0.123456789012345678901	LINEAR	0000000000000000:4052c8bf29f6f334;4038800000000000:c02aa49bf8dbce88;403e000000000000:404560afac26432c;4042800000000000:40368282c6867fb8	4033430f1167f2ff	bits	4016b74effbb0114			
rt-seed-1858	seeded	seeded-linear	1E+3	LINEAR	0000000000000000:405244c3474bc408;401a800000000000:40506f7a4b5050c4	401a800000000000	bits	40506f7a4b5050c4			
rt-seed-1859	seeded	seeded-linear	0	LINEAR	0000000000000000:bfee0d096f6b8198;4015800000000000:bfd3932d72cd5258;4024c00000000000:3fed4b29ef7b38f2;4041400000000000:3fc18d3596309750;4043c00000000000:bfef6f037d8ca442	4059e00000000000	bits	bfef6f037d8ca442			
rt-seed-1860	seeded	seeded-linear	0.01	LINEAR	0000000000000000:3fea6e4cee6a12c7;4032e00000000000:3fbbbfb43f3b24b8;403ce00000000000:3fee37ddc08a354e	402c5eabefe65076	bits	3fd28f5c28f5c28f			
rt-seed-1861	seeded	seeded-linear	0.25	LINEAR	0000000000000000:4058edd9ac9eec1a;4036a00000000000:c0549ab5b61e3332;4045100000000000:404c75907a8dff58	4040c0043f0382ec	bits	c012000000000000			
rt-seed-1862	seeded	seeded-linear	5	LINEAR	0000000000000000:3fe0f2ce58a6b89a;4031400000000000:bfc9a50b658d7708;4040f00000000000:3fe97489c8063bea;4046400000000000:3fd3a4c2d5ac0760	401b9714c33e628f	bits	4014000000000000			
rt-seed-1863	seeded	seeded-linear	0	LINEAR	0000000000000000:c047ae3c63aae5fd;4028800000000000:c04915709cd32bca	401f95f8741026ad	bits	c04895c829d7c47f			
rt-seed-1864	seeded	seeded-linear	1E-400	LINEAR	0000000000000000:3feb33dfdbbeff36;4029000000000000:3fe0756c22b2d8fb;403de00000000000:3fdc84789725a2c4;4046a00000000000:3fd44517c76a2d6a;404f200000000000:3fa9627e91de5270	4040d8e259f74273	bits	3fda77f8260c0d31			
rt-seed-1865	seeded	seeded-linear	0.00	LINEAR	0000000000000000:405e7d4085032d72;4024000000000000:3ff3feca2ed19c84;4040400000000000:405e6d2b25ddb905;404ba00000000000:40230c7712084b9b;404dc00000000000:403570d20f63dd80	4041c2a9e835f296	bits	405ab3d6dd611be7			
rt-seed-1866	seeded	seeded-linear	0.123456789012345678901	LINEAR	0000000000000000:3fdac57894d46028;3fe8000000000000:3fe1fad64c6e4f88	3fdc2a81815757bf	bits	3fdf9add3746f65f			
rt-seed-1867	seeded	seeded-linear	1E-7	LINEAR	0000000000000000:3fd170b0833fc6ac;4031800000000000:3fcb3f0fe6c68298;4033800000000000:bfef4b625723f354	40287aaa8ac14a81	bits	3fcd8a86005fa150			
rt-seed-1868	seeded	seeded-linear	-1	LINEAR	0000000000000000:403dfa379bfbae50;4034a00000000000:c0298ff76ab319c0;4040a00000000000:4045459e47cf7c4c	4034a00000000000	bits	c0298ff76ab319c0			
rt-seed-1869	seeded	seeded-linear	1	LINEAR	0000000000000000:3fb8a0c1a40e4108;402c000000000000:3fe591fcac8c63bb;402f800000000000:3fe3e2e871b34505;4038a00000000000:3fef93026bf92030;4047200000000000:3fe4c9885296576d	4046f93012be7b44	bits	3ff0000000000000			
rt-seed-1870	seeded	seeded-linear	0.00	LINEAR	0000000000000000:c0501f89119bf03a;4023400000000000:c033be1128926110;403b600000000000:c04bfc0ffa112799;4045200000000000:404e88e3c5832704	4043454ed484631b	bits	403fe3e2a7927962			
rt-seed-1871	seeded	seeded-linear	1E-7	LINEAR	0000000000000000:40853591e3a2fe7d;4006000000000000:408548cd7df5d631;4029400000000000:406e11f4e8f4036b;4040e00000000000:40813b264f2f00d0	4031a26d75f9e8f1	bits	4073a45403dddb12			
rt-seed-1872	seeded	seeded-linear	1E+3	LINEAR	0000000000000000:3fd766bb25c3f1c6;4037800000000000:3fe7464e98366f42;4041a00000000000:3fd4843c3b85c6ec	402fe05897caf285	bits	0000000000000000			
rt-seed-1873	seeded	seeded-linear	0.001	LINEAR	0000000000000000:4077d8ec260835e9;4017000000000000:408cd967a3598ae4;402a800000000000:4089e12c0e0e8d64	4019280782298312	bits	408ca2c49ba5e354			
rt-seed-1874	seeded	seeded-linear	1E+3	LINEAR	0000000000000000:405075d99128f01f;4035000000000000:4040ea7acdb90cb7;403d800000000000:401e29f5ac1e70b1;4044800000000000:3fde5aa4bfffa66e	0000000000000000	bits	405075d99128f01f			
rt-seed-1875	seeded	seeded-linear	1E-7	LINEAR	0000000000000000:bfb154b38b09c710;4035200000000000:3fe1f149ff0dc5aa;403e800000000000:3fd9324ab6669e3c	4023d19bc37ec3b0	bits	3fcd10c97bdf746f			
rt-seed-1876	seeded	seeded-linear	1E+3	LINEAR	0000000000000000:bfec39e9c29c497a;4035a00000000000:bfe598021f65df64;4043d00000000000:bfd48d883696fd88;404e500000000000:3fc384577a8d7400	0000000000000000	bits	bfec39e9c29c497a			
rt-seed-1877	seeded	seeded-linear	0.123456789012345678901	LINEAR	0000000000000000:408d7234795b1c75;401a000000000000:407626e433528cba;403be00000000000:406975a76c2a26da;4040300000000000:408f3786b10073e5	4007c8182c473293	bits	40850ba77e6708df			
rt-seed-1878	seeded	seeded-linear	0.123456789012345678901	LINEAR	0000000000000000:4045892aa99c1d94;4011800000000000:4039e43f54be71a8;403be00000000000:c0253c1068af9160	402bef14de5d12ab	bits	402638e38adde53b			
rt-seed-1879	seeded	seeded-linear	1E+3	LINEAR	0000000000000000:3fed18c11e29f1f4;4031800000000000:bfe73261e0d7c2b6;4044c00000000000:3fef0723f3d0d38e;4047200000000000:bfe12a1ce32aba3c	4033035c82bafcb7	bits	c08f400000000000			
rt-seed-1880	seeded	seeded-linear	1E-7	LINEAR	0000000000000000:bfc338bfdb9a3dc0;401d000000000000:3fe373f58bd1f582;4038a00000000000:bfb67824d6b10360;4042d00000000000:3fdb557646961654;404a800000000000:bfc50900cc6f6fb8	401d000000000000	bits	3fe373f58bd1f582			
rt-seed-1881	seeded	seeded-linear	0.1	LINEAR	0000000000000000:c0417662721514e4;4032800000000000:c014e89f3140f070;4035c00000000000:c050a397e5bfecac	402071ace755c02b	bits	c035cccccccccccd			
rt-seed-1882	seeded	seeded-linear	0.00	LINEAR	0000000000000000:40270f120ad45ce4;401a800000000000:4036292093157896;403f200000000000:404fa9a1cceee633	402d69cc4cc18179	bits	4041dea20580a941			
rt-seed-1883	seeded	seeded-linear	0.001	LINEAR	0000000000000000:3feaaee36051010a;3ff0000000000000:3f8f0f4328234700	3f80ef547eac2640	bits	3fea7ef9db22d0e5			
rt-seed-1884	seeded	seeded-linear	1E-7	LINEAR	0000000000000000:3fd3b1d2e2ebb704;4032400000000000:3fe0cd3c5b5366db;4045d00000000000:3fb4ba140fdbf500;404ff00000000000:3fd1e696d7a1cc84;4054000000000000:3fdcaeb70d514422	40295301bd9e9145	bits	3fdd584109b58b68			
rt-seed-1885	seeded	seeded-linear	0	LINEAR	0000000000000000:407e0aba6f7f780f;4021c00000000000:4066a831cbc29403;4027c00000000000:4061d80ab721d733;4038200000000000:407906600aa0606c	3fe700875b40ebe0	bits	407c86b843eb94e0			
rt-seed-1886	seeded	seeded-linear	1E-7	LINEAR	0000000000000000:3fe197aceb9036d6;4035600000000000:3fbe8bfea7adcda0;403fa00000000000:3fd6c35c1436b83a;4041200000000000:3feba7deda39abd8	4018227c6881f432	bits	3fdb68a215691dd1			
rt-seed-1887	seeded	seeded-linear	0.25	LINEAR	0000000000000000:bfea0c7768e1a956;4030400000000000:bfe19e38c8e6c28a;4040800000000000:3fb43c93751a2930	4030400000000000	bits	bfe19e38c8e6c28a			
rt-seed-1888	seeded	seeded-linear	0.00	LINEAR	0000000000000000:405ce7d2562a088e;4032000000000000:405c8a9f705f851e;4040a00000000000:4042f48ed6dfafc5	40152b3c96d3b8ea	bits	405ccc6b8650f85a			
rt-seed-1889	seeded	seeded-linear	0.2	LINEAR	0000000000000000:c024902bc3a01c90;402c800000000000:40536d2376ece808	4002767f4f6a48ee	bits	400e666666666666			
rt-seed-1890	seeded	seeded-linear	1E-400	LINEAR	0000000000000000:4088f9dac6207d5b;4035200000000000:40880a2248d111c4;4041800000000000:4085bf83cece5d17;4049e00000000000:408b0376bd5359a2;404cf00000000000:4083162ed4ac8c2a	0000000000000000	bits	4088f9dac6207d5b			
rt-seed-1891	seeded	seeded-linear	1	LINEAR	0000000000000000:40887062ac461b42;4032e00000000000:40576817fad34e08;4045000000000000:408af26cd32bb754;4049600000000000:4087a7a633680f81	403f79992ad79159	bits	4080000000000000			
rt-seed-1892	seeded	seeded-linear	0.01	LINEAR	0000000000000000:c045a49ff4c9595e;4030a00000000000:404721d315c557a8;4038e00000000000:c056f3ca9ee1b62e	402e3473acb82b9d	bits	404307ae147ae148			
rt-seed-1893	seeded	seeded-linear	0	LINEAR	0000000000000000:3fe1b7d9a60966d0;4033400000000000:bfbe6dd09c6e34d0;4044500000000000:3f9191b914e30a80;4047800000000000:3fdc9dd9f696a744;4048600000000000:3fb61ff16b1d07d0	4047800000000000	bits	3fdc9dd9f696a744			
rt-seed-1894	seeded	seeded-linear	-1	LINEAR	0000000000000000:3fd634698ac60220;4037200000000000:3fedac0f4c810e07;4042e00000000000:3fe26ca7ff998048;404e300000000000:3fc85627fb306820;4053600000000000:3fd5e71e3a1d3f88	404f38a0e7a38186	bits	3fcaafdb93696157			
rt-seed-1895	seeded	seeded-linear	0	LINEAR	0000000000000000:404ab73002598939;402ac00000000000:405baa8d4147eb78;4040e00000000000:40500d44ca003e0c	4040e00000000000	bits	40500d44ca003e0c			
rt-seed-1896	seeded	seeded-linear	0.1	LINEAR	0000000000000000:bfe21a365479493a;401f000000000000:3fe67db08a620bf8;4032400000000000:3fd906bbc30f0948;403f600000000000:bfe7b31b51b0c796	0000000000000000	bits	bfe21a365479493a			
rt-seed-1897	seeded	seeded-linear	0.1	LINEAR	0000000000000000:40532fd6f929cfbb;4032a00000000000:403222d6e2adeb3e;403c800000000000:40268fff79bc2f4c;4041100000000000:405dceec28676fb9;404c100000000000:4052c2962bf01e02	40431d3585beb30e	bits	405bc00000000000			
rt-seed-1898	seeded	seeded-linear	1E-400	LINEAR	0000000000000000:3fcc223b69ae05c8;4031a00000000000:3fc8c11a67dd73d0	3ff271deb13576c4	bits	3fcbe9a5810aa9bb			
rt-seed-1899	seeded	seeded-linear	0.00	LINEAR	0000000000000000:404b92bf81ab6dc4;4032e00000000000:c057957330fc414c;4043800000000000:4053385f227da93c;404b500000000000:403ec98fc8131998	4044be5020b541b8	bits	405162dce973c11b			
rt-seed-1900	seeded	seeded-linear	0.001	LINEAR	0000000000000000:c049818ea7b4bc6d;400c000000000000:405625669d4082ea;4039a00000000000:404d9324a480a8d8	4030de90d15607d3	bits	4051b3126e978d50			
rt-seed-1901	seeded	seeded-linear	0.00	LINEAR	0000000000000000:408d8a32c3054710;4004000000000000:4083d9af65e49076;4011800000000000:408b2ba6d14ca1ac;4038800000000000:408a8726a5705581	4027d5dcc89af765	bits	408aedff7d4f70c4			
rt-seed-1902	seeded	seeded-linear	0.5	LINEAR	0000000000000000:408bba92f2163115;4033400000000000:408726f37fdaf01e	40311c37a3fb3c6e	bits	4087ac0000000000			
rt-seed-1903	seeded	seeded-linear	0.5	LINEAR	0000000000000000:3fef4eb66bb5ce12;4035000000000000:3fe2d85b21be60ee;4046600000000000:3fd3f976c94ce81e	40423db5ad8e68a6	bits	3fe0000000000000			
rt-seed-1904	seeded	seeded-linear	1E-7	LINEAR	0000000000000000:3fb6eaf55c151708;4002000000000000:3fe181e22fee993d;4017800000000000:3fee306f8a3e9934;402d400000000000:3fae77bfb7abfd20;4044000000000000:3fd9df21dd1aadcc	403974258f52953e	bits	3fca729b280f12c2			
rt-seed-1905	seeded	seeded-linear	0	LINEAR	0000000000000000:403dcf93361ad020;4020000000000000:c052a9ef0bc049aa;403ca00000000000:c04d5dba512bcfa3	4028dc3db191d530	bits	c051cf0ac72100bf			
rt-seed-1906	seeded	seeded-linear	1E+3	LINEAR	0000000000000000:4085eb960691d9b1;402d400000000000:4088e109697e34de	4037a00000000000	bits	4088e109697e34de			
rt-seed-1907	seeded	seeded-linear	1E-7	LINEAR	0000000000000000:3fdebbed13d21d0c;402d400000000000:3fe81a263b5759af;403fe00000000000:3fec09dc94929f4e	4032b71e32064306	bits	3fe90918ad75ef70			
rt-seed-1908	seeded	seeded-linear	0.123456789012345678901	LINEAR	0000000000000000:c03f3c2210812430;4034e00000000000:c058267e497e1d95;4045c00000000000:4029c2ea7cf4da20	40411546097db8bf	bits	c0401c71c4adac97			
rt-seed-1909	seeded	seeded-linear	0.1	LINEAR	0000000000000000:4040ee6893f30d28;4033c00000000000:4040ebc04ddcb534;4040000000000000:4051229df5b94902;404b100000000000:403e7675e18200c8	403b37e4c0f18632	bits	404b733333333333			
rt-seed-1910	seeded	seeded-linear	1	LINEAR	0000000000000000:3fa6cfd666434ea0;4028800000000000:bfe0bb9a0bd5bc48;402c800000000000:bfd101f68ef1c3bc;4034400000000000:3fe517cf5df4b064	4031adeaf43caf87	bits	0000000000000000			
rt-seed-1911	seeded	seeded-linear	0.123456789012345678901	LINEAR	0000000000000000:bfd7c53d6535e800;4036000000000000:3fd49b043378d190;4040100000000000:bfda84de18a8b590;404c800000000000:bfee04a5e0f3ee8a;4054900000000000:bfeeeed4f19afca6	0000000000000000	bits	bfd7c53d6535e800			
rt-seed-1912	seeded	seeded-linear	0.5	LINEAR	0000000000000000:3fda59d837e1fdc8;4023000000000000:bfd382a18b4b3da8	4023000000000000	bits	bfd382a18b4b3da8			
rt-seed-1913	seeded	seeded-linear	0.25	LINEAR	0000000000000000:c02e9df25a17d610;4035000000000000:4004b66f26282a80;4046300000000000:4054a18151f2e8f4	40410ce4f9f63807	bits	4047a00000000000			
rt-seed-1914	seeded	seeded-linear	0	LINEAR	0000000000000000:c037738b0ac0ab64;401e800000000000:c042bde1575ba960;4022800000000000:c0505c5bab3a7e58	4017558d28b8c713	bits	c04117e4d92858db			
rt-seed-1915	seeded	seeded-linear	-1	LINEAR	0000000000000000:3f6776794e423000;4010800000000000:3fe17954505f350e;403be00000000000:3fecd78e481f6042;4045a00000000000:3fb54c6b65c364e0	4044e660801e806f	bits	3fc486c253a51dc4			
rt-seed-1916	seeded	seeded-linear	1E+3	LINEAR	0000000000000000:404ddb215a071d8f;401d800000000000:4057e158829c6d4e;4023c00000000000:405ebddb78493128;403cc00000000000:4055d45d41c63134	4032dd171220f9fa	bits	408f400000000000			
rt-seed-1917	seeded	seeded-linear	0.25	LINEAR	0000000000000000:bfdd3da0ea0a07fc;4013000000000000:bfe957258b358202;402b000000000000:bfe6282a30716332;403ec00000000000:3fc4640e76ee85f8;403fe00000000000:3fcc371caa30b900	3fd27aa8b227d996	bits	0000000000000000			
rt-seed-1918	seeded	seeded-linear	0.10	LINEAR	0000000000000000:405800114bee6990;4037000000000000:405885317e1fa4bf	401b7d52d736c68b	bits	4058266666666666			
rt-seed-1919	seeded	seeded-linear	5	LINEAR	0000000000000000:4030394b33b69d9c;402f000000000000:c0567952817aca0a;4036a00000000000:c03ed9cd869b38f0	40037bd79c53c191	bits	0000000000000000			
rt-seed-1920	seeded	seeded-linear	0.00	LINEAR	0000000000000000:3fd4dec63d44980a;4001000000000000:3fd973d49a9aacae	3ff71e8aee3522da	bits	3fd7fc6dbae245ec			
rt-seed-1921	seeded	seeded-linear	0.123456789012345678901	LINEAR	0000000000000000:3fd506bf72f9a9dc;401a000000000000:3fdb13081e1ef774	40183d1b8de80e6f	bits	3fd7b425e97538c7			
rt-seed-1922	seeded	seeded-linear	0.10	LINEAR	0000000000000000:c0502fc75cd3cf76;4039400000000000:404700ada9051030;4046000000000000:c03123c20656fad8;404da00000000000:4052d6a32d9863b4;4054980000000000:c053e849a398b59a	40280e9786aabe73	bits	c027cccccccccccd			
rt-seed-1923	seeded	seeded-linear	0.001	LINEAR	0000000000000000:3fd85b9e5838b132;4021000000000000:3feba276353d4c4a	402009e2cdd15e57	bits	3feac083126e978d			
rt-seed-1924	seeded	seeded-linear	0.123456789012345678901	LINEAR	0000000000000000:3fef79bd39c7fa04;4033200000000000:3fec298b468cceb4;403c600000000000:3fd564397702f106;4042300000000000:3fedb6317602948a	40207a144ed740e6	bits	3fef9add3746f65f			
rt-seed-1925	seeded	seeded-linear	1E+3	LINEAR	0000000000000000:403f1a5f2a8281b0;4035000000000000:4058fadcbf01a0f2	402d3888ecc327d2	bits	0000000000000000			
rt-seed-1926	seeded	seeded-linear	0.01	LINEAR	0000000000000000:3fe48259a102cf96;4039200000000000:3fe4cf357e1ff5ae;4040000000000000:bfe07125b76ed0dc;4043800000000000:bfd9a77e1463c0ec	4035d1d1dc3d04ad	bits	3fe47ae147ae147b			
rt-seed-1927	seeded	seeded-linear	0.01	LINEAR	0000000000000000:40797a75aa2b1a05;4022400000000000:40881a96c7b93931;4028400000000000:408227eb940d849f;4035000000000000:4078cd6af7cfc00c;4046d00000000000:406cb2921f4f42db	4028400000000000	bits	408227eb940d849f			
rt-seed-1928	seeded	seeded-linear	1E+3	LINEAR	0000000000000000:3fd5cf260969af52;4033c00000000000:3feb1a18d131ccd4;403ea00000000000:3feb51e4023033ca;4045500000000000:3f9bf60eff972fe0;404ca00000000000:3fd1144a9de31d4e	404614acb9c3b3a4	bits	0000000000000000			
rt-seed-1929	seeded	seeded-linear	0.01	LINEAR	0000000000000000:408493ce150ad8f7;4020000000000000:40891394baa177ca;402d000000000000:408e6da807c433a1;403e600000000000:40814dcf59d44249	0000000000000000	bits	408493ce150ad8f7			
rt-seed-1930	seeded	seeded-linear	1E+3	LINEAR	0000000000000000:405b088638f2f158;4024000000000000:404c188b1bc2f97e	4024000000000000	bits	404c188b1bc2f97e			
rt-seed-1931	seeded	seeded-linear	0.10	LINEAR	0000000000000000:bfeb58fdc32c48b4;402cc00000000000:bfe2ee39654e48de;403b600000000000:3fcc49aa942fce50	403215d60f0f58ac	bits	bfd3333333333333			
rt-seed-1932	seeded	seeded-linear	1E+3	LINEAR	0000000000000000:3fd2ee7e9d05e668;402e000000000000:bfe6b5f9b32ce07a;4037e00000000000:bfe9d366478a53ee	0000000000000000	bits	3fd2ee7e9d05e668			
rt-seed-1933	seeded	seeded-linear	0.10	LINEAR	0000000000000000:4054d2c637fec3dc;4037000000000000:4086f2c6fe027249;403fe00000000000:406c1f7df35d6e60;4045300000000000:404adad563dde59b	40303a55066e71cd	bits	4080f4cccccccccd			
rt-seed-1934	seeded	seeded-linear	1	LINEAR	0000000000000000:407c8998d1faa011;4014800000000000:4081bde36f6ec18f	0000000000000000	bits	407c8998d1faa011			
rt-seed-1935	seeded	seeded-linear	1E-7	LINEAR	0000000000000000:407eb8382a772e1f;4030600000000000:408b3ca0cbf97827;4043c00000000000:4089450ac7ca1cd2	403594976a807a5d	bits	408acb455ce68ae4			
rt-seed-1936	seeded	seeded-linear	5	LINEAR	0000000000000000:3fcd8dc8db08d178;4038a00000000000:3feaa1ed0b1a2801	40317480441ce7db	bits	0000000000000000			
rt-seed-1937	seeded	seeded-linear	1E+3	LINEAR	0000000000000000:c0559ff6fa388e72;4020400000000000:c0468d02a745a5b7	400064da66079c58	bits	c08f400000000000			
rt-seed-1938	seeded	seeded-linear	0.01	LINEAR	0000000000000000:404dc867c445472c;4021000000000000:404de5b8946febcc;4030c00000000000:4059b98e1b4de556;4037000000000000:4048208c07e32379	0000000000000000	bits	404dc867c445472c			
rt-seed-1939	seeded	seeded-linear	0.5	LINEAR	0000000000000000:bfea66835355c348;4030a00000000000:3fdde5095b81e278;4032000000000000:bfeb2792290c5dbe	4030a00000000000	bits	3fdde5095b81e278			
rt-seed-1940	seeded	seeded-linear	0.123456789012345678901	LINEAR	0000000000000000:3fbc86175c11bd80;4033600000000000:3f96c0d29586c040	401ce113b48fc14e	bits	3fbf9add3746f65f			
rt-seed-1941	seeded	seeded-linear	1E-400	LINEAR	0000000000000000:3feb6b3a9d74e4aa;4036800000000000:3feee5f931b5d6bc	3fd3ca49f023b9bf	bits	3feb77787b7037f2			
rt-seed-1942	seeded	seeded-linear	0.01	LINEAR	0000000000000000:408d1b878368337a;402d400000000000:4083e04a6ae8e34f;403ee00000000000:40662f773e57d8a9;404ae00000000000:40771518755e4b75;404c500000000000:407e739b78fd4f32	402f3766c47cd693	bits	4083026666666666			
rt-seed-1943	seeded	seeded-linear	5	LINEAR	0000000000000000:4043c964093fe842;4011800000000000:405f89ca331a9f49	400e236fbeb817f3	bits	405b800000000000			
rt-seed-1944	seeded	seeded-linear	0.1	LINEAR	0000000000000000:401501a8610e1f6a;4039400000000000:40567078233405ce	4054500000000000	bits	40567078233405ce			
rt-seed-1945	seeded	seeded-linear	0.1	LINEAR	0000000000000000:407afdabd4bf2827;4030400000000000:408f2748d93bdb3d	402597431d1f35b1	bits	408939999999999a			
rt-seed-1946	seeded	seeded-linear	0.123456789012345678901	LINEAR	0000000000000000:3fc0a0852bda6820;402ec00000000000:bfe49781cac8f742	3ff60aca68292599	bits	3fbf9add3746f65f			
rt-seed-1947	seeded	seeded-linear	0.25	LINEAR	0000000000000000:403d2f3ac24e20a0;4033800000000000:4024cca71ec9ee28	402113d6bfa440ad	bits	4035000000000000			
rt-seed-1948	seeded	seeded-linear	0.2	LINEAR	0000000000000000:c05751eb0e517205;4030600000000000:4051c2873918c968;4044b00000000000:c057715896d3f52c;4048400000000000:c0583e33e013c3b9;404c400000000000:4056b9bca08dbec2	40452081fd5a528c	bits	c057800000000000			
rt-seed-1949	seeded	seeded-linear	5	LINEAR	0000000000000000:4044988b993ccd12;3ffa000000000000:4071ece5d654f1da;4035c00000000000:408cfe8f3685d616;4046000000000000:406a5cc4eee2eb71;404e800000000000:405fcdfd68f373c0	40480a673b5e0d7c	bits	4068600000000000			
rt-seed-1950	seeded	seeded-linear	-1	LINEAR	0000000000000000:40580bc566f16800;402bc00000000000:c037cbcb47941e58	400187d908ea2d7d	bits	40534f0a9e91139f			
rt-seed-1951	seeded	seeded-linear	0.001	LINEAR	0000000000000000:c051eb950f77b794;402c400000000000:c04c04a2a10bdb7c	401d13cd4b8d3ab5	bits	c04fd0a3d70a3d71			
rt-seed-1952	seeded	seeded-linear	0.2	LINEAR	0000000000000000:408cd511f7c5e5ed;4031000000000000:4087ba5ef6e87ccd;4034600000000000:40711dfcb1080983	40083f0da57e0354	bits	408beccccccccccd			
rt-seed-1953	seeded	seeded-linear	0.1	LINEAR	0000000000000000:407b4875dcebe0c0;4011800000000000:4078e8a25e12e00d;4034200000000000:408cc09b65f4171f	4011800000000000	bits	4078e8a25e12e00d			
rt-seed-1954	seeded	seeded-linear	0.10	LINEAR	0000000000000000:3fbf1e329e421678;4026400000000000:3fe2947ad78e8402;4033c00000000000:3feb8640d7f5f62b	4045600000000000	bits	3feb8640d7f5f62b			
rt-seed-1955	seeded	seeded-linear	1E-400	LINEAR	0000000000000000:3fe247df5551677e;4032000000000000:3fefe4fb53c01e20;4032800000000000:3fe80491475fb725;4041400000000000:3fed5712fbb17cbe;404c700000000000:3fcd9e7bc101ef84	404a5f4cf1788735	bits	3fd6e87ca0f0b4f0			
rt-seed-1956	seeded	seeded-linear	1E-400	LINEAR	0000000000000000:4043bb17cc530ba7;4035e00000000000:4010f7b3dca08a69;4044a00000000000:4031cfa1f857621f;404be00000000000:404d1b530c0c97e5;404d100000000000:404f18c6e39d7308	0000000000000000	bits	4043bb17cc530ba7			
rt-seed-1957	seeded	seeded-linear	0.123456789012345678901	LINEAR	0000000000000000:4088aa5d960e2f84;402e400000000000:40895096259cbe7a;4044200000000000:408f2100ff37b0c3	40432d67c8885398	bits	408eafcd69fbd697			
rt-seed-1958	seeded	seeded-linear	1	LINEAR	0000000000000000:3fb29c1cd8a86c20;4038c00000000000:bfee04923eda1c2e	4048600000000000	bits	bfee04923eda1c2e			
rt-seed-1959	seeded	seeded-linear	5	LINEAR	0000000000000000:c03c0239590b65e0;4039600000000000:c009a1990b3644c0	40313fea1a0f5d5f	bits	c024000000000000			
rt-seed-1960	seeded	seeded-linear	0.25	LINEAR	0000000000000000:4016bdb3b3d6e7ba;402d000000000000:404baa38d445f060;4039c00000000000:405ea896daa104b5;403fa00000000000:40570ded639308d5;404b200000000000:405efc33f62a3e10	3fd8b426165226de	bits	401c000000000000			
rt-seed-1961	seeded	seeded-linear	0.00	LINEAR	0000000000000000:3fc066da729fc008;4031600000000000:bfc5ace308b9ee40;4032e00000000000:3fe2a995d4dd4c94	0000000000000000	bits	3fc066da729fc008			
rt-seed-1962	seeded	seeded-linear	0.2	LINEAR	0000000000000000:3fe692b738ed18ff;4030400000000000:3fca4707684cd0d4;403ec00000000000:3fe88c4a2dce4e4e	0000000000000000	bits	3fe692b738ed18ff			
rt-seed-1963	seeded	seeded-linear	1E-7	LINEAR	0000000000000000:40572d1eaa43672c;4033800000000000:40447dfac843375c	4026093a28e25752	bits	404fbd9d93fa1d68			
rt-seed-1964	seeded	seeded-linear	0.10	LINEAR	0000000000000000:3fb8b9adcf707410;402fc00000000000:bfebfe837c6fe1e6;4040100000000000:3fc1635c37093f10;4048800000000000:bfd24afb23d5e3d4	4042ea8084509f08	bits	0000000000000000			
rt-seed-1965	seeded	seeded-linear	-1	LINEAR	0000000000000000:4081249c9f47f1ec;4036c00000000000:408047d00b12aa5c;4040600000000000:4058a8383045ecb9;404c300000000000:4068a77ef97e6bc7;4052600000000000:407ec103a4f8054d	4046544e6a9fd6f4	bits	40628aa4d467e3e9			
rt-seed-1966	seeded	seeded-linear	0.10	LINEAR	0000000000000000:40530e2a5524431a;4018800000000000:404223593d824b04;401e800000000000:c04546010db222f1	4017c1762aaae299	bits	4042c00000000000			
rt-seed-1967	seeded	seeded-linear	0.00	LINEAR	0000000000000000:3fe70ae79d0cf522;4034200000000000:3fe782b008a11691;4045d00000000000:3fdba7ac6376f6d4;404e700000000000:3fecd8b446afc19e;4050b00000000000:3fec78915ff862f2	40355eb1688152f1	bits	3fe6ff5f558098e1			
rt-seed-1968	seeded	seeded-linear	5	LINEAR	0000000000000000:4074f89eacd22b33;4021000000000000:407d9ab118fe2f6d;4024c00000000000:40840cd3bfbf86ec;403f200000000000:408d6cbd574db508;4042d00000000000:408e982ea0fa5947	4041ca4c388dd23f	bits	408e280000000000			
rt-seed-1969	seeded	seeded-linear	-1	LINEAR	0000000000000000:4040e98d1d708da3;4028400000000000:40583dcc0f8f7533	3ffee5192ff42008	bits	4045f0a246a29b10			
rt-seed-1970	seeded	seeded-linear	0.001	LINEAR	0000000000000000:40416b2e666dd3d8;4031e00000000000:c046c9b4a4a49764;4045300000000000:40454ad4c5a30cb4;404ba00000000000:40417a9d8a157670;4052600000000000:c049d9636759aa87	403f2d1f7d9ec82f	bits	40024bc6a7ef9db2			
rt-seed-1971	seeded	seeded-linear	0.00	LINEAR	0000000000000000:4046bebd0c08d680;4037e00000000000:4018b6a95702c630;4042200000000000:403532c7591351fc;404ba00000000000:c053d30f2ffd4e33	0000000000000000	bits	4046bebd0c08d680			
rt-seed-1972	seeded	seeded-linear	0.25	LINEAR	0000000000000000:c04dd52ed7846ade;3fe8000000000000:c04d0cf1c3383f08	3fe7f705d04bf935	bits	c04d000000000000			
rt-seed-1973	seeded	seeded-linear	1E-400	LINEAR	0000000000000000:4053be9e6743d8ac;4022c00000000000:402ee9bc62403058;403c400000000000:c0579940519d1c2e;4046500000000000:404fd56954c490a8;404f300000000000:4058dbca4402b008	4042b1ed50fe3ddb	bits	c018ad084c9ddf50			
rt-seed-1974	seeded	seeded-linear	1	LINEAR	0000000000000000:bfe5bdd4b34710d0;4006000000000000:3fb8c28fc6a23f40;4039600000000000:bfe0da3d820f1550;4043300000000000:bfebc2aaacb42ffe;404be00000000000:bfca227d6f59c640	402dd924d9b25511	bits	0000000000000000			
rt-seed-1975	seeded	seeded-linear	5	LINEAR	0000000000000000:bfc0a8dcb12afe40;4034e00000000000:3fe81221fb7cf2d2;4043500000000000:bfbeaa55033efd40;404b900000000000:bfd617e22efa36fc	0000000000000000	bits	bfc0a8dcb12afe40			
rt-seed-1976	seeded	seeded-linear	1E-7	LINEAR	0000000000000000:bfe9c557d9349894;4032600000000000:bfe3e63e1d42e4ca;4042000000000000:bfdb7bd8c67e7de0;4046900000000000:bfd221769ae524dc;404ca00000000000:3fe289786be7cc40	4057900000000000	bits	3fe289786be7cc40			
rt-seed-1977	seeded	seeded-linear	0.1	LINEAR	0000000000000000:4062e20af576190f;4036400000000000:408bca30b10dca55;4042e00000000000:408ae6c9d94bcaf5	0000000000000000	bits	4062e20af576190f			
rt-seed-1978	seeded	seeded-linear	0.10	LINEAR	0000000000000000:408aa70d8cbfc807;3fec000000000000:4088fdb1ce9fc555;401a000000000000:4065b3dddd381fdc;4037c00000000000:402f19595c52df08	40041a9c19a51e5b	bits	40834b3333333333			
rt-seed-1979	seeded	seeded-linear	0	LINEAR	0000000000000000:405be72c082872b6;4025000000000000:4048ddeed0398fed;402b000000000000:3fed89b680baca6a;4038e00000000000:405c3fc9d773af39	403ce00000000000	bits	405c3fc9d773af39			
rt-seed-1980	seeded	seeded-linear	0	LINEAR	0000000000000000:4039970dcea4853c;4030400000000000:c05333b5debbee42;4032000000000000:c00870fdae11b840	40102ed77455f41a	bits	3fb89c4d088a6400			
rt-seed-1981	seeded	seeded-linear	0.5	LINEAR	0000000000000000:405b2224fbc09063;4037400000000000:405a23afcbc0a937;4045400000000000:40305872c5456e52	0000000000000000	bits	405b2224fbc09063			
rt-seed-1982	seeded	seeded-linear	5	LINEAR	0000000000000000:40406449b41e2a4c;4015000000000000:c05266269693bf57;4034600000000000:4050a3b0417702a6	400700f6121eff01	bits	c034000000000000			
rt-seed-1983	seeded	seeded-linear	0.01	LINEAR	0000000000000000:c0507f4e615fe384;4029800000000000:4055431c72e3f47a;4034200000000000:4052c1f652f2fbd6;403a000000000000:c0490d86b98fd6be;4042000000000000:c0579373c5566461	403a000000000000	bits	c0490d86b98fd6be			
rt-seed-1984	seeded	seeded-linear	0.5	LINEAR	0000000000000000:4036c0826bccfec9;4030a00000000000:405b4f021897f15f;4041400000000000:4053789ba927bba2	403b9c757755bfff	bits	4056800000000000			
rt-seed-1985	seeded	seeded-linear	-1	LINEAR	0000000000000000:402374f079c35349;4006000000000000:40527d86a5809b93;400a000000000000:4055541e66ca47c6;4026c00000000000:40551978db00df5c;4041500000000000:4023edb853186a28	403d39660bb071b8	bits	403b413050fe3cf4			
rt-seed-1986	seeded	seeded-linear	1	LINEAR	0000000000000000:4055db071ee5cf5e;4021800000000000:4054e6de6e035524;4037a00000000000:4050192e947ec8d6	4033151b675a9b37	bits	4051c00000000000			
rt-seed-1987	seeded	seeded-linear	0.2	LINEAR	0000000000000000:bfe9069f0ed2a026;4020800000000000:3fed7b2d1abee0fc;402c800000000000:3fc26ad911ca6f98;4032c00000000000:3feadc0f9ac9dec0	4031ab3f29ee26fc	bits	3fe3333333333333			
rt-seed-1988	seeded	seeded-linear	0	LINEAR	0000000000000000:c014c935ed0e28b0;4030a00000000000:c04290f9c727465c;4042700000000000:c050cd7c3055dc7c;4047100000000000:404eee6812fb2690;4047c00000000000:4042036e5760c624	4044bc8dbba09fd5	bits	c00865f301b98140			
rt-seed-1989	seeded	seeded-linear	0.10	LINEAR	0000000000000000:3f9df07c0b16b840;4033400000000000:3fd312b60cc18b54	4031d0083720ab36	bits	3fc999999999999a			
rt-seed-1990	seeded	seeded-linear	0	LINEAR	0000000000000000:405b7f9203501ab0;4034000000000000:403ff3dbc7f4847c;4045200000000000:401e99822be1de84;4047300000000000:4058d5cd6be2746d;404e400000000000:4049b88b0078dde8	4054e00000000000	bits	4049b88b0078dde8			
rt-seed-1991	seeded	seeded-linear	0.001	LINEAR	0000000000000000:405fbd696ed1be2d;4032c00000000000:4050e18a1ec8469a	4032c00000000000	bits	4050e18a1ec8469a			
rt-seed-1992	seeded	seeded-linear	0	LINEAR	0000000000000000:405081e0e224697c;4009000000000000:c053344077cee332;4012800000000000:c04b20c9ff92c6cd;4031600000000000:c041b88cb7ce4476;4041c00000000000:4040e8b44bdfcabc	4006943da7be20e6	bits	c04f7de76b02cac4			
rt-seed-1993	seeded	seeded-linear	1	LINEAR	0000000000000000:40172067064a7d84;401b000000000000:4082199f1df29711;4024400000000000:405abfde83ddd6b7;4041b00000000000:4076bdbf1e7a89aa	402c051244b726bf	bits	4062400000000000			
rt-seed-1994	seeded	seeded-linear	1E-400	LINEAR	0000000000000000:408cabe85cbde40b;4037000000000000:4076156aecc83369;403b800000000000:408960964d0a6f4e	40209e342047d353	bits	40864d779b318dea			
rt-seed-1995	seeded	seeded-linear	0.25	LINEAR	0000000000000000:3fbeb71870943840;4026400000000000:3fc3c2b8ade22698	402095a1d1100a06	bits	0000000000000000			
rt-seed-1996	seeded	seeded-linear	0.00	LINEAR	0000000000000000:403f8435b931f75d;4031e00000000000:405daa6e35b25442;403ea00000000000:40564813522481b4;4040300000000000:405063e44d0f880d;4041c00000000000:40433b5bd089d5f1	4051600000000000	bits	40433b5bd089d5f1			
rt-seed-1997	seeded	seeded-linear	1E-7	LINEAR	0000000000000000:403639b3886dfcf0;401a800000000000:c04eff27c0f202cb;4034800000000000:403062ac1c52fefc;4038c00000000000:c03afb7de5ecf434	40198db907447427	bits	c04d7e2b261e77ba			
rt-seed-1998	seeded	seeded-linear	0.10	LINEAR	0000000000000000:40308117fe9ff768;4025400000000000:404c318095df0290	4025400000000000	bits	404c318095df0290			
rt-seed-1999	seeded	seeded-linear	0.01	LINEAR	0000000000000000:3fc89d7c05d41e08;4021800000000000:3fedc22596bac7d9;4037800000000000:3fbe8b1d13516bb8	402a2b65972ae92f	bits	3fe6666666666666			
rt-seed-2000	seeded	seeded-linear	0.25	LINEAR	0000000000000000:bfa66fd01a1b7860;4035800000000000:bfdbf28835f66cf8;4043800000000000:3fe4f4e6a0568014;404fd00000000000:bfc0668ac405ca48;4053d80000000000:bfd71020a7d53d9c	0000000000000000	bits	bfa66fd01a1b7860			
rt-seed-2001	seeded	seeded-linear	0.25	LINEAR	0000000000000000:3fdaa361d2360a8c;402d400000000000:bfed1203442133a4;403d400000000000:bfb31257d5a94140	402d400000000000	bits	bfed1203442133a4			
rt-seed-2002	seeded	seeded-linear	0.01	LINEAR	0000000000000000:402ad02198a1ac78;3fe8000000000000:c04b52888733bb42;4038400000000000:4055468cc9a5469c;4044d00000000000:401a1dc0b9dd5bb0;404c900000000000:40517c8127570c2e	404a08a39e393581	bits	4048a00000000000			
rt-seed-2003	seeded	seeded-linear	1E-7	LINEAR	0000000000000000:c05387cbad39be0e;402d000000000000:40413c8979f6e4bc	4028ab36cbf6da7e	bits	4031a8205ff1d81f			
rt-seed-2004	seeded	seeded-linear	1E+3	LINEAR	0000000000000000:405910204b99312e;4031600000000000:4056ac8c43b19ed8;403c600000000000:40843474b9e02ba3;4040600000000000:405e91e94c922dd2	403e9dcf8af872d0	bits	408f400000000000			
rt-seed-2005	seeded	seeded-linear	1E+3	LINEAR	0000000000000000:4068e7a5dbab7afd;402c800000000000:4081cb59593c0b34;4039c00000000000:408e9fb9eefd585f;4044900000000000:4085646412f46ee7;4048100000000000:4088c5011b6591c0	405b480000000000	bits	4088c5011b6591c0			
rt-seed-2006	seeded	seeded-linear	1E-7	LINEAR	0000000000000000:40858347182d2489;4021400000000000:407da17bae001ebc	0000000000000000	bits	40858347182d2489			
rt-seed-2007	seeded	seeded-linear	0.2	LINEAR	0000000000000000:4051985f106d6b87;4028400000000000:405f4744c39e6f55;402ec00000000000:40406a6a6ebffcb8	40080e1d7b994136	bits	4054f33333333333			
rt-seed-2008	seeded	seeded-linear	0.123456789012345678901	LINEAR	0000000000000000:bfe96801f595d7a0;4029c00000000000:bfc9d71a928d9ce0;4034c00000000000:3fedee9e64273a76;4037200000000000:bfe806ee25647bf0;4047700000000000:bfb82d83ae196060	402805149d353112	bits	bfbf9add3746f65f			
rt-seed-2009	seeded	seeded-linear	1	LINEAR	0000000000000000:4086b70fadf4f20d;4024000000000000:406fe3a369aff9fb	4019b8cf3e32ff20	bits	407a800000000000			
rt-seed-2010	seeded	seeded-linear	0.123456789012345678901	LINEAR	0000000000000000:40255af216854f9e;401e000000000000:40518642bc7ba459;4020400000000000:405a4bb625764e02;4037200000000000:40585c1fac8cc986	40314ca57cc77b8a	bits	40591f9ad970e8d9			
rt-seed-2011	seeded	seeded-linear	1E-7	LINEAR	0000000000000000:403f86b9e9e05a0c;4015000000000000:40311d2a48defda8	3fe5f520e98bf724	bits	403da4808779dc65			
rt-seed-2012	seeded	seeded-linear	5	LINEAR	0000000000000000:3fef525133419a69;4034200000000000:40532886c4c263fe;4045c00000000000:402bc19584c953eb;4048b00000000000:40509309131728dd;404bc00000000000:403d51b5ea68ea4c	404167caf71fa47c	bits	4044000000000000			
rt-seed-2013	seeded	seeded-linear	0.00	LINEAR	0000000000000000:3fee3386f3b73fd7;401e000000000000:3fbc245c03fa4080	401306385bdcd2aa	bits	3fda8f696ae4a846			
rt-seed-2014	seeded	seeded-linear	0.01	LINEAR	0000000000000000:bfedf44103a9a332;4037a00000000000:3fe9ee6e3ff16b48	40254aad43114eee	bits	bfc3333333333333			
rt-seed-2015	seeded	seeded-linear	0.00	LINEAR	0000000000000000:4050b3fde62b61e5;401a800000000000:404a96bf8ac650ff;403c000000000000:4012da203c915f30;4049c00000000000:4029943b38fd69ba	0000000000000000	bits	4050b3fde62b61e5			
rt-seed-2016	seeded	seeded-linear	0.001	LINEAR	0000000000000000:4042c0c98954b468;4030400000000000:40029059c9057cb3;4031000000000000:401e072d64b9e3ce	4030697d3be7d5f0	bits	400b872b020c49ba			
rt-seed-2017	seeded	seeded-linear	0.5	LINEAR	0000000000000000:40402b07132aeac4;3ffa000000000000:c057597c5ac1e42b;4012000000000000:c0332dade98de1a8;403a400000000000:40560b7a26dd6330;4040600000000000:4034a11ae93dffd0	403cc1e0748d0613	bits	404f400000000000			
rt-seed-2018	seeded	seeded-linear	-1	LINEAR	0000000000000000:3fc650c9ce29ca28;4003000000000000:bfd44d0b5859e7c4	4035600000000000	bits	bfd44d0b5859e7c4			
rt-seed-2019	seeded	seeded-linear	0.10	LINEAR	0000000000000000:3fe0874971e14c2e;4020000000000000:3fea0f6c2c8df426;4035000000000000:3fd2f731dd3ddc20;4042a00000000000:3fd6543b9323fcec;4047c00000000000:3fd28e4a0b7186b2	403ef801919afbcd	bits	3fd3333333333333			
rt-seed-2020	seeded	seeded-linear	0.01	LINEAR	0000000000000000:406f42ab07971756;401a800000000000:40854dd53fd1beae;4038000000000000:4083915f5df9ab12	403342b199b51b7e	bits	40840aa3d70a3d71			
rt-seed-2021	seeded	seeded-linear	1	LINEAR	0000000000000000:404fdb94d6d01d88;4036e00000000000:c013084af82bf170	4010b1d7b1403f69	bits	404a000000000000			
rt-seed-2022	seeded	seeded-linear	0.5	LINEAR	0000000000000000:406213dd36379b9d;4021c00000000000:408201df56efaa75;4026400000000000:4087f63b54206b6f;4035800000000000:40845d9bac31236b	402a2abd8df47c16	bits	40874c0000000000			
rt-seed-2023	seeded	seeded-linear	5	LINEAR	0000000000000000:4045d04d63c8e1e9;402fc00000000000:405515a87859180e;403e400000000000:4050a6b712377515	4002ad3f1e25f54b	bits	4046800000000000			
rt-seed-2024	seeded	seeded-linear	0.00	LINEAR	0000000000000000:c03cfb2e6199acec;402ec00000000000:403fdb267e3b4120;403c800000000000:405454013652fc68	4056e00000000000	bits	405454013652fc68			
rt-seed-2025	seeded	seeded-linear	5	LINEAR	0000000000000000:3fe80f2794bf5b88;3fe4000000000000:3fe4f9674ad9a24b	3fc076390ed2d1e4	bits	4014000000000000			
rt-seed-2026	seeded	seeded-linear	0.5	LINEAR	0000000000000000:404d4a36f37e9da9;4013800000000000:4040d76efe2ab1c8;403c200000000000:40561df81cb1f82d;404a400000000000:405a7252c8989a84	402c4baad31ac447	bits	404bc00000000000			
rt-seed-2027	seeded	seeded-linear	1E+3	LINEAR	0000000000000000:bf18094762878000;4004000000000000:3fed080c7c8e861a	3ff0ddf569b5f8d0	bits	0000000000000000			
rt-seed-2028	seeded	seeded-linear	1E+3	LINEAR	0000000000000000:408bbf5ef15a12d9;4017000000000000:403bc5f420cbce50;4020800000000000:4050df7c727dbdd5;4040200000000000:408c21d8ee761196	403c8fdbd071addd	bits	0000000000000000			
rt-seed-2029	seeded	seeded-linear	0.123456789012345678901	LINEAR	0000000000000000:c031e3775a3f3afc;401a000000000000:c050a4d4d2a51510;402e800000000000:c04eae5ac4939ed0;403f800000000000:c04e6e73a31c1f2e	40332445221a5a33	bits	c04e9e064d8cbeac			
rt-seed-2030	seeded	seeded-linear	-1	LINEAR	0000000000000000:bfe53ac1acb9a85e;402c400000000000:bfede4699db8d148;4041000000000000:bfe8468ddb2086ae;4042500000000000:3f8980a96824a480;4046100000000000:bfd46c620965c148	403947f01c26169a	bits	bfeabd548fde9d13			
rt-seed-2031	seeded	seeded-linear	1E-7	LINEAR	0000000000000000:4040227547155bb9;400e000000000000:4029f87007c21a83;403a400000000000:405b889763a6a41d;4041200000000000:4019cdb3622a6af2;4045b00000000000:405a678888a06580	4037738227ab0724	bits	4058832fb6a6f09a			
rt-seed-2032	seeded	seeded-linear	0.10	LINEAR	0000000000000000:3fe2a81f71d8ca3a;4027400000000000:bfee576c570562fa;4037e00000000000:bfec39632c101942;4044d00000000000:3fb2c6165bc1c010;404e100000000000:3f9bcad0ccfc2300	4048b19fdc40a028	bits	3fb999999999999a			
rt-seed-2033	seeded	seeded-linear	1E-7	LINEAR	0000000000000000:4049dbb3935efdac;400b000000000000:c0510ad6e4cb48ce	0000000000000000	bits	4049dbb3935efdac			
rt-seed-2034	seeded	seeded-linear	0.001	LINEAR	0000000000000000:c04aedcfcaf9b826;401c800000000000:3fddffb4a5b6cc00	3fec7f1a18f3814e	bits	c04788b439581062			
rt-seed-2035	seeded	seeded-linear	0.10	LINEAR	0000000000000000:3fe334d7e5da9202;4036000000000000:bfe5c377eefee97a;4045a00000000000:3fe3204fcae8e02e	40236e4f39c4930d	bits	3fb999999999999a			
rt-seed-2036	seeded	seeded-linear	0.001	LINEAR	0000000000000000:c05377920dcb38ba;3fe4000000000000:c0264be092ea0ba0;4020400000000000:403aeaf8e41109d0;402a400000000000:c04db5f67438305e	401742b968b7b3d3	bits	402e6353f7ced917			
rt-seed-2037	seeded	seeded-linear	5	LINEAR	0000000000000000:4010b0815dacff55;402f000000000000:404f4695261b526d	401081179fd77975	bits	402e000000000000			
rt-seed-2038	seeded	seeded-linear	1E+3	LINEAR	0000000000000000:bfd466d136c50088;4027800000000000:bfdbff2a9a32f1c0;4031800000000000:bfe761e55851ed62	400c7e400a4be379	bits	0000000000000000			
rt-seed-2039	seeded	seeded-linear	1	LINEAR	0000000000000000:3fd8f8d28df8e454;4016800000000000:bfe6b7f252f615ce;4035c00000000000:bfe65229e7f62834;403fa00000000000:bfe1c67aee6ddcb6;404b400000000000:bfc192cc8cf57a18	3fc132749915ba58	bits	3ff0000000000000			
rt-seed-2040	seeded	seeded-linear	0.01	LINEAR	0000000000000000:3fe6de3d65403882;4037200000000000:3fe6d1f3c0ac4f94	4028335fcd3aa029	bits	3fe70a3d70a3d70a			
rt-seed-2041	seeded	seeded-linear	0.01	LINEAR	0000000000000000:c0585ad54c96ac44;4018800000000000:404693032759ff28;403cc00000000000:c01a2dd764323b50;403fa00000000000:c0438a76a552e587;4040800000000000:c0568b6fc689349c	0000000000000000	bits	c0585ad54c96ac44			
rt-seed-2042	seeded	seeded-linear	1	LINEAR	0000000000000000:4050072782dfb747;401f000000000000:401b52e04be7c1cb;402e400000000000:401b2bbf9ca5480b;4031c00000000000:405bfedb278574d9;4040700000000000:4055d49896a8c546	40382b9847f08026	bits	4059800000000000			
rt-seed-2043	seeded	seeded-linear	0.10	LINEAR	0000000000000000:4057a168c1464b8f;4003000000000000:40364086ef2b3758;4035a00000000000:402b985f0c20546c;4044000000000000:3ff376492bd5f026	4044000000000000	bits	3ff376492bd5f026			
rt-seed-2044	seeded	seeded-linear	0.5	LINEAR	0000000000000000:403ec357c435f6bd;4031000000000000:405490b6b64e453c;4036c00000000000:4047ada4e9270418;403e800000000000:402fd3e4c37317e2;403f200000000000:4055b1da07052d48	402a88df3694bcd9	bits	4051a00000000000			
rt-seed-2045	seeded	seeded-linear	0	LINEAR	0000000000000000:3fb3c2ca3ce9d718;402c400000000000:3fc254daad96a3f0	4011b8a70cdd00e6	bits	3fb90fef01f546b4			
rt-seed-2046	seeded	seeded-linear	-1	LINEAR	0000000000000000:406b6775907ad91c;4034200000000000:406f9ad6f3d6f519;403f000000000000:40849658797ad507	4039e6a8124712e8	bits	407d473b3d6d8a50			
rt-seed-2047	seeded	seeded-linear	0.1	LINEAR	0000000000000000:408efb236dba48ec;401a000000000000:4085337f382dd655	40102dee91c5125e	bits	4088e5999999999a			
rt-seed-2048	seeded	seeded-linear	1E-400	LINEAR	0000000000000000:c03ec2f29a6cb700;3ff2000000000000:403328ad3fc0b340;4038000000000000:4042787b1215d7a8;403f400000000000:40482bbf17cf1ab8	40315707cbd79480	bits	403fc3914bc13d01			
